Plan_Rental,Plan_Rental_GST,Plan_Type,Plan_Name,Go_Live_Date,Pack_Closure_Date,Active_Inactive,Go_Live_Circle,Plan_Brief,Plan_SOC_ID,Category,Category_Name,Category_Value,Plan_ID,Product_Type,Customer_Type,Segment,Brand,Operator,Validity_Days,Data_Benefit,Daily_Data_Limit,Total_Data_Limit,Data_Unit,Voice_Benefit,SMS_Benefit,SMS_Limit,5G_Eligible,4G_Eligible,OTT_Benefit,OTT_Platform,Roaming_Benefit,ISD_Benefit,Night_Data,Weekend_Data,Data_Rollover,Speed_Post_Limit,Activation_Channel,Recharge_Channel,Market,Circle_Count,Launch_Quarter,Closure_Reason,Plan_Status,Auto_Renewal,FUP_Limit,FUP_Speed,Additional_Benefits,Created_Date,Last_Updated_Date
99,₹99.00 (GST Inclusive @18% | Base ₹83.90 + GST ₹15.10),Voice,Vi Hero Unlimited 99,26-Oct-25,NA,Active,"ANE, APR, BIH, DEL, GUJ, HAR, HP, J&K, KAR, KER, KOL, MAH, MPCG, MUM, NE, ORI, PUN, RAJ, ROB, TN, UPE, UPW, WB",PAYG Calls | 0.2GB Total (Full Validity),26100564,1.Telco Benefits,1.Voice,Pay-As-You-Go Calls @ 1.5p/sec (Talktime ₹99),PLN-PRE-00001,Prepaid,Retail,Entry,Vi Hero Unlimited,Vodafone Idea,18,0.2GB Total (Full Validity),NA,0.2,GB,Pay-As-You-Go Calls,No SMS Benefit,0,No,Yes,No,NA,Free National Roaming,NA,NA,NA,No,64 Kbps,Call Center,Retail Outlet | Cash,Pan India,23,Q3 FY2025-26,NA,Live,Yes,0.2GB/Validity,64 Kbps,Vi Movies & TV Access,13-Aug-25,14-Jun-26
99,₹99.00 (GST Inclusive @18% | Base ₹83.90 + GST ₹15.10),Voice,Vi Hero Unlimited 99,26-Oct-25,NA,Active,"ANE, APR, BIH, DEL, GUJ, HAR, HP, J&K, KAR, KER, KOL, MAH, MPCG, MUM, NE, ORI, PUN, RAJ, ROB, TN, UPE, UPW, WB",PAYG Calls | 0.2GB Total (Full Validity),26100564,1.Telco Benefits,2.Data,0.2GB Data Pack (Validity Based),PLN-PRE-00001,Prepaid,Retail,Entry,Vi Hero Unlimited,Vodafone Idea,18,0.2GB Total (Full Validity),NA,0.2,GB,Pay-As-You-Go Calls,No SMS Benefit,0,No,Yes,No,NA,Free National Roaming,NA,NA,NA,No,64 Kbps,Call Center,Retail Outlet | Cash,Pan India,23,Q3 FY2025-26,NA,Live,Yes,0.2GB/Validity,64 Kbps,Vi Movies & TV Access,13-Aug-25,14-Jun-26
99,₹99.00 (GST Inclusive @18% | Base ₹83.90 + GST ₹15.10),Voice,Vi Hero Unlimited 99,26-Oct-25,NA,Active,"ANE, APR, BIH, DEL, GUJ, HAR, HP, J&K, KAR, KER, KOL, MAH, MPCG, MUM, NE, ORI, PUN, RAJ, ROB, TN, UPE, UPW, WB",PAYG Calls | 0.2GB Total (Full Validity),26100564,1.Telco Benefits,4.Validity,Pack Valid for 18 Days,PLN-PRE-00001,Prepaid,Retail,Entry,Vi Hero Unlimited,Vodafone Idea,18,0.2GB Total (Full Validity),NA,0.2,GB,Pay-As-You-Go Calls,No SMS Benefit,0,No,Yes,No,NA,Free National Roaming,NA,NA,NA,No,64 Kbps,Call Center,Retail Outlet | Cash,Pan India,23,Q3 FY2025-26,NA,Live,Yes,0.2GB/Validity,64 Kbps,Vi Movies & TV Access,13-Aug-25,14-Jun-26
99,₹99.00 (GST Inclusive @18% | Base ₹83.90 + GST ₹15.10),Voice,Vi Hero Unlimited 99,26-Oct-25,NA,Active,"ANE, APR, BIH, DEL, GUJ, HAR, HP, J&K, KAR, KER, KOL, MAH, MPCG, MUM, NE, ORI, PUN, RAJ, ROB, TN, UPE, UPW, WB",PAYG Calls | 0.2GB Total (Full Validity),26100564,1.Telco Benefits,5.FUP,"FUP Limit 0.2GB/Validity, Throttled to 64 Kbps Thereafter",PLN-PRE-00001,Prepaid,Retail,Entry,Vi Hero Unlimited,Vodafone Idea,18,0.2GB Total (Full Validity),NA,0.2,GB,Pay-As-You-Go Calls,No SMS Benefit,0,No,Yes,No,NA,Free National Roaming,NA,NA,NA,No,64 Kbps,Call Center,Retail Outlet | Cash,Pan India,23,Q3 FY2025-26,NA,Live,Yes,0.2GB/Validity,64 Kbps,Vi Movies & TV Access,13-Aug-25,14-Jun-26
99,₹99.00 (GST Inclusive @18% | Base ₹83.90 + GST ₹15.10),Voice,Vi Hero Unlimited 99,26-Oct-25,NA,Active,"ANE, APR, BIH, DEL, GUJ, HAR, HP, J&K, KAR, KER, KOL, MAH, MPCG, MUM, NE, ORI, PUN, RAJ, ROB, TN, UPE, UPW, WB",PAYG Calls | 0.2GB Total (Full Validity),26100564,3.Roaming Benefits,1.Roaming,Free National Roaming (Incoming+Outgoing),PLN-PRE-00001,Prepaid,Retail,Entry,Vi Hero Unlimited,Vodafone Idea,18,0.2GB Total (Full Validity),NA,0.2,GB,Pay-As-You-Go Calls,No SMS Benefit,0,No,Yes,No,NA,Free National Roaming,NA,NA,NA,No,64 Kbps,Call Center,Retail Outlet | Cash,Pan India,23,Q3 FY2025-26,NA,Live,Yes,0.2GB/Validity,64 Kbps,Vi Movies & TV Access,13-Aug-25,14-Jun-26
99,₹99.00 (GST Inclusive @18% | Base ₹83.90 + GST ₹15.10),Voice,Vi Hero Unlimited 99,26-Oct-25,NA,Active,"ANE, APR, BIH, DEL, GUJ, HAR, HP, J&K, KAR, KER, KOL, MAH, MPCG, MUM, NE, ORI, PUN, RAJ, ROB, TN, UPE, UPW, WB",PAYG Calls | 0.2GB Total (Full Validity),26100564,5.Additional Benefits,1.Additional Benefits,Vi Movies & TV Access,PLN-PRE-00001,Prepaid,Retail,Entry,Vi Hero Unlimited,Vodafone Idea,18,0.2GB Total (Full Validity),NA,0.2,GB,Pay-As-You-Go Calls,No SMS Benefit,0,No,Yes,No,NA,Free National Roaming,NA,NA,NA,No,64 Kbps,Call Center,Retail Outlet | Cash,Pan India,23,Q3 FY2025-26,NA,Live,Yes,0.2GB/Validity,64 Kbps,Vi Movies & TV Access,13-Aug-25,14-Jun-26
149,₹149.00 (GST Inclusive @18% | Base ₹126.27 + GST ₹22.73),Unlimited,Vi Hero Unlimited 149,01-Aug-25,NA,Active,"ANE, APR, BIH, DEL, GUJ, HAR, HP, J&K, KAR, KER, KOL, MAH, MPCG, MUM, NE, ORI, PUN, RAJ, ROB, TN, UPE, UPW, WB",UL Calls | 1GB/Day High-Speed Data | 100 SMS/Day,26101189,1.Telco Benefits,1.Voice,Unlimited Calls (Local+STD+NR),PLN-PRE-00002,Prepaid,Retail,Entry,Vi Hero Unlimited,Vodafone Idea,20,1GB/Day High-Speed Data,1,20,GB,Unlimited Calls (Local+STD+NR),100 SMS/Day,2000,No,Yes,No,NA,Free National Roaming,NA,NA,NA,No,64 Kbps,Retail Outlet,MyApp | UPI,Pan India,23,Q2 FY2025-26,NA,Live,Yes,1GB/Day,64 Kbps,Vi Movies & TV Access,24-Jun-25,18-Sep-25
149,₹149.00 (GST Inclusive @18% | Base ₹126.27 + GST ₹22.73),Unlimited,Vi Hero Unlimited 149,01-Aug-25,NA,Active,"ANE, APR, BIH, DEL, GUJ, HAR, HP, J&K, KAR, KER, KOL, MAH, MPCG, MUM, NE, ORI, PUN, RAJ, ROB, TN, UPE, UPW, WB",UL Calls | 1GB/Day High-Speed Data | 100 SMS/Day,26101189,1.Telco Benefits,2.Data,1GB/Day High-Speed Data,PLN-PRE-00002,Prepaid,Retail,Entry,Vi Hero Unlimited,Vodafone Idea,20,1GB/Day High-Speed Data,1,20,GB,Unlimited Calls (Local+STD+NR),100 SMS/Day,2000,No,Yes,No,NA,Free National Roaming,NA,NA,NA,No,64 Kbps,Retail Outlet,MyApp | UPI,Pan India,23,Q2 FY2025-26,NA,Live,Yes,1GB/Day,64 Kbps,Vi Movies & TV Access,24-Jun-25,18-Sep-25
149,₹149.00 (GST Inclusive @18% | Base ₹126.27 + GST ₹22.73),Unlimited,Vi Hero Unlimited 149,01-Aug-25,NA,Active,"ANE, APR, BIH, DEL, GUJ, HAR, HP, J&K, KAR, KER, KOL, MAH, MPCG, MUM, NE, ORI, PUN, RAJ, ROB, TN, UPE, UPW, WB",UL Calls | 1GB/Day High-Speed Data | 100 SMS/Day,26101189,1.Telco Benefits,2.Data,Post Daily FUP Speed: 64 Kbps,PLN-PRE-00002,Prepaid,Retail,Entry,Vi Hero Unlimited,Vodafone Idea,20,1GB/Day High-Speed Data,1,20,GB,Unlimited Calls (Local+STD+NR),100 SMS/Day,2000,No,Yes,No,NA,Free National Roaming,NA,NA,NA,No,64 Kbps,Retail Outlet,MyApp | UPI,Pan India,23,Q2 FY2025-26,NA,Live,Yes,1GB/Day,64 Kbps,Vi Movies & TV Access,24-Jun-25,18-Sep-25
149,₹149.00 (GST Inclusive @18% | Base ₹126.27 + GST ₹22.73),Unlimited,Vi Hero Unlimited 149,01-Aug-25,NA,Active,"ANE, APR, BIH, DEL, GUJ, HAR, HP, J&K, KAR, KER, KOL, MAH, MPCG, MUM, NE, ORI, PUN, RAJ, ROB, TN, UPE, UPW, WB",UL Calls | 1GB/Day High-Speed Data | 100 SMS/Day,26101189,1.Telco Benefits,3.SMS,100 SMS Per Day,PLN-PRE-00002,Prepaid,Retail,Entry,Vi Hero Unlimited,Vodafone Idea,20,1GB/Day High-Speed Data,1,20,GB,Unlimited Calls (Local+STD+NR),100 SMS/Day,2000,No,Yes,No,NA,Free National Roaming,NA,NA,NA,No,64 Kbps,Retail Outlet,MyApp | UPI,Pan India,23,Q2 FY2025-26,NA,Live,Yes,1GB/Day,64 Kbps,Vi Movies & TV Access,24-Jun-25,18-Sep-25
149,₹149.00 (GST Inclusive @18% | Base ₹126.27 + GST ₹22.73),Unlimited,Vi Hero Unlimited 149,01-Aug-25,NA,Active,"ANE, APR, BIH, DEL, GUJ, HAR, HP, J&K, KAR, KER, KOL, MAH, MPCG, MUM, NE, ORI, PUN, RAJ, ROB, TN, UPE, UPW, WB",UL Calls | 1GB/Day High-Speed Data | 100 SMS/Day,26101189,1.Telco Benefits,4.Validity,Validity: 20 Days,PLN-PRE-00002,Prepaid,Retail,Entry,Vi Hero Unlimited,Vodafone Idea,20,1GB/Day High-Speed Data,1,20,GB,Unlimited Calls (Local+STD+NR),100 SMS/Day,2000,No,Yes,No,NA,Free National Roaming,NA,NA,NA,No,64 Kbps,Retail Outlet,MyApp | UPI,Pan India,23,Q2 FY2025-26,NA,Live,Yes,1GB/Day,64 Kbps,Vi Movies & TV Access,24-Jun-25,18-Sep-25
149,₹149.00 (GST Inclusive @18% | Base ₹126.27 + GST ₹22.73),Unlimited,Vi Hero Unlimited 149,01-Aug-25,NA,Active,"ANE, APR, BIH, DEL, GUJ, HAR, HP, J&K, KAR, KER, KOL, MAH, MPCG, MUM, NE, ORI, PUN, RAJ, ROB, TN, UPE, UPW, WB",UL Calls | 1GB/Day High-Speed Data | 100 SMS/Day,26101189,1.Telco Benefits,5.FUP,Post 1GB/Day FUP - Speed Reduced to 64 Kbps,PLN-PRE-00002,Prepaid,Retail,Entry,Vi Hero Unlimited,Vodafone Idea,20,1GB/Day High-Speed Data,1,20,GB,Unlimited Calls (Local+STD+NR),100 SMS/Day,2000,No,Yes,No,NA,Free National Roaming,NA,NA,NA,No,64 Kbps,Retail Outlet,MyApp | UPI,Pan India,23,Q2 FY2025-26,NA,Live,Yes,1GB/Day,64 Kbps,Vi Movies & TV Access,24-Jun-25,18-Sep-25
149,₹149.00 (GST Inclusive @18% | Base ₹126.27 + GST ₹22.73),Unlimited,Vi Hero Unlimited 149,01-Aug-25,NA,Active,"ANE, APR, BIH, DEL, GUJ, HAR, HP, J&K, KAR, KER, KOL, MAH, MPCG, MUM, NE, ORI, PUN, RAJ, ROB, TN, UPE, UPW, WB",UL Calls | 1GB/Day High-Speed Data | 100 SMS/Day,26101189,3.Roaming Benefits,1.Roaming,Domestic Roaming Free (In & Out),PLN-PRE-00002,Prepaid,Retail,Entry,Vi Hero Unlimited,Vodafone Idea,20,1GB/Day High-Speed Data,1,20,GB,Unlimited Calls (Local+STD+NR),100 SMS/Day,2000,No,Yes,No,NA,Free National Roaming,NA,NA,NA,No,64 Kbps,Retail Outlet,MyApp | UPI,Pan India,23,Q2 FY2025-26,NA,Live,Yes,1GB/Day,64 Kbps,Vi Movies & TV Access,24-Jun-25,18-Sep-25
149,₹149.00 (GST Inclusive @18% | Base ₹126.27 + GST ₹22.73),Unlimited,Vi Hero Unlimited 149,01-Aug-25,NA,Active,"ANE, APR, BIH, DEL, GUJ, HAR, HP, J&K, KAR, KER, KOL, MAH, MPCG, MUM, NE, ORI, PUN, RAJ, ROB, TN, UPE, UPW, WB",UL Calls | 1GB/Day High-Speed Data | 100 SMS/Day,26101189,5.Additional Benefits,1.Additional Benefits,Vi Movies & TV Access,PLN-PRE-00002,Prepaid,Retail,Entry,Vi Hero Unlimited,Vodafone Idea,20,1GB/Day High-Speed Data,1,20,GB,Unlimited Calls (Local+STD+NR),100 SMS/Day,2000,No,Yes,No,NA,Free National Roaming,NA,NA,NA,No,64 Kbps,Retail Outlet,MyApp | UPI,Pan India,23,Q2 FY2025-26,NA,Live,Yes,1GB/Day,64 Kbps,Vi Movies & TV Access,24-Jun-25,18-Sep-25
179,₹179.00 (GST Inclusive @18% | Base ₹151.69 + GST ₹27.31),Voice,Vi Hero Unlimited 179,11-May-25,NA,Active,"ANE, APR, KAR, KER, TN",UL Calls | 2GB Total (Full Validity) | 300 SMS,26101899,1.Telco Benefits,1.Voice,Unlimited Voice (L+STD+NR),PLN-PRE-00003,Prepaid,Retail,Entry,Vi Hero Unlimited,Vodafone Idea,28,2GB Total (Full Validity),NA,2,GB,Unlimited Calls (Local+STD+NR),300 SMS (Full Validity),300,No,Yes,No,NA,Free National Roaming,NA,NA,NA,No,64 Kbps,Retail Outlet,MyApp | Debit Card,South,5,Q1 FY2025-26,NA,Live,Yes,2GB/Validity,64 Kbps,Vi Movies & TV Access,28-Feb-25,10-Apr-26
179,₹179.00 (GST Inclusive @18% | Base ₹151.69 + GST ₹27.31),Voice,Vi Hero Unlimited 179,11-May-25,NA,Active,"ANE, APR, KAR, KER, TN",UL Calls | 2GB Total (Full Validity) | 300 SMS,26101899,1.Telco Benefits,2.Data,2GB Total (Full Validity),PLN-PRE-00003,Prepaid,Retail,Entry,Vi Hero Unlimited,Vodafone Idea,28,2GB Total (Full Validity),NA,2,GB,Unlimited Calls (Local+STD+NR),300 SMS (Full Validity),300,No,Yes,No,NA,Free National Roaming,NA,NA,NA,No,64 Kbps,Retail Outlet,MyApp | Debit Card,South,5,Q1 FY2025-26,NA,Live,Yes,2GB/Validity,64 Kbps,Vi Movies & TV Access,28-Feb-25,10-Apr-26
179,₹179.00 (GST Inclusive @18% | Base ₹151.69 + GST ₹27.31),Voice,Vi Hero Unlimited 179,11-May-25,NA,Active,"ANE, APR, KAR, KER, TN",UL Calls | 2GB Total (Full Validity) | 300 SMS,26101899,1.Telco Benefits,3.SMS,300 SMS (Full Validity),PLN-PRE-00003,Prepaid,Retail,Entry,Vi Hero Unlimited,Vodafone Idea,28,2GB Total (Full Validity),NA,2,GB,Unlimited Calls (Local+STD+NR),300 SMS (Full Validity),300,No,Yes,No,NA,Free National Roaming,NA,NA,NA,No,64 Kbps,Retail Outlet,MyApp | Debit Card,South,5,Q1 FY2025-26,NA,Live,Yes,2GB/Validity,64 Kbps,Vi Movies & TV Access,28-Feb-25,10-Apr-26
179,₹179.00 (GST Inclusive @18% | Base ₹151.69 + GST ₹27.31),Voice,Vi Hero Unlimited 179,11-May-25,NA,Active,"ANE, APR, KAR, KER, TN",UL Calls | 2GB Total (Full Validity) | 300 SMS,26101899,1.Telco Benefits,4.Validity,28 Days Validity,PLN-PRE-00003,Prepaid,Retail,Entry,Vi Hero Unlimited,Vodafone Idea,28,2GB Total (Full Validity),NA,2,GB,Unlimited Calls (Local+STD+NR),300 SMS (Full Validity),300,No,Yes,No,NA,Free National Roaming,NA,NA,NA,No,64 Kbps,Retail Outlet,MyApp | Debit Card,South,5,Q1 FY2025-26,NA,Live,Yes,2GB/Validity,64 Kbps,Vi Movies & TV Access,28-Feb-25,10-Apr-26
179,₹179.00 (GST Inclusive @18% | Base ₹151.69 + GST ₹27.31),Voice,Vi Hero Unlimited 179,11-May-25,NA,Active,"ANE, APR, KAR, KER, TN",UL Calls | 2GB Total (Full Validity) | 300 SMS,26101899,1.Telco Benefits,5.FUP,Post 2GB/Validity FUP - Speed Reduced to 64 Kbps,PLN-PRE-00003,Prepaid,Retail,Entry,Vi Hero Unlimited,Vodafone Idea,28,2GB Total (Full Validity),NA,2,GB,Unlimited Calls (Local+STD+NR),300 SMS (Full Validity),300,No,Yes,No,NA,Free National Roaming,NA,NA,NA,No,64 Kbps,Retail Outlet,MyApp | Debit Card,South,5,Q1 FY2025-26,NA,Live,Yes,2GB/Validity,64 Kbps,Vi Movies & TV Access,28-Feb-25,10-Apr-26
179,₹179.00 (GST Inclusive @18% | Base ₹151.69 + GST ₹27.31),Voice,Vi Hero Unlimited 179,11-May-25,NA,Active,"ANE, APR, KAR, KER, TN",UL Calls | 2GB Total (Full Validity) | 300 SMS,26101899,3.Roaming Benefits,1.Roaming,Free National Roaming (Incoming+Outgoing),PLN-PRE-00003,Prepaid,Retail,Entry,Vi Hero Unlimited,Vodafone Idea,28,2GB Total (Full Validity),NA,2,GB,Unlimited Calls (Local+STD+NR),300 SMS (Full Validity),300,No,Yes,No,NA,Free National Roaming,NA,NA,NA,No,64 Kbps,Retail Outlet,MyApp | Debit Card,South,5,Q1 FY2025-26,NA,Live,Yes,2GB/Validity,64 Kbps,Vi Movies & TV Access,28-Feb-25,10-Apr-26
179,₹179.00 (GST Inclusive @18% | Base ₹151.69 + GST ₹27.31),Voice,Vi Hero Unlimited 179,11-May-25,NA,Active,"ANE, APR, KAR, KER, TN",UL Calls | 2GB Total (Full Validity) | 300 SMS,26101899,5.Additional Benefits,1.Additional Benefits,Vi Movies & TV Access,PLN-PRE-00003,Prepaid,Retail,Entry,Vi Hero Unlimited,Vodafone Idea,28,2GB Total (Full Validity),NA,2,GB,Unlimited Calls (Local+STD+NR),300 SMS (Full Validity),300,No,Yes,No,NA,Free National Roaming,NA,NA,NA,No,64 Kbps,Retail Outlet,MyApp | Debit Card,South,5,Q1 FY2025-26,NA,Live,Yes,2GB/Validity,64 Kbps,Vi Movies & TV Access,28-Feb-25,10-Apr-26
199,₹199.00 (GST Inclusive @18% | Base ₹168.64 + GST ₹30.36),Unlimited,Vi Hero Unlimited 199,20-Jul-25,NA,Active,"ANE, APR, KAR, KER, TN",UL Calls | 1GB/Day High-Speed Data | 100 SMS/Day,26102796,1.Telco Benefits,1.Voice,Unlimited Calls (Local+STD+NR),PLN-PRE-00004,Prepaid,Retail,Mass,Vi Hero Unlimited,Vodafone Idea,23,1GB/Day High-Speed Data,1,23,GB,Unlimited Calls (Local+STD+NR),100 SMS/Day,2300,No,Yes,No,NA,Free National Roaming,NA,NA,NA,No,64 Kbps,USSD *199#,Third Party App (PhonePe/Paytm),South,5,Q2 FY2025-26,NA,Live,No,1GB/Day,64 Kbps,Vi Movies & TV Access,25-May-25,02-Mar-26
199,₹199.00 (GST Inclusive @18% | Base ₹168.64 + GST ₹30.36),Unlimited,Vi Hero Unlimited 199,20-Jul-25,NA,Active,"ANE, APR, KAR, KER, TN",UL Calls | 1GB/Day High-Speed Data | 100 SMS/Day,26102796,1.Telco Benefits,2.Data,1 GB/Day 4G/5G Data,PLN-PRE-00004,Prepaid,Retail,Mass,Vi Hero Unlimited,Vodafone Idea,23,1GB/Day High-Speed Data,1,23,GB,Unlimited Calls (Local+STD+NR),100 SMS/Day,2300,No,Yes,No,NA,Free National Roaming,NA,NA,NA,No,64 Kbps,USSD *199#,Third Party App (PhonePe/Paytm),South,5,Q2 FY2025-26,NA,Live,No,1GB/Day,64 Kbps,Vi Movies & TV Access,25-May-25,02-Mar-26
199,₹199.00 (GST Inclusive @18% | Base ₹168.64 + GST ₹30.36),Unlimited,Vi Hero Unlimited 199,20-Jul-25,NA,Active,"ANE, APR, KAR, KER, TN",UL Calls | 1GB/Day High-Speed Data | 100 SMS/Day,26102796,1.Telco Benefits,2.Data,Post Daily FUP Speed: 64 Kbps,PLN-PRE-00004,Prepaid,Retail,Mass,Vi Hero Unlimited,Vodafone Idea,23,1GB/Day High-Speed Data,1,23,GB,Unlimited Calls (Local+STD+NR),100 SMS/Day,2300,No,Yes,No,NA,Free National Roaming,NA,NA,NA,No,64 Kbps,USSD *199#,Third Party App (PhonePe/Paytm),South,5,Q2 FY2025-26,NA,Live,No,1GB/Day,64 Kbps,Vi Movies & TV Access,25-May-25,02-Mar-26
199,₹199.00 (GST Inclusive @18% | Base ₹168.64 + GST ₹30.36),Unlimited,Vi Hero Unlimited 199,20-Jul-25,NA,Active,"ANE, APR, KAR, KER, TN",UL Calls | 1GB/Day High-Speed Data | 100 SMS/Day,26102796,1.Telco Benefits,3.SMS,100 SMS/Day,PLN-PRE-00004,Prepaid,Retail,Mass,Vi Hero Unlimited,Vodafone Idea,23,1GB/Day High-Speed Data,1,23,GB,Unlimited Calls (Local+STD+NR),100 SMS/Day,2300,No,Yes,No,NA,Free National Roaming,NA,NA,NA,No,64 Kbps,USSD *199#,Third Party App (PhonePe/Paytm),South,5,Q2 FY2025-26,NA,Live,No,1GB/Day,64 Kbps,Vi Movies & TV Access,25-May-25,02-Mar-26
199,₹199.00 (GST Inclusive @18% | Base ₹168.64 + GST ₹30.36),Unlimited,Vi Hero Unlimited 199,20-Jul-25,NA,Active,"ANE, APR, KAR, KER, TN",UL Calls | 1GB/Day High-Speed Data | 100 SMS/Day,26102796,1.Telco Benefits,4.Validity,23 Days Validity,PLN-PRE-00004,Prepaid,Retail,Mass,Vi Hero Unlimited,Vodafone Idea,23,1GB/Day High-Speed Data,1,23,GB,Unlimited Calls (Local+STD+NR),100 SMS/Day,2300,No,Yes,No,NA,Free National Roaming,NA,NA,NA,No,64 Kbps,USSD *199#,Third Party App (PhonePe/Paytm),South,5,Q2 FY2025-26,NA,Live,No,1GB/Day,64 Kbps,Vi Movies & TV Access,25-May-25,02-Mar-26
199,₹199.00 (GST Inclusive @18% | Base ₹168.64 + GST ₹30.36),Unlimited,Vi Hero Unlimited 199,20-Jul-25,NA,Active,"ANE, APR, KAR, KER, TN",UL Calls | 1GB/Day High-Speed Data | 100 SMS/Day,26102796,1.Telco Benefits,5.FUP,Beyond 1GB/Day: Speed Capped at 64 Kbps,PLN-PRE-00004,Prepaid,Retail,Mass,Vi Hero Unlimited,Vodafone Idea,23,1GB/Day High-Speed Data,1,23,GB,Unlimited Calls (Local+STD+NR),100 SMS/Day,2300,No,Yes,No,NA,Free National Roaming,NA,NA,NA,No,64 Kbps,USSD *199#,Third Party App (PhonePe/Paytm),South,5,Q2 FY2025-26,NA,Live,No,1GB/Day,64 Kbps,Vi Movies & TV Access,25-May-25,02-Mar-26
199,₹199.00 (GST Inclusive @18% | Base ₹168.64 + GST ₹30.36),Unlimited,Vi Hero Unlimited 199,20-Jul-25,NA,Active,"ANE, APR, KAR, KER, TN",UL Calls | 1GB/Day High-Speed Data | 100 SMS/Day,26102796,3.Roaming Benefits,1.Roaming,Free National Roaming - Incoming & Outgoing,PLN-PRE-00004,Prepaid,Retail,Mass,Vi Hero Unlimited,Vodafone Idea,23,1GB/Day High-Speed Data,1,23,GB,Unlimited Calls (Local+STD+NR),100 SMS/Day,2300,No,Yes,No,NA,Free National Roaming,NA,NA,NA,No,64 Kbps,USSD *199#,Third Party App (PhonePe/Paytm),South,5,Q2 FY2025-26,NA,Live,No,1GB/Day,64 Kbps,Vi Movies & TV Access,25-May-25,02-Mar-26
199,₹199.00 (GST Inclusive @18% | Base ₹168.64 + GST ₹30.36),Unlimited,Vi Hero Unlimited 199,20-Jul-25,NA,Active,"ANE, APR, KAR, KER, TN",UL Calls | 1GB/Day High-Speed Data | 100 SMS/Day,26102796,5.Additional Benefits,1.Additional Benefits,Vi Movies & TV Access,PLN-PRE-00004,Prepaid,Retail,Mass,Vi Hero Unlimited,Vodafone Idea,23,1GB/Day High-Speed Data,1,23,GB,Unlimited Calls (Local+STD+NR),100 SMS/Day,2300,No,Yes,No,NA,Free National Roaming,NA,NA,NA,No,64 Kbps,USSD *199#,Third Party App (PhonePe/Paytm),South,5,Q2 FY2025-26,NA,Live,No,1GB/Day,64 Kbps,Vi Movies & TV Access,25-May-25,02-Mar-26
219,₹219.00 (GST Inclusive @18% | Base ₹185.59 + GST ₹33.41),Unlimited,Vi Hero Unlimited 219,17-Oct-25,NA,Active,"ANE, APR, BIH, DEL, GUJ, HAR, HP, J&K, KAR, KER, KOL, MAH, MPCG, MUM, NE, ORI, PUN, RAJ, ROB, TN, UPE, UPW, WB",UL Calls | 1GB/Day High-Speed Data | 100 SMS/Day,26103313,1.Telco Benefits,1.Voice,Unlimited Calls (Local+STD+NR),PLN-PRE-00005,Prepaid,Retail,Mass,Vi Hero Unlimited,Vodafone Idea,28,1GB/Day High-Speed Data,1,28,GB,Unlimited Calls (Local+STD+NR),100 SMS/Day,2800,No,Yes,No,NA,Free National Roaming,NA,NA,NA,No,64 Kbps,Retail Outlet,MyApp | Debit Card,Pan India,23,Q3 FY2025-26,NA,Live,No,1GB/Day,64 Kbps,Vi Movies & TV Access,22-Sep-25,24-Feb-26
219,₹219.00 (GST Inclusive @18% | Base ₹185.59 + GST ₹33.41),Unlimited,Vi Hero Unlimited 219,17-Oct-25,NA,Active,"ANE, APR, BIH, DEL, GUJ, HAR, HP, J&K, KAR, KER, KOL, MAH, MPCG, MUM, NE, ORI, PUN, RAJ, ROB, TN, UPE, UPW, WB",UL Calls | 1GB/Day High-Speed Data | 100 SMS/Day,26103313,1.Telco Benefits,2.Data,1GB/Day High-Speed Data,PLN-PRE-00005,Prepaid,Retail,Mass,Vi Hero Unlimited,Vodafone Idea,28,1GB/Day High-Speed Data,1,28,GB,Unlimited Calls (Local+STD+NR),100 SMS/Day,2800,No,Yes,No,NA,Free National Roaming,NA,NA,NA,No,64 Kbps,Retail Outlet,MyApp | Debit Card,Pan India,23,Q3 FY2025-26,NA,Live,No,1GB/Day,64 Kbps,Vi Movies & TV Access,22-Sep-25,24-Feb-26
219,₹219.00 (GST Inclusive @18% | Base ₹185.59 + GST ₹33.41),Unlimited,Vi Hero Unlimited 219,17-Oct-25,NA,Active,"ANE, APR, BIH, DEL, GUJ, HAR, HP, J&K, KAR, KER, KOL, MAH, MPCG, MUM, NE, ORI, PUN, RAJ, ROB, TN, UPE, UPW, WB",UL Calls | 1GB/Day High-Speed Data | 100 SMS/Day,26103313,1.Telco Benefits,2.Data,Reduced Speed (64kbps) After Daily Data Exhausted,PLN-PRE-00005,Prepaid,Retail,Mass,Vi Hero Unlimited,Vodafone Idea,28,1GB/Day High-Speed Data,1,28,GB,Unlimited Calls (Local+STD+NR),100 SMS/Day,2800,No,Yes,No,NA,Free National Roaming,NA,NA,NA,No,64 Kbps,Retail Outlet,MyApp | Debit Card,Pan India,23,Q3 FY2025-26,NA,Live,No,1GB/Day,64 Kbps,Vi Movies & TV Access,22-Sep-25,24-Feb-26
219,₹219.00 (GST Inclusive @18% | Base ₹185.59 + GST ₹33.41),Unlimited,Vi Hero Unlimited 219,17-Oct-25,NA,Active,"ANE, APR, BIH, DEL, GUJ, HAR, HP, J&K, KAR, KER, KOL, MAH, MPCG, MUM, NE, ORI, PUN, RAJ, ROB, TN, UPE, UPW, WB",UL Calls | 1GB/Day High-Speed Data | 100 SMS/Day,26103313,1.Telco Benefits,3.SMS,100 SMS/Day,PLN-PRE-00005,Prepaid,Retail,Mass,Vi Hero Unlimited,Vodafone Idea,28,1GB/Day High-Speed Data,1,28,GB,Unlimited Calls (Local+STD+NR),100 SMS/Day,2800,No,Yes,No,NA,Free National Roaming,NA,NA,NA,No,64 Kbps,Retail Outlet,MyApp | Debit Card,Pan India,23,Q3 FY2025-26,NA,Live,No,1GB/Day,64 Kbps,Vi Movies & TV Access,22-Sep-25,24-Feb-26
219,₹219.00 (GST Inclusive @18% | Base ₹185.59 + GST ₹33.41),Unlimited,Vi Hero Unlimited 219,17-Oct-25,NA,Active,"ANE, APR, BIH, DEL, GUJ, HAR, HP, J&K, KAR, KER, KOL, MAH, MPCG, MUM, NE, ORI, PUN, RAJ, ROB, TN, UPE, UPW, WB",UL Calls | 1GB/Day High-Speed Data | 100 SMS/Day,26103313,1.Telco Benefits,4.Validity,Pack Valid for 28 Days,PLN-PRE-00005,Prepaid,Retail,Mass,Vi Hero Unlimited,Vodafone Idea,28,1GB/Day High-Speed Data,1,28,GB,Unlimited Calls (Local+STD+NR),100 SMS/Day,2800,No,Yes,No,NA,Free National Roaming,NA,NA,NA,No,64 Kbps,Retail Outlet,MyApp | Debit Card,Pan India,23,Q3 FY2025-26,NA,Live,No,1GB/Day,64 Kbps,Vi Movies & TV Access,22-Sep-25,24-Feb-26
219,₹219.00 (GST Inclusive @18% | Base ₹185.59 + GST ₹33.41),Unlimited,Vi Hero Unlimited 219,17-Oct-25,NA,Active,"ANE, APR, BIH, DEL, GUJ, HAR, HP, J&K, KAR, KER, KOL, MAH, MPCG, MUM, NE, ORI, PUN, RAJ, ROB, TN, UPE, UPW, WB",UL Calls | 1GB/Day High-Speed Data | 100 SMS/Day,26103313,1.Telco Benefits,5.FUP,Beyond 1GB/Day: Speed Capped at 64 Kbps,PLN-PRE-00005,Prepaid,Retail,Mass,Vi Hero Unlimited,Vodafone Idea,28,1GB/Day High-Speed Data,1,28,GB,Unlimited Calls (Local+STD+NR),100 SMS/Day,2800,No,Yes,No,NA,Free National Roaming,NA,NA,NA,No,64 Kbps,Retail Outlet,MyApp | Debit Card,Pan India,23,Q3 FY2025-26,NA,Live,No,1GB/Day,64 Kbps,Vi Movies & TV Access,22-Sep-25,24-Feb-26
219,₹219.00 (GST Inclusive @18% | Base ₹185.59 + GST ₹33.41),Unlimited,Vi Hero Unlimited 219,17-Oct-25,NA,Active,"ANE, APR, BIH, DEL, GUJ, HAR, HP, J&K, KAR, KER, KOL, MAH, MPCG, MUM, NE, ORI, PUN, RAJ, ROB, TN, UPE, UPW, WB",UL Calls | 1GB/Day High-Speed Data | 100 SMS/Day,26103313,3.Roaming Benefits,1.Roaming,Free National Roaming (Incoming+Outgoing),PLN-PRE-00005,Prepaid,Retail,Mass,Vi Hero Unlimited,Vodafone Idea,28,1GB/Day High-Speed Data,1,28,GB,Unlimited Calls (Local+STD+NR),100 SMS/Day,2800,No,Yes,No,NA,Free National Roaming,NA,NA,NA,No,64 Kbps,Retail Outlet,MyApp | Debit Card,Pan India,23,Q3 FY2025-26,NA,Live,No,1GB/Day,64 Kbps,Vi Movies & TV Access,22-Sep-25,24-Feb-26
219,₹219.00 (GST Inclusive @18% | Base ₹185.59 + GST ₹33.41),Unlimited,Vi Hero Unlimited 219,17-Oct-25,NA,Active,"ANE, APR, BIH, DEL, GUJ, HAR, HP, J&K, KAR, KER, KOL, MAH, MPCG, MUM, NE, ORI, PUN, RAJ, ROB, TN, UPE, UPW, WB",UL Calls | 1GB/Day High-Speed Data | 100 SMS/Day,26103313,5.Additional Benefits,1.Additional Benefits,Vi Movies & TV Access,PLN-PRE-00005,Prepaid,Retail,Mass,Vi Hero Unlimited,Vodafone Idea,28,1GB/Day High-Speed Data,1,28,GB,Unlimited Calls (Local+STD+NR),100 SMS/Day,2800,No,Yes,No,NA,Free National Roaming,NA,NA,NA,No,64 Kbps,Retail Outlet,MyApp | Debit Card,Pan India,23,Q3 FY2025-26,NA,Live,No,1GB/Day,64 Kbps,Vi Movies & TV Access,22-Sep-25,24-Feb-26
239,₹239.00 (GST Inclusive @18% | Base ₹202.54 + GST ₹36.46),Unlimited,Vi Hero Unlimited 239,11-Jun-24,NA,Active,"ANE, APR, BIH, DEL, GUJ, HAR, HP, J&K, KAR, KER, KOL, MAH, MPCG, MUM, NE, ORI, PUN, RAJ, ROB, TN, UPE, UPW, WB",UL Calls | 1.5GB/Day High-Speed Data | 100 SMS/Day,26103444,1.Telco Benefits,1.Voice,"Unlimited Calls - Local, STD, National Roaming",PLN-PRE-00006,Prepaid,Retail,Mass,Vi Hero Unlimited,Vodafone Idea,28,1.5GB/Day High-Speed Data,1.5,42,GB,Unlimited Calls (Local+STD+NR),100 SMS/Day,2800,No,Yes,No,NA,Free National Roaming,NA,NA,NA,No,64 Kbps,MyApp,Website | Netbanking,Pan India,23,Q1 FY2024-25,NA,Live,No,1.5GB/Day,64 Kbps,Vi Movies & TV Access,16-Mar-24,04-Aug-26
239,₹239.00 (GST Inclusive @18% | Base ₹202.54 + GST ₹36.46),Unlimited,Vi Hero Unlimited 239,11-Jun-24,NA,Active,"ANE, APR, BIH, DEL, GUJ, HAR, HP, J&K, KAR, KER, KOL, MAH, MPCG, MUM, NE, ORI, PUN, RAJ, ROB, TN, UPE, UPW, WB",UL Calls | 1.5GB/Day High-Speed Data | 100 SMS/Day,26103444,1.Telco Benefits,2.Data,1.5GB High Speed Data Per Day,PLN-PRE-00006,Prepaid,Retail,Mass,Vi Hero Unlimited,Vodafone Idea,28,1.5GB/Day High-Speed Data,1.5,42,GB,Unlimited Calls (Local+STD+NR),100 SMS/Day,2800,No,Yes,No,NA,Free National Roaming,NA,NA,NA,No,64 Kbps,MyApp,Website | Netbanking,Pan India,23,Q1 FY2024-25,NA,Live,No,1.5GB/Day,64 Kbps,Vi Movies & TV Access,16-Mar-24,04-Aug-26
239,₹239.00 (GST Inclusive @18% | Base ₹202.54 + GST ₹36.46),Unlimited,Vi Hero Unlimited 239,11-Jun-24,NA,Active,"ANE, APR, BIH, DEL, GUJ, HAR, HP, J&K, KAR, KER, KOL, MAH, MPCG, MUM, NE, ORI, PUN, RAJ, ROB, TN, UPE, UPW, WB",UL Calls | 1.5GB/Day High-Speed Data | 100 SMS/Day,26103444,1.Telco Benefits,2.Data,Post Daily FUP Speed: 64 Kbps,PLN-PRE-00006,Prepaid,Retail,Mass,Vi Hero Unlimited,Vodafone Idea,28,1.5GB/Day High-Speed Data,1.5,42,GB,Unlimited Calls (Local+STD+NR),100 SMS/Day,2800,No,Yes,No,NA,Free National Roaming,NA,NA,NA,No,64 Kbps,MyApp,Website | Netbanking,Pan India,23,Q1 FY2024-25,NA,Live,No,1.5GB/Day,64 Kbps,Vi Movies & TV Access,16-Mar-24,04-Aug-26
239,₹239.00 (GST Inclusive @18% | Base ₹202.54 + GST ₹36.46),Unlimited,Vi Hero Unlimited 239,11-Jun-24,NA,Active,"ANE, APR, BIH, DEL, GUJ, HAR, HP, J&K, KAR, KER, KOL, MAH, MPCG, MUM, NE, ORI, PUN, RAJ, ROB, TN, UPE, UPW, WB",UL Calls | 1.5GB/Day High-Speed Data | 100 SMS/Day,26103444,1.Telco Benefits,3.SMS,100 SMS/Day,PLN-PRE-00006,Prepaid,Retail,Mass,Vi Hero Unlimited,Vodafone Idea,28,1.5GB/Day High-Speed Data,1.5,42,GB,Unlimited Calls (Local+STD+NR),100 SMS/Day,2800,No,Yes,No,NA,Free National Roaming,NA,NA,NA,No,64 Kbps,MyApp,Website | Netbanking,Pan India,23,Q1 FY2024-25,NA,Live,No,1.5GB/Day,64 Kbps,Vi Movies & TV Access,16-Mar-24,04-Aug-26
239,₹239.00 (GST Inclusive @18% | Base ₹202.54 + GST ₹36.46),Unlimited,Vi Hero Unlimited 239,11-Jun-24,NA,Active,"ANE, APR, BIH, DEL, GUJ, HAR, HP, J&K, KAR, KER, KOL, MAH, MPCG, MUM, NE, ORI, PUN, RAJ, ROB, TN, UPE, UPW, WB",UL Calls | 1.5GB/Day High-Speed Data | 100 SMS/Day,26103444,1.Telco Benefits,4.Validity,Pack Valid for 28 Days,PLN-PRE-00006,Prepaid,Retail,Mass,Vi Hero Unlimited,Vodafone Idea,28,1.5GB/Day High-Speed Data,1.5,42,GB,Unlimited Calls (Local+STD+NR),100 SMS/Day,2800,No,Yes,No,NA,Free National Roaming,NA,NA,NA,No,64 Kbps,MyApp,Website | Netbanking,Pan India,23,Q1 FY2024-25,NA,Live,No,1.5GB/Day,64 Kbps,Vi Movies & TV Access,16-Mar-24,04-Aug-26
239,₹239.00 (GST Inclusive @18% | Base ₹202.54 + GST ₹36.46),Unlimited,Vi Hero Unlimited 239,11-Jun-24,NA,Active,"ANE, APR, BIH, DEL, GUJ, HAR, HP, J&K, KAR, KER, KOL, MAH, MPCG, MUM, NE, ORI, PUN, RAJ, ROB, TN, UPE, UPW, WB",UL Calls | 1.5GB/Day High-Speed Data | 100 SMS/Day,26103444,1.Telco Benefits,5.FUP,Post 1.5GB/Day FUP - Speed Reduced to 64 Kbps,PLN-PRE-00006,Prepaid,Retail,Mass,Vi Hero Unlimited,Vodafone Idea,28,1.5GB/Day High-Speed Data,1.5,42,GB,Unlimited Calls (Local+STD+NR),100 SMS/Day,2800,No,Yes,No,NA,Free National Roaming,NA,NA,NA,No,64 Kbps,MyApp,Website | Netbanking,Pan India,23,Q1 FY2024-25,NA,Live,No,1.5GB/Day,64 Kbps,Vi Movies & TV Access,16-Mar-24,04-Aug-26
239,₹239.00 (GST Inclusive @18% | Base ₹202.54 + GST ₹36.46),Unlimited,Vi Hero Unlimited 239,11-Jun-24,NA,Active,"ANE, APR, BIH, DEL, GUJ, HAR, HP, J&K, KAR, KER, KOL, MAH, MPCG, MUM, NE, ORI, PUN, RAJ, ROB, TN, UPE, UPW, WB",UL Calls | 1.5GB/Day High-Speed Data | 100 SMS/Day,26103444,3.Roaming Benefits,1.Roaming,Free National Roaming (Incoming+Outgoing),PLN-PRE-00006,Prepaid,Retail,Mass,Vi Hero Unlimited,Vodafone Idea,28,1.5GB/Day High-Speed Data,1.5,42,GB,Unlimited Calls (Local+STD+NR),100 SMS/Day,2800,No,Yes,No,NA,Free National Roaming,NA,NA,NA,No,64 Kbps,MyApp,Website | Netbanking,Pan India,23,Q1 FY2024-25,NA,Live,No,1.5GB/Day,64 Kbps,Vi Movies & TV Access,16-Mar-24,04-Aug-26
239,₹239.00 (GST Inclusive @18% | Base ₹202.54 + GST ₹36.46),Unlimited,Vi Hero Unlimited 239,11-Jun-24,NA,Active,"ANE, APR, BIH, DEL, GUJ, HAR, HP, J&K, KAR, KER, KOL, MAH, MPCG, MUM, NE, ORI, PUN, RAJ, ROB, TN, UPE, UPW, WB",UL Calls | 1.5GB/Day High-Speed Data | 100 SMS/Day,26103444,5.Additional Benefits,1.Additional Benefits,Vi Movies & TV Access,PLN-PRE-00006,Prepaid,Retail,Mass,Vi Hero Unlimited,Vodafone Idea,28,1.5GB/Day High-Speed Data,1.5,42,GB,Unlimited Calls (Local+STD+NR),100 SMS/Day,2800,No,Yes,No,NA,Free National Roaming,NA,NA,NA,No,64 Kbps,MyApp,Website | Netbanking,Pan India,23,Q1 FY2024-25,NA,Live,No,1.5GB/Day,64 Kbps,Vi Movies & TV Access,16-Mar-24,04-Aug-26
249,₹249.00 (GST Inclusive @18% | Base ₹211.02 + GST ₹37.98),Unlimited,Vi Hero Unlimited 249,18-Apr-24,NA,Active,"ANE, APR, BIH, DEL, GUJ, HAR, HP, J&K, KAR, KER, KOL, MAH, MPCG, MUM, NE, ORI, PUN, RAJ, ROB, TN, UPE, UPW, WB",UL Calls | 1.5GB/Day High-Speed Data | 100 SMS/Day | Unlimited 5G,26103613,1.Telco Benefits,1.Voice,Unlimited Calls (Local+STD+NR),PLN-PRE-00007,Prepaid,Retail,Mass,Vi Hero Unlimited,Vodafone Idea,28,1.5GB/Day High-Speed Data,1.5,42,GB,Unlimited Calls (Local+STD+NR),100 SMS/Day,2800,Yes,Yes,No,NA,Free National Roaming,NA,NA,NA,No,64 Kbps,MyApp,UPI | Wallet,Pan India,23,Q1 FY2024-25,NA,Live,No,1.5GB/Day,64 Kbps,Vi Movies & TV Access,03-Apr-24,22-Nov-24
249,₹249.00 (GST Inclusive @18% | Base ₹211.02 + GST ₹37.98),Unlimited,Vi Hero Unlimited 249,18-Apr-24,NA,Active,"ANE, APR, BIH, DEL, GUJ, HAR, HP, J&K, KAR, KER, KOL, MAH, MPCG, MUM, NE, ORI, PUN, RAJ, ROB, TN, UPE, UPW, WB",UL Calls | 1.5GB/Day High-Speed Data | 100 SMS/Day | Unlimited 5G,26103613,1.Telco Benefits,2.Data,1.5GB High Speed Data Per Day,PLN-PRE-00007,Prepaid,Retail,Mass,Vi Hero Unlimited,Vodafone Idea,28,1.5GB/Day High-Speed Data,1.5,42,GB,Unlimited Calls (Local+STD+NR),100 SMS/Day,2800,Yes,Yes,No,NA,Free National Roaming,NA,NA,NA,No,64 Kbps,MyApp,UPI | Wallet,Pan India,23,Q1 FY2024-25,NA,Live,No,1.5GB/Day,64 Kbps,Vi Movies & TV Access,03-Apr-24,22-Nov-24
249,₹249.00 (GST Inclusive @18% | Base ₹211.02 + GST ₹37.98),Unlimited,Vi Hero Unlimited 249,18-Apr-24,NA,Active,"ANE, APR, BIH, DEL, GUJ, HAR, HP, J&K, KAR, KER, KOL, MAH, MPCG, MUM, NE, ORI, PUN, RAJ, ROB, TN, UPE, UPW, WB",UL Calls | 1.5GB/Day High-Speed Data | 100 SMS/Day | Unlimited 5G,26103613,1.Telco Benefits,2.Data,Reduced Speed (64kbps) After Daily Data Exhausted,PLN-PRE-00007,Prepaid,Retail,Mass,Vi Hero Unlimited,Vodafone Idea,28,1.5GB/Day High-Speed Data,1.5,42,GB,Unlimited Calls (Local+STD+NR),100 SMS/Day,2800,Yes,Yes,No,NA,Free National Roaming,NA,NA,NA,No,64 Kbps,MyApp,UPI | Wallet,Pan India,23,Q1 FY2024-25,NA,Live,No,1.5GB/Day,64 Kbps,Vi Movies & TV Access,03-Apr-24,22-Nov-24
249,₹249.00 (GST Inclusive @18% | Base ₹211.02 + GST ₹37.98),Unlimited,Vi Hero Unlimited 249,18-Apr-24,NA,Active,"ANE, APR, BIH, DEL, GUJ, HAR, HP, J&K, KAR, KER, KOL, MAH, MPCG, MUM, NE, ORI, PUN, RAJ, ROB, TN, UPE, UPW, WB",UL Calls | 1.5GB/Day High-Speed Data | 100 SMS/Day | Unlimited 5G,26103613,1.Telco Benefits,2.Data,Unlimited 5G DATA in cities where 5G is launched,PLN-PRE-00007,Prepaid,Retail,Mass,Vi Hero Unlimited,Vodafone Idea,28,1.5GB/Day High-Speed Data,1.5,42,GB,Unlimited Calls (Local+STD+NR),100 SMS/Day,2800,Yes,Yes,No,NA,Free National Roaming,NA,NA,NA,No,64 Kbps,MyApp,UPI | Wallet,Pan India,23,Q1 FY2024-25,NA,Live,No,1.5GB/Day,64 Kbps,Vi Movies & TV Access,03-Apr-24,22-Nov-24
249,₹249.00 (GST Inclusive @18% | Base ₹211.02 + GST ₹37.98),Unlimited,Vi Hero Unlimited 249,18-Apr-24,NA,Active,"ANE, APR, BIH, DEL, GUJ, HAR, HP, J&K, KAR, KER, KOL, MAH, MPCG, MUM, NE, ORI, PUN, RAJ, ROB, TN, UPE, UPW, WB",UL Calls | 1.5GB/Day High-Speed Data | 100 SMS/Day | Unlimited 5G,26103613,1.Telco Benefits,3.SMS,Daily SMS Limit: 100,PLN-PRE-00007,Prepaid,Retail,Mass,Vi Hero Unlimited,Vodafone Idea,28,1.5GB/Day High-Speed Data,1.5,42,GB,Unlimited Calls (Local+STD+NR),100 SMS/Day,2800,Yes,Yes,No,NA,Free National Roaming,NA,NA,NA,No,64 Kbps,MyApp,UPI | Wallet,Pan India,23,Q1 FY2024-25,NA,Live,No,1.5GB/Day,64 Kbps,Vi Movies & TV Access,03-Apr-24,22-Nov-24
249,₹249.00 (GST Inclusive @18% | Base ₹211.02 + GST ₹37.98),Unlimited,Vi Hero Unlimited 249,18-Apr-24,NA,Active,"ANE, APR, BIH, DEL, GUJ, HAR, HP, J&K, KAR, KER, KOL, MAH, MPCG, MUM, NE, ORI, PUN, RAJ, ROB, TN, UPE, UPW, WB",UL Calls | 1.5GB/Day High-Speed Data | 100 SMS/Day | Unlimited 5G,26103613,1.Telco Benefits,4.Validity,Pack Valid for 28 Days,PLN-PRE-00007,Prepaid,Retail,Mass,Vi Hero Unlimited,Vodafone Idea,28,1.5GB/Day High-Speed Data,1.5,42,GB,Unlimited Calls (Local+STD+NR),100 SMS/Day,2800,Yes,Yes,No,NA,Free National Roaming,NA,NA,NA,No,64 Kbps,MyApp,UPI | Wallet,Pan India,23,Q1 FY2024-25,NA,Live,No,1.5GB/Day,64 Kbps,Vi Movies & TV Access,03-Apr-24,22-Nov-24
249,₹249.00 (GST Inclusive @18% | Base ₹211.02 + GST ₹37.98),Unlimited,Vi Hero Unlimited 249,18-Apr-24,NA,Active,"ANE, APR, BIH, DEL, GUJ, HAR, HP, J&K, KAR, KER, KOL, MAH, MPCG, MUM, NE, ORI, PUN, RAJ, ROB, TN, UPE, UPW, WB",UL Calls | 1.5GB/Day High-Speed Data | 100 SMS/Day | Unlimited 5G,26103613,1.Telco Benefits,5.FUP,Post 1.5GB/Day FUP - Speed Reduced to 64 Kbps,PLN-PRE-00007,Prepaid,Retail,Mass,Vi Hero Unlimited,Vodafone Idea,28,1.5GB/Day High-Speed Data,1.5,42,GB,Unlimited Calls (Local+STD+NR),100 SMS/Day,2800,Yes,Yes,No,NA,Free National Roaming,NA,NA,NA,No,64 Kbps,MyApp,UPI | Wallet,Pan India,23,Q1 FY2024-25,NA,Live,No,1.5GB/Day,64 Kbps,Vi Movies & TV Access,03-Apr-24,22-Nov-24
249,₹249.00 (GST Inclusive @18% | Base ₹211.02 + GST ₹37.98),Unlimited,Vi Hero Unlimited 249,18-Apr-24,NA,Active,"ANE, APR, BIH, DEL, GUJ, HAR, HP, J&K, KAR, KER, KOL, MAH, MPCG, MUM, NE, ORI, PUN, RAJ, ROB, TN, UPE, UPW, WB",UL Calls | 1.5GB/Day High-Speed Data | 100 SMS/Day | Unlimited 5G,26103613,3.Roaming Benefits,1.Roaming,Domestic Roaming Free (In & Out),PLN-PRE-00007,Prepaid,Retail,Mass,Vi Hero Unlimited,Vodafone Idea,28,1.5GB/Day High-Speed Data,1.5,42,GB,Unlimited Calls (Local+STD+NR),100 SMS/Day,2800,Yes,Yes,No,NA,Free National Roaming,NA,NA,NA,No,64 Kbps,MyApp,UPI | Wallet,Pan India,23,Q1 FY2024-25,NA,Live,No,1.5GB/Day,64 Kbps,Vi Movies & TV Access,03-Apr-24,22-Nov-24
249,₹249.00 (GST Inclusive @18% | Base ₹211.02 + GST ₹37.98),Unlimited,Vi Hero Unlimited 249,18-Apr-24,NA,Active,"ANE, APR, BIH, DEL, GUJ, HAR, HP, J&K, KAR, KER, KOL, MAH, MPCG, MUM, NE, ORI, PUN, RAJ, ROB, TN, UPE, UPW, WB",UL Calls | 1.5GB/Day High-Speed Data | 100 SMS/Day | Unlimited 5G,26103613,5.Additional Benefits,1.Additional Benefits,Vi Movies & TV Access,PLN-PRE-00007,Prepaid,Retail,Mass,Vi Hero Unlimited,Vodafone Idea,28,1.5GB/Day High-Speed Data,1.5,42,GB,Unlimited Calls (Local+STD+NR),100 SMS/Day,2800,Yes,Yes,No,NA,Free National Roaming,NA,NA,NA,No,64 Kbps,MyApp,UPI | Wallet,Pan India,23,Q1 FY2024-25,NA,Live,No,1.5GB/Day,64 Kbps,Vi Movies & TV Access,03-Apr-24,22-Nov-24
299,₹299.00 (GST Inclusive @18% | Base ₹253.39 + GST ₹45.61),Unlimited,Vi Hero Unlimited 299,12-May-25,NA,Active,"ANE, APR, KAR, KER, TN",UL Calls | 1.5GB/Day High-Speed Data | 100 SMS/Day | Unlimited 5G,26104439,1.Telco Benefits,1.Voice,Unlimited Voice (L+STD+NR),PLN-PRE-00008,Prepaid,Retail,Value,Vi Hero Unlimited,Vodafone Idea,28,1.5GB/Day High-Speed Data,1.5,42,GB,Unlimited Calls (Local+STD+NR),100 SMS/Day,2800,Yes,Yes,Yes,Vi Movies & TV Basic,Free National Roaming,NA,NA,NA,No,64 Kbps,USSD *199#,MyApp | UPI,South,5,Q1 FY2025-26,NA,Live,Yes,1.5GB/Day,64 Kbps,Bundled OTT Subscriptions | Vi Movies & TV Access,05-Mar-25,18-Jun-25
299,₹299.00 (GST Inclusive @18% | Base ₹253.39 + GST ₹45.61),Unlimited,Vi Hero Unlimited 299,12-May-25,NA,Active,"ANE, APR, KAR, KER, TN",UL Calls | 1.5GB/Day High-Speed Data | 100 SMS/Day | Unlimited 5G,26104439,1.Telco Benefits,2.Data,Daily Data: 1.5GB,PLN-PRE-00008,Prepaid,Retail,Value,Vi Hero Unlimited,Vodafone Idea,28,1.5GB/Day High-Speed Data,1.5,42,GB,Unlimited Calls (Local+STD+NR),100 SMS/Day,2800,Yes,Yes,Yes,Vi Movies & TV Basic,Free National Roaming,NA,NA,NA,No,64 Kbps,USSD *199#,MyApp | UPI,South,5,Q1 FY2025-26,NA,Live,Yes,1.5GB/Day,64 Kbps,Bundled OTT Subscriptions | Vi Movies & TV Access,05-Mar-25,18-Jun-25
299,₹299.00 (GST Inclusive @18% | Base ₹253.39 + GST ₹45.61),Unlimited,Vi Hero Unlimited 299,12-May-25,NA,Active,"ANE, APR, KAR, KER, TN",UL Calls | 1.5GB/Day High-Speed Data | 100 SMS/Day | Unlimited 5G,26104439,1.Telco Benefits,2.Data,64 Kbps Post Daily Limit,PLN-PRE-00008,Prepaid,Retail,Value,Vi Hero Unlimited,Vodafone Idea,28,1.5GB/Day High-Speed Data,1.5,42,GB,Unlimited Calls (Local+STD+NR),100 SMS/Day,2800,Yes,Yes,Yes,Vi Movies & TV Basic,Free National Roaming,NA,NA,NA,No,64 Kbps,USSD *199#,MyApp | UPI,South,5,Q1 FY2025-26,NA,Live,Yes,1.5GB/Day,64 Kbps,Bundled OTT Subscriptions | Vi Movies & TV Access,05-Mar-25,18-Jun-25
299,₹299.00 (GST Inclusive @18% | Base ₹253.39 + GST ₹45.61),Unlimited,Vi Hero Unlimited 299,12-May-25,NA,Active,"ANE, APR, KAR, KER, TN",UL Calls | 1.5GB/Day High-Speed Data | 100 SMS/Day | Unlimited 5G,26104439,1.Telco Benefits,2.Data,Unltd 5G Data (Where 5G is Live),PLN-PRE-00008,Prepaid,Retail,Value,Vi Hero Unlimited,Vodafone Idea,28,1.5GB/Day High-Speed Data,1.5,42,GB,Unlimited Calls (Local+STD+NR),100 SMS/Day,2800,Yes,Yes,Yes,Vi Movies & TV Basic,Free National Roaming,NA,NA,NA,No,64 Kbps,USSD *199#,MyApp | UPI,South,5,Q1 FY2025-26,NA,Live,Yes,1.5GB/Day,64 Kbps,Bundled OTT Subscriptions | Vi Movies & TV Access,05-Mar-25,18-Jun-25
299,₹299.00 (GST Inclusive @18% | Base ₹253.39 + GST ₹45.61),Unlimited,Vi Hero Unlimited 299,12-May-25,NA,Active,"ANE, APR, KAR, KER, TN",UL Calls | 1.5GB/Day High-Speed Data | 100 SMS/Day | Unlimited 5G,26104439,1.Telco Benefits,3.SMS,100 SMS/Day,PLN-PRE-00008,Prepaid,Retail,Value,Vi Hero Unlimited,Vodafone Idea,28,1.5GB/Day High-Speed Data,1.5,42,GB,Unlimited Calls (Local+STD+NR),100 SMS/Day,2800,Yes,Yes,Yes,Vi Movies & TV Basic,Free National Roaming,NA,NA,NA,No,64 Kbps,USSD *199#,MyApp | UPI,South,5,Q1 FY2025-26,NA,Live,Yes,1.5GB/Day,64 Kbps,Bundled OTT Subscriptions | Vi Movies & TV Access,05-Mar-25,18-Jun-25
299,₹299.00 (GST Inclusive @18% | Base ₹253.39 + GST ₹45.61),Unlimited,Vi Hero Unlimited 299,12-May-25,NA,Active,"ANE, APR, KAR, KER, TN",UL Calls | 1.5GB/Day High-Speed Data | 100 SMS/Day | Unlimited 5G,26104439,1.Telco Benefits,4.Validity,Validity: 28 Days,PLN-PRE-00008,Prepaid,Retail,Value,Vi Hero Unlimited,Vodafone Idea,28,1.5GB/Day High-Speed Data,1.5,42,GB,Unlimited Calls (Local+STD+NR),100 SMS/Day,2800,Yes,Yes,Yes,Vi Movies & TV Basic,Free National Roaming,NA,NA,NA,No,64 Kbps,USSD *199#,MyApp | UPI,South,5,Q1 FY2025-26,NA,Live,Yes,1.5GB/Day,64 Kbps,Bundled OTT Subscriptions | Vi Movies & TV Access,05-Mar-25,18-Jun-25
299,₹299.00 (GST Inclusive @18% | Base ₹253.39 + GST ₹45.61),Unlimited,Vi Hero Unlimited 299,12-May-25,NA,Active,"ANE, APR, KAR, KER, TN",UL Calls | 1.5GB/Day High-Speed Data | 100 SMS/Day | Unlimited 5G,26104439,1.Telco Benefits,5.FUP,Beyond 1.5GB/Day: Speed Capped at 64 Kbps,PLN-PRE-00008,Prepaid,Retail,Value,Vi Hero Unlimited,Vodafone Idea,28,1.5GB/Day High-Speed Data,1.5,42,GB,Unlimited Calls (Local+STD+NR),100 SMS/Day,2800,Yes,Yes,Yes,Vi Movies & TV Basic,Free National Roaming,NA,NA,NA,No,64 Kbps,USSD *199#,MyApp | UPI,South,5,Q1 FY2025-26,NA,Live,Yes,1.5GB/Day,64 Kbps,Bundled OTT Subscriptions | Vi Movies & TV Access,05-Mar-25,18-Jun-25
299,₹299.00 (GST Inclusive @18% | Base ₹253.39 + GST ₹45.61),Unlimited,Vi Hero Unlimited 299,12-May-25,NA,Active,"ANE, APR, KAR, KER, TN",UL Calls | 1.5GB/Day High-Speed Data | 100 SMS/Day | Unlimited 5G,26104439,2.OTT Benefits,1.OTT,Vi Movies & TV Basic,PLN-PRE-00008,Prepaid,Retail,Value,Vi Hero Unlimited,Vodafone Idea,28,1.5GB/Day High-Speed Data,1.5,42,GB,Unlimited Calls (Local+STD+NR),100 SMS/Day,2800,Yes,Yes,Yes,Vi Movies & TV Basic,Free National Roaming,NA,NA,NA,No,64 Kbps,USSD *199#,MyApp | UPI,South,5,Q1 FY2025-26,NA,Live,Yes,1.5GB/Day,64 Kbps,Bundled OTT Subscriptions | Vi Movies & TV Access,05-Mar-25,18-Jun-25
299,₹299.00 (GST Inclusive @18% | Base ₹253.39 + GST ₹45.61),Unlimited,Vi Hero Unlimited 299,12-May-25,NA,Active,"ANE, APR, KAR, KER, TN",UL Calls | 1.5GB/Day High-Speed Data | 100 SMS/Day | Unlimited 5G,26104439,3.Roaming Benefits,1.Roaming,Free National Roaming - Incoming & Outgoing,PLN-PRE-00008,Prepaid,Retail,Value,Vi Hero Unlimited,Vodafone Idea,28,1.5GB/Day High-Speed Data,1.5,42,GB,Unlimited Calls (Local+STD+NR),100 SMS/Day,2800,Yes,Yes,Yes,Vi Movies & TV Basic,Free National Roaming,NA,NA,NA,No,64 Kbps,USSD *199#,MyApp | UPI,South,5,Q1 FY2025-26,NA,Live,Yes,1.5GB/Day,64 Kbps,Bundled OTT Subscriptions | Vi Movies & TV Access,05-Mar-25,18-Jun-25
299,₹299.00 (GST Inclusive @18% | Base ₹253.39 + GST ₹45.61),Unlimited,Vi Hero Unlimited 299,12-May-25,NA,Active,"ANE, APR, KAR, KER, TN",UL Calls | 1.5GB/Day High-Speed Data | 100 SMS/Day | Unlimited 5G,26104439,5.Additional Benefits,1.Additional Benefits,Bundled OTT Subscriptions | Vi Movies & TV Access,PLN-PRE-00008,Prepaid,Retail,Value,Vi Hero Unlimited,Vodafone Idea,28,1.5GB/Day High-Speed Data,1.5,42,GB,Unlimited Calls (Local+STD+NR),100 SMS/Day,2800,Yes,Yes,Yes,Vi Movies & TV Basic,Free National Roaming,NA,NA,NA,No,64 Kbps,USSD *199#,MyApp | UPI,South,5,Q1 FY2025-26,NA,Live,Yes,1.5GB/Day,64 Kbps,Bundled OTT Subscriptions | Vi Movies & TV Access,05-Mar-25,18-Jun-25
349,₹349.00 (GST Inclusive @18% | Base ₹295.76 + GST ₹53.24),Unlimited,Vi Hero Unlimited 349,25-Mar-26,NA,Active,"ANE, APR, BIH, DEL, GUJ, HAR, HP, J&K, KAR, KER, KOL, MAH, MPCG, MUM, NE, ORI, PUN, RAJ, ROB, TN, UPE, UPW, WB",UL Calls | 2GB/Day High-Speed Data | 100 SMS/Day | Unlimited 5G,26104792,1.Telco Benefits,1.Voice,"Unlimited Calls - Local, STD, National Roaming",PLN-PRE-00009,Prepaid,Retail,Value,Vi Hero Unlimited,Vodafone Idea,28,2GB/Day High-Speed Data,2,56,GB,Unlimited Calls (Local+STD+NR),100 SMS/Day,2800,Yes,Yes,Yes,Disney+ Hotstar Mobile,Free National Roaming,NA,Unlimited Data 12AM-6AM,NA,No,64 Kbps,Retail Outlet,Third Party App (PhonePe/Paytm),Pan India,23,Q4 FY2025-26,NA,Live,Yes,2GB/Day,64 Kbps,Bundled OTT Subscriptions | Vi Movies & TV Access,26-Feb-26,27-Mar-26
349,₹349.00 (GST Inclusive @18% | Base ₹295.76 + GST ₹53.24),Unlimited,Vi Hero Unlimited 349,25-Mar-26,NA,Active,"ANE, APR, BIH, DEL, GUJ, HAR, HP, J&K, KAR, KER, KOL, MAH, MPCG, MUM, NE, ORI, PUN, RAJ, ROB, TN, UPE, UPW, WB",UL Calls | 2GB/Day High-Speed Data | 100 SMS/Day | Unlimited 5G,26104792,1.Telco Benefits,2.Data,2GB/Day High-Speed Data,PLN-PRE-00009,Prepaid,Retail,Value,Vi Hero Unlimited,Vodafone Idea,28,2GB/Day High-Speed Data,2,56,GB,Unlimited Calls (Local+STD+NR),100 SMS/Day,2800,Yes,Yes,Yes,Disney+ Hotstar Mobile,Free National Roaming,NA,Unlimited Data 12AM-6AM,NA,No,64 Kbps,Retail Outlet,Third Party App (PhonePe/Paytm),Pan India,23,Q4 FY2025-26,NA,Live,Yes,2GB/Day,64 Kbps,Bundled OTT Subscriptions | Vi Movies & TV Access,26-Feb-26,27-Mar-26
349,₹349.00 (GST Inclusive @18% | Base ₹295.76 + GST ₹53.24),Unlimited,Vi Hero Unlimited 349,25-Mar-26,NA,Active,"ANE, APR, BIH, DEL, GUJ, HAR, HP, J&K, KAR, KER, KOL, MAH, MPCG, MUM, NE, ORI, PUN, RAJ, ROB, TN, UPE, UPW, WB",UL Calls | 2GB/Day High-Speed Data | 100 SMS/Day | Unlimited 5G,26104792,1.Telco Benefits,2.Data,64 Kbps Post Daily Limit,PLN-PRE-00009,Prepaid,Retail,Value,Vi Hero Unlimited,Vodafone Idea,28,2GB/Day High-Speed Data,2,56,GB,Unlimited Calls (Local+STD+NR),100 SMS/Day,2800,Yes,Yes,Yes,Disney+ Hotstar Mobile,Free National Roaming,NA,Unlimited Data 12AM-6AM,NA,No,64 Kbps,Retail Outlet,Third Party App (PhonePe/Paytm),Pan India,23,Q4 FY2025-26,NA,Live,Yes,2GB/Day,64 Kbps,Bundled OTT Subscriptions | Vi Movies & TV Access,26-Feb-26,27-Mar-26
349,₹349.00 (GST Inclusive @18% | Base ₹295.76 + GST ₹53.24),Unlimited,Vi Hero Unlimited 349,25-Mar-26,NA,Active,"ANE, APR, BIH, DEL, GUJ, HAR, HP, J&K, KAR, KER, KOL, MAH, MPCG, MUM, NE, ORI, PUN, RAJ, ROB, TN, UPE, UPW, WB",UL Calls | 2GB/Day High-Speed Data | 100 SMS/Day | Unlimited 5G,26104792,1.Telco Benefits,2.Data,Unlimited 5G Browsing in 5G Coverage Areas,PLN-PRE-00009,Prepaid,Retail,Value,Vi Hero Unlimited,Vodafone Idea,28,2GB/Day High-Speed Data,2,56,GB,Unlimited Calls (Local+STD+NR),100 SMS/Day,2800,Yes,Yes,Yes,Disney+ Hotstar Mobile,Free National Roaming,NA,Unlimited Data 12AM-6AM,NA,No,64 Kbps,Retail Outlet,Third Party App (PhonePe/Paytm),Pan India,23,Q4 FY2025-26,NA,Live,Yes,2GB/Day,64 Kbps,Bundled OTT Subscriptions | Vi Movies & TV Access,26-Feb-26,27-Mar-26
349,₹349.00 (GST Inclusive @18% | Base ₹295.76 + GST ₹53.24),Unlimited,Vi Hero Unlimited 349,25-Mar-26,NA,Active,"ANE, APR, BIH, DEL, GUJ, HAR, HP, J&K, KAR, KER, KOL, MAH, MPCG, MUM, NE, ORI, PUN, RAJ, ROB, TN, UPE, UPW, WB",UL Calls | 2GB/Day High-Speed Data | 100 SMS/Day | Unlimited 5G,26104792,1.Telco Benefits,3.SMS,100 SMS Per Day,PLN-PRE-00009,Prepaid,Retail,Value,Vi Hero Unlimited,Vodafone Idea,28,2GB/Day High-Speed Data,2,56,GB,Unlimited Calls (Local+STD+NR),100 SMS/Day,2800,Yes,Yes,Yes,Disney+ Hotstar Mobile,Free National Roaming,NA,Unlimited Data 12AM-6AM,NA,No,64 Kbps,Retail Outlet,Third Party App (PhonePe/Paytm),Pan India,23,Q4 FY2025-26,NA,Live,Yes,2GB/Day,64 Kbps,Bundled OTT Subscriptions | Vi Movies & TV Access,26-Feb-26,27-Mar-26
349,₹349.00 (GST Inclusive @18% | Base ₹295.76 + GST ₹53.24),Unlimited,Vi Hero Unlimited 349,25-Mar-26,NA,Active,"ANE, APR, BIH, DEL, GUJ, HAR, HP, J&K, KAR, KER, KOL, MAH, MPCG, MUM, NE, ORI, PUN, RAJ, ROB, TN, UPE, UPW, WB",UL Calls | 2GB/Day High-Speed Data | 100 SMS/Day | Unlimited 5G,26104792,1.Telco Benefits,4.Validity,Validity: 28 Days,PLN-PRE-00009,Prepaid,Retail,Value,Vi Hero Unlimited,Vodafone Idea,28,2GB/Day High-Speed Data,2,56,GB,Unlimited Calls (Local+STD+NR),100 SMS/Day,2800,Yes,Yes,Yes,Disney+ Hotstar Mobile,Free National Roaming,NA,Unlimited Data 12AM-6AM,NA,No,64 Kbps,Retail Outlet,Third Party App (PhonePe/Paytm),Pan India,23,Q4 FY2025-26,NA,Live,Yes,2GB/Day,64 Kbps,Bundled OTT Subscriptions | Vi Movies & TV Access,26-Feb-26,27-Mar-26
349,₹349.00 (GST Inclusive @18% | Base ₹295.76 + GST ₹53.24),Unlimited,Vi Hero Unlimited 349,25-Mar-26,NA,Active,"ANE, APR, BIH, DEL, GUJ, HAR, HP, J&K, KAR, KER, KOL, MAH, MPCG, MUM, NE, ORI, PUN, RAJ, ROB, TN, UPE, UPW, WB",UL Calls | 2GB/Day High-Speed Data | 100 SMS/Day | Unlimited 5G,26104792,1.Telco Benefits,5.FUP,"FUP Limit 2GB/Day, Throttled to 64 Kbps Thereafter",PLN-PRE-00009,Prepaid,Retail,Value,Vi Hero Unlimited,Vodafone Idea,28,2GB/Day High-Speed Data,2,56,GB,Unlimited Calls (Local+STD+NR),100 SMS/Day,2800,Yes,Yes,Yes,Disney+ Hotstar Mobile,Free National Roaming,NA,Unlimited Data 12AM-6AM,NA,No,64 Kbps,Retail Outlet,Third Party App (PhonePe/Paytm),Pan India,23,Q4 FY2025-26,NA,Live,Yes,2GB/Day,64 Kbps,Bundled OTT Subscriptions | Vi Movies & TV Access,26-Feb-26,27-Mar-26
349,₹349.00 (GST Inclusive @18% | Base ₹295.76 + GST ₹53.24),Unlimited,Vi Hero Unlimited 349,25-Mar-26,NA,Active,"ANE, APR, BIH, DEL, GUJ, HAR, HP, J&K, KAR, KER, KOL, MAH, MPCG, MUM, NE, ORI, PUN, RAJ, ROB, TN, UPE, UPW, WB",UL Calls | 2GB/Day High-Speed Data | 100 SMS/Day | Unlimited 5G,26104792,2.OTT Benefits,1.OTT,DisneyHotstar - Mobile Plan,PLN-PRE-00009,Prepaid,Retail,Value,Vi Hero Unlimited,Vodafone Idea,28,2GB/Day High-Speed Data,2,56,GB,Unlimited Calls (Local+STD+NR),100 SMS/Day,2800,Yes,Yes,Yes,Disney+ Hotstar Mobile,Free National Roaming,NA,Unlimited Data 12AM-6AM,NA,No,64 Kbps,Retail Outlet,Third Party App (PhonePe/Paytm),Pan India,23,Q4 FY2025-26,NA,Live,Yes,2GB/Day,64 Kbps,Bundled OTT Subscriptions | Vi Movies & TV Access,26-Feb-26,27-Mar-26
349,₹349.00 (GST Inclusive @18% | Base ₹295.76 + GST ₹53.24),Unlimited,Vi Hero Unlimited 349,25-Mar-26,NA,Active,"ANE, APR, BIH, DEL, GUJ, HAR, HP, J&K, KAR, KER, KOL, MAH, MPCG, MUM, NE, ORI, PUN, RAJ, ROB, TN, UPE, UPW, WB",UL Calls | 2GB/Day High-Speed Data | 100 SMS/Day | Unlimited 5G,26104792,3.Roaming Benefits,1.Roaming,Domestic Roaming Free (In & Out),PLN-PRE-00009,Prepaid,Retail,Value,Vi Hero Unlimited,Vodafone Idea,28,2GB/Day High-Speed Data,2,56,GB,Unlimited Calls (Local+STD+NR),100 SMS/Day,2800,Yes,Yes,Yes,Disney+ Hotstar Mobile,Free National Roaming,NA,Unlimited Data 12AM-6AM,NA,No,64 Kbps,Retail Outlet,Third Party App (PhonePe/Paytm),Pan India,23,Q4 FY2025-26,NA,Live,Yes,2GB/Day,64 Kbps,Bundled OTT Subscriptions | Vi Movies & TV Access,26-Feb-26,27-Mar-26
349,₹349.00 (GST Inclusive @18% | Base ₹295.76 + GST ₹53.24),Unlimited,Vi Hero Unlimited 349,25-Mar-26,NA,Active,"ANE, APR, BIH, DEL, GUJ, HAR, HP, J&K, KAR, KER, KOL, MAH, MPCG, MUM, NE, ORI, PUN, RAJ, ROB, TN, UPE, UPW, WB",UL Calls | 2GB/Day High-Speed Data | 100 SMS/Day | Unlimited 5G,26104792,5.Additional Benefits,1.Additional Benefits,Bundled OTT Subscriptions | Vi Movies & TV Access,PLN-PRE-00009,Prepaid,Retail,Value,Vi Hero Unlimited,Vodafone Idea,28,2GB/Day High-Speed Data,2,56,GB,Unlimited Calls (Local+STD+NR),100 SMS/Day,2800,Yes,Yes,Yes,Disney+ Hotstar Mobile,Free National Roaming,NA,Unlimited Data 12AM-6AM,NA,No,64 Kbps,Retail Outlet,Third Party App (PhonePe/Paytm),Pan India,23,Q4 FY2025-26,NA,Live,Yes,2GB/Day,64 Kbps,Bundled OTT Subscriptions | Vi Movies & TV Access,26-Feb-26,27-Mar-26
399,₹399.00 (GST Inclusive @18% | Base ₹338.14 + GST ₹60.86),Unlimited,Vi Hero Unlimited 399,04-Sep-25,NA,Active,"ANE, APR, BIH, DEL, GUJ, HAR, HP, J&K, KAR, KER, KOL, MAH, MPCG, MUM, NE, ORI, PUN, RAJ, ROB, TN, UPE, UPW, WB",UL Calls | 2.5GB/Day High-Speed Data | 100 SMS/Day | Unlimited 5G,26105351,1.Telco Benefits,1.Voice,Unlimited Calls (Local+STD+NR),PLN-PRE-00010,Prepaid,Retail,Youth,Vi Hero Unlimited,Vodafone Idea,28,2.5GB/Day High-Speed Data,2.5,70,GB,Unlimited Calls (Local+STD+NR),100 SMS/Day,2800,Yes,Yes,Yes,Disney+ Hotstar Mobile + SonyLIV Mobile,Free National Roaming,NA,Unlimited Data 12AM-6AM,NA,No,64 Kbps,Retail Outlet,MyApp | UPI,Pan India,23,Q2 FY2025-26,NA,Live,No,2.5GB/Day,64 Kbps,Bundled OTT Subscriptions | Vi Movies & TV Access,27-Jul-25,10-Nov-25
399,₹399.00 (GST Inclusive @18% | Base ₹338.14 + GST ₹60.86),Unlimited,Vi Hero Unlimited 399,04-Sep-25,NA,Active,"ANE, APR, BIH, DEL, GUJ, HAR, HP, J&K, KAR, KER, KOL, MAH, MPCG, MUM, NE, ORI, PUN, RAJ, ROB, TN, UPE, UPW, WB",UL Calls | 2.5GB/Day High-Speed Data | 100 SMS/Day | Unlimited 5G,26105351,1.Telco Benefits,2.Data,2.5GB High Speed Data Per Day,PLN-PRE-00010,Prepaid,Retail,Youth,Vi Hero Unlimited,Vodafone Idea,28,2.5GB/Day High-Speed Data,2.5,70,GB,Unlimited Calls (Local+STD+NR),100 SMS/Day,2800,Yes,Yes,Yes,Disney+ Hotstar Mobile + SonyLIV Mobile,Free National Roaming,NA,Unlimited Data 12AM-6AM,NA,No,64 Kbps,Retail Outlet,MyApp | UPI,Pan India,23,Q2 FY2025-26,NA,Live,No,2.5GB/Day,64 Kbps,Bundled OTT Subscriptions | Vi Movies & TV Access,27-Jul-25,10-Nov-25
399,₹399.00 (GST Inclusive @18% | Base ₹338.14 + GST ₹60.86),Unlimited,Vi Hero Unlimited 399,04-Sep-25,NA,Active,"ANE, APR, BIH, DEL, GUJ, HAR, HP, J&K, KAR, KER, KOL, MAH, MPCG, MUM, NE, ORI, PUN, RAJ, ROB, TN, UPE, UPW, WB",UL Calls | 2.5GB/Day High-Speed Data | 100 SMS/Day | Unlimited 5G,26105351,1.Telco Benefits,2.Data,64 Kbps Post Daily Limit,PLN-PRE-00010,Prepaid,Retail,Youth,Vi Hero Unlimited,Vodafone Idea,28,2.5GB/Day High-Speed Data,2.5,70,GB,Unlimited Calls (Local+STD+NR),100 SMS/Day,2800,Yes,Yes,Yes,Disney+ Hotstar Mobile + SonyLIV Mobile,Free National Roaming,NA,Unlimited Data 12AM-6AM,NA,No,64 Kbps,Retail Outlet,MyApp | UPI,Pan India,23,Q2 FY2025-26,NA,Live,No,2.5GB/Day,64 Kbps,Bundled OTT Subscriptions | Vi Movies & TV Access,27-Jul-25,10-Nov-25
399,₹399.00 (GST Inclusive @18% | Base ₹338.14 + GST ₹60.86),Unlimited,Vi Hero Unlimited 399,04-Sep-25,NA,Active,"ANE, APR, BIH, DEL, GUJ, HAR, HP, J&K, KAR, KER, KOL, MAH, MPCG, MUM, NE, ORI, PUN, RAJ, ROB, TN, UPE, UPW, WB",UL Calls | 2.5GB/Day High-Speed Data | 100 SMS/Day | Unlimited 5G,26105351,1.Telco Benefits,2.Data,Free Unlimited 5G Access (Select Circles),PLN-PRE-00010,Prepaid,Retail,Youth,Vi Hero Unlimited,Vodafone Idea,28,2.5GB/Day High-Speed Data,2.5,70,GB,Unlimited Calls (Local+STD+NR),100 SMS/Day,2800,Yes,Yes,Yes,Disney+ Hotstar Mobile + SonyLIV Mobile,Free National Roaming,NA,Unlimited Data 12AM-6AM,NA,No,64 Kbps,Retail Outlet,MyApp | UPI,Pan India,23,Q2 FY2025-26,NA,Live,No,2.5GB/Day,64 Kbps,Bundled OTT Subscriptions | Vi Movies & TV Access,27-Jul-25,10-Nov-25
399,₹399.00 (GST Inclusive @18% | Base ₹338.14 + GST ₹60.86),Unlimited,Vi Hero Unlimited 399,04-Sep-25,NA,Active,"ANE, APR, BIH, DEL, GUJ, HAR, HP, J&K, KAR, KER, KOL, MAH, MPCG, MUM, NE, ORI, PUN, RAJ, ROB, TN, UPE, UPW, WB",UL Calls | 2.5GB/Day High-Speed Data | 100 SMS/Day | Unlimited 5G,26105351,1.Telco Benefits,3.SMS,100 SMS/Day,PLN-PRE-00010,Prepaid,Retail,Youth,Vi Hero Unlimited,Vodafone Idea,28,2.5GB/Day High-Speed Data,2.5,70,GB,Unlimited Calls (Local+STD+NR),100 SMS/Day,2800,Yes,Yes,Yes,Disney+ Hotstar Mobile + SonyLIV Mobile,Free National Roaming,NA,Unlimited Data 12AM-6AM,NA,No,64 Kbps,Retail Outlet,MyApp | UPI,Pan India,23,Q2 FY2025-26,NA,Live,No,2.5GB/Day,64 Kbps,Bundled OTT Subscriptions | Vi Movies & TV Access,27-Jul-25,10-Nov-25
399,₹399.00 (GST Inclusive @18% | Base ₹338.14 + GST ₹60.86),Unlimited,Vi Hero Unlimited 399,04-Sep-25,NA,Active,"ANE, APR, BIH, DEL, GUJ, HAR, HP, J&K, KAR, KER, KOL, MAH, MPCG, MUM, NE, ORI, PUN, RAJ, ROB, TN, UPE, UPW, WB",UL Calls | 2.5GB/Day High-Speed Data | 100 SMS/Day | Unlimited 5G,26105351,1.Telco Benefits,4.Validity,Pack Valid for 28 Days,PLN-PRE-00010,Prepaid,Retail,Youth,Vi Hero Unlimited,Vodafone Idea,28,2.5GB/Day High-Speed Data,2.5,70,GB,Unlimited Calls (Local+STD+NR),100 SMS/Day,2800,Yes,Yes,Yes,Disney+ Hotstar Mobile + SonyLIV Mobile,Free National Roaming,NA,Unlimited Data 12AM-6AM,NA,No,64 Kbps,Retail Outlet,MyApp | UPI,Pan India,23,Q2 FY2025-26,NA,Live,No,2.5GB/Day,64 Kbps,Bundled OTT Subscriptions | Vi Movies & TV Access,27-Jul-25,10-Nov-25
399,₹399.00 (GST Inclusive @18% | Base ₹338.14 + GST ₹60.86),Unlimited,Vi Hero Unlimited 399,04-Sep-25,NA,Active,"ANE, APR, BIH, DEL, GUJ, HAR, HP, J&K, KAR, KER, KOL, MAH, MPCG, MUM, NE, ORI, PUN, RAJ, ROB, TN, UPE, UPW, WB",UL Calls | 2.5GB/Day High-Speed Data | 100 SMS/Day | Unlimited 5G,26105351,1.Telco Benefits,5.FUP,Post 2.5GB/Day FUP - Speed Reduced to 64 Kbps,PLN-PRE-00010,Prepaid,Retail,Youth,Vi Hero Unlimited,Vodafone Idea,28,2.5GB/Day High-Speed Data,2.5,70,GB,Unlimited Calls (Local+STD+NR),100 SMS/Day,2800,Yes,Yes,Yes,Disney+ Hotstar Mobile + SonyLIV Mobile,Free National Roaming,NA,Unlimited Data 12AM-6AM,NA,No,64 Kbps,Retail Outlet,MyApp | UPI,Pan India,23,Q2 FY2025-26,NA,Live,No,2.5GB/Day,64 Kbps,Bundled OTT Subscriptions | Vi Movies & TV Access,27-Jul-25,10-Nov-25
399,₹399.00 (GST Inclusive @18% | Base ₹338.14 + GST ₹60.86),Unlimited,Vi Hero Unlimited 399,04-Sep-25,NA,Active,"ANE, APR, BIH, DEL, GUJ, HAR, HP, J&K, KAR, KER, KOL, MAH, MPCG, MUM, NE, ORI, PUN, RAJ, ROB, TN, UPE, UPW, WB",UL Calls | 2.5GB/Day High-Speed Data | 100 SMS/Day | Unlimited 5G,26105351,2.OTT Benefits,1.OTT,Disney+ Hotstar Mobile + SonyLIV Mobile,PLN-PRE-00010,Prepaid,Retail,Youth,Vi Hero Unlimited,Vodafone Idea,28,2.5GB/Day High-Speed Data,2.5,70,GB,Unlimited Calls (Local+STD+NR),100 SMS/Day,2800,Yes,Yes,Yes,Disney+ Hotstar Mobile + SonyLIV Mobile,Free National Roaming,NA,Unlimited Data 12AM-6AM,NA,No,64 Kbps,Retail Outlet,MyApp | UPI,Pan India,23,Q2 FY2025-26,NA,Live,No,2.5GB/Day,64 Kbps,Bundled OTT Subscriptions | Vi Movies & TV Access,27-Jul-25,10-Nov-25
399,₹399.00 (GST Inclusive @18% | Base ₹338.14 + GST ₹60.86),Unlimited,Vi Hero Unlimited 399,04-Sep-25,NA,Active,"ANE, APR, BIH, DEL, GUJ, HAR, HP, J&K, KAR, KER, KOL, MAH, MPCG, MUM, NE, ORI, PUN, RAJ, ROB, TN, UPE, UPW, WB",UL Calls | 2.5GB/Day High-Speed Data | 100 SMS/Day | Unlimited 5G,26105351,3.Roaming Benefits,1.Roaming,Free National Roaming (Incoming+Outgoing),PLN-PRE-00010,Prepaid,Retail,Youth,Vi Hero Unlimited,Vodafone Idea,28,2.5GB/Day High-Speed Data,2.5,70,GB,Unlimited Calls (Local+STD+NR),100 SMS/Day,2800,Yes,Yes,Yes,Disney+ Hotstar Mobile + SonyLIV Mobile,Free National Roaming,NA,Unlimited Data 12AM-6AM,NA,No,64 Kbps,Retail Outlet,MyApp | UPI,Pan India,23,Q2 FY2025-26,NA,Live,No,2.5GB/Day,64 Kbps,Bundled OTT Subscriptions | Vi Movies & TV Access,27-Jul-25,10-Nov-25
399,₹399.00 (GST Inclusive @18% | Base ₹338.14 + GST ₹60.86),Unlimited,Vi Hero Unlimited 399,04-Sep-25,NA,Active,"ANE, APR, BIH, DEL, GUJ, HAR, HP, J&K, KAR, KER, KOL, MAH, MPCG, MUM, NE, ORI, PUN, RAJ, ROB, TN, UPE, UPW, WB",UL Calls | 2.5GB/Day High-Speed Data | 100 SMS/Day | Unlimited 5G,26105351,5.Additional Benefits,1.Additional Benefits,Bundled OTT Subscriptions | Vi Movies & TV Access,PLN-PRE-00010,Prepaid,Retail,Youth,Vi Hero Unlimited,Vodafone Idea,28,2.5GB/Day High-Speed Data,2.5,70,GB,Unlimited Calls (Local+STD+NR),100 SMS/Day,2800,Yes,Yes,Yes,Disney+ Hotstar Mobile + SonyLIV Mobile,Free National Roaming,NA,Unlimited Data 12AM-6AM,NA,No,64 Kbps,Retail Outlet,MyApp | UPI,Pan India,23,Q2 FY2025-26,NA,Live,No,2.5GB/Day,64 Kbps,Bundled OTT Subscriptions | Vi Movies & TV Access,27-Jul-25,10-Nov-25
449,₹449.00 (GST Inclusive @18% | Base ₹380.51 + GST ₹68.49),Unlimited,Vi Hero Unlimited 449,06-Feb-25,NA,Active,"ANE, APR, BIH, DEL, GUJ, HAR, HP, J&K, KAR, KER, KOL, MAH, MPCG, MUM, NE, ORI, PUN, RAJ, ROB, TN, UPE, UPW, WB",UL Calls | 1.5GB/Day High-Speed Data | 100 SMS/Day,26106058,1.Telco Benefits,1.Voice,Unlimited Voice (L+STD+NR),PLN-PRE-00011,Prepaid,Retail,Mass,Vi Hero Unlimited,Vodafone Idea,56,1.5GB/Day High-Speed Data,1.5,84,GB,Unlimited Calls (Local+STD+NR),100 SMS/Day,5600,No,Yes,No,NA,Free National Roaming,NA,Unlimited Data 12AM-6AM,NA,No,64 Kbps,Call Center,Third Party App (PhonePe/Paytm),Pan India,23,Q4 FY2024-25,NA,Live,Yes,1.5GB/Day,64 Kbps,Vi Movies & TV Access,20-Jan-25,09-Sep-25
449,₹449.00 (GST Inclusive @18% | Base ₹380.51 + GST ₹68.49),Unlimited,Vi Hero Unlimited 449,06-Feb-25,NA,Active,"ANE, APR, BIH, DEL, GUJ, HAR, HP, J&K, KAR, KER, KOL, MAH, MPCG, MUM, NE, ORI, PUN, RAJ, ROB, TN, UPE, UPW, WB",UL Calls | 1.5GB/Day High-Speed Data | 100 SMS/Day,26106058,1.Telco Benefits,2.Data,1.5GB High Speed Data Per Day,PLN-PRE-00011,Prepaid,Retail,Mass,Vi Hero Unlimited,Vodafone Idea,56,1.5GB/Day High-Speed Data,1.5,84,GB,Unlimited Calls (Local+STD+NR),100 SMS/Day,5600,No,Yes,No,NA,Free National Roaming,NA,Unlimited Data 12AM-6AM,NA,No,64 Kbps,Call Center,Third Party App (PhonePe/Paytm),Pan India,23,Q4 FY2024-25,NA,Live,Yes,1.5GB/Day,64 Kbps,Vi Movies & TV Access,20-Jan-25,09-Sep-25
449,₹449.00 (GST Inclusive @18% | Base ₹380.51 + GST ₹68.49),Unlimited,Vi Hero Unlimited 449,06-Feb-25,NA,Active,"ANE, APR, BIH, DEL, GUJ, HAR, HP, J&K, KAR, KER, KOL, MAH, MPCG, MUM, NE, ORI, PUN, RAJ, ROB, TN, UPE, UPW, WB",UL Calls | 1.5GB/Day High-Speed Data | 100 SMS/Day,26106058,1.Telco Benefits,2.Data,Reduced Speed (64kbps) After Daily Data Exhausted,PLN-PRE-00011,Prepaid,Retail,Mass,Vi Hero Unlimited,Vodafone Idea,56,1.5GB/Day High-Speed Data,1.5,84,GB,Unlimited Calls (Local+STD+NR),100 SMS/Day,5600,No,Yes,No,NA,Free National Roaming,NA,Unlimited Data 12AM-6AM,NA,No,64 Kbps,Call Center,Third Party App (PhonePe/Paytm),Pan India,23,Q4 FY2024-25,NA,Live,Yes,1.5GB/Day,64 Kbps,Vi Movies & TV Access,20-Jan-25,09-Sep-25
449,₹449.00 (GST Inclusive @18% | Base ₹380.51 + GST ₹68.49),Unlimited,Vi Hero Unlimited 449,06-Feb-25,NA,Active,"ANE, APR, BIH, DEL, GUJ, HAR, HP, J&K, KAR, KER, KOL, MAH, MPCG, MUM, NE, ORI, PUN, RAJ, ROB, TN, UPE, UPW, WB",UL Calls | 1.5GB/Day High-Speed Data | 100 SMS/Day,26106058,1.Telco Benefits,3.SMS,100 SMS/Day,PLN-PRE-00011,Prepaid,Retail,Mass,Vi Hero Unlimited,Vodafone Idea,56,1.5GB/Day High-Speed Data,1.5,84,GB,Unlimited Calls (Local+STD+NR),100 SMS/Day,5600,No,Yes,No,NA,Free National Roaming,NA,Unlimited Data 12AM-6AM,NA,No,64 Kbps,Call Center,Third Party App (PhonePe/Paytm),Pan India,23,Q4 FY2024-25,NA,Live,Yes,1.5GB/Day,64 Kbps,Vi Movies & TV Access,20-Jan-25,09-Sep-25
449,₹449.00 (GST Inclusive @18% | Base ₹380.51 + GST ₹68.49),Unlimited,Vi Hero Unlimited 449,06-Feb-25,NA,Active,"ANE, APR, BIH, DEL, GUJ, HAR, HP, J&K, KAR, KER, KOL, MAH, MPCG, MUM, NE, ORI, PUN, RAJ, ROB, TN, UPE, UPW, WB",UL Calls | 1.5GB/Day High-Speed Data | 100 SMS/Day,26106058,1.Telco Benefits,4.Validity,Validity: 56 Days,PLN-PRE-00011,Prepaid,Retail,Mass,Vi Hero Unlimited,Vodafone Idea,56,1.5GB/Day High-Speed Data,1.5,84,GB,Unlimited Calls (Local+STD+NR),100 SMS/Day,5600,No,Yes,No,NA,Free National Roaming,NA,Unlimited Data 12AM-6AM,NA,No,64 Kbps,Call Center,Third Party App (PhonePe/Paytm),Pan India,23,Q4 FY2024-25,NA,Live,Yes,1.5GB/Day,64 Kbps,Vi Movies & TV Access,20-Jan-25,09-Sep-25
449,₹449.00 (GST Inclusive @18% | Base ₹380.51 + GST ₹68.49),Unlimited,Vi Hero Unlimited 449,06-Feb-25,NA,Active,"ANE, APR, BIH, DEL, GUJ, HAR, HP, J&K, KAR, KER, KOL, MAH, MPCG, MUM, NE, ORI, PUN, RAJ, ROB, TN, UPE, UPW, WB",UL Calls | 1.5GB/Day High-Speed Data | 100 SMS/Day,26106058,1.Telco Benefits,5.FUP,Beyond 1.5GB/Day: Speed Capped at 64 Kbps,PLN-PRE-00011,Prepaid,Retail,Mass,Vi Hero Unlimited,Vodafone Idea,56,1.5GB/Day High-Speed Data,1.5,84,GB,Unlimited Calls (Local+STD+NR),100 SMS/Day,5600,No,Yes,No,NA,Free National Roaming,NA,Unlimited Data 12AM-6AM,NA,No,64 Kbps,Call Center,Third Party App (PhonePe/Paytm),Pan India,23,Q4 FY2024-25,NA,Live,Yes,1.5GB/Day,64 Kbps,Vi Movies & TV Access,20-Jan-25,09-Sep-25
449,₹449.00 (GST Inclusive @18% | Base ₹380.51 + GST ₹68.49),Unlimited,Vi Hero Unlimited 449,06-Feb-25,NA,Active,"ANE, APR, BIH, DEL, GUJ, HAR, HP, J&K, KAR, KER, KOL, MAH, MPCG, MUM, NE, ORI, PUN, RAJ, ROB, TN, UPE, UPW, WB",UL Calls | 1.5GB/Day High-Speed Data | 100 SMS/Day,26106058,3.Roaming Benefits,1.Roaming,Free National Roaming - Incoming & Outgoing,PLN-PRE-00011,Prepaid,Retail,Mass,Vi Hero Unlimited,Vodafone Idea,56,1.5GB/Day High-Speed Data,1.5,84,GB,Unlimited Calls (Local+STD+NR),100 SMS/Day,5600,No,Yes,No,NA,Free National Roaming,NA,Unlimited Data 12AM-6AM,NA,No,64 Kbps,Call Center,Third Party App (PhonePe/Paytm),Pan India,23,Q4 FY2024-25,NA,Live,Yes,1.5GB/Day,64 Kbps,Vi Movies & TV Access,20-Jan-25,09-Sep-25
449,₹449.00 (GST Inclusive @18% | Base ₹380.51 + GST ₹68.49),Unlimited,Vi Hero Unlimited 449,06-Feb-25,NA,Active,"ANE, APR, BIH, DEL, GUJ, HAR, HP, J&K, KAR, KER, KOL, MAH, MPCG, MUM, NE, ORI, PUN, RAJ, ROB, TN, UPE, UPW, WB",UL Calls | 1.5GB/Day High-Speed Data | 100 SMS/Day,26106058,5.Additional Benefits,1.Additional Benefits,Vi Movies & TV Access,PLN-PRE-00011,Prepaid,Retail,Mass,Vi Hero Unlimited,Vodafone Idea,56,1.5GB/Day High-Speed Data,1.5,84,GB,Unlimited Calls (Local+STD+NR),100 SMS/Day,5600,No,Yes,No,NA,Free National Roaming,NA,Unlimited Data 12AM-6AM,NA,No,64 Kbps,Call Center,Third Party App (PhonePe/Paytm),Pan India,23,Q4 FY2024-25,NA,Live,Yes,1.5GB/Day,64 Kbps,Vi Movies & TV Access,20-Jan-25,09-Sep-25
499,₹499.00 (GST Inclusive @18% | Base ₹422.88 + GST ₹76.12),Unlimited,Vi Hero Unlimited 499,28-Aug-24,NA,Active,"ANE, APR, BIH, DEL, GUJ, HAR, HP, J&K, KAR, KER, KOL, MAH, MPCG, MUM, NE, ORI, PUN, RAJ, ROB, TN, UPE, UPW, WB",UL Calls | 2GB/Day High-Speed Data | 100 SMS/Day | Unlimited 5G,26106202,1.Telco Benefits,1.Voice,Unlimited Calls (Local+STD+NR),PLN-PRE-00012,Prepaid,Retail,Mass,Vi Hero Unlimited,Vodafone Idea,56,2GB/Day High-Speed Data,2,112,GB,Unlimited Calls (Local+STD+NR),100 SMS/Day,5600,Yes,Yes,No,NA,Free National Roaming,NA,Unlimited Data 12AM-6AM,NA,Yes,64 Kbps,Call Center,Website | Netbanking,Pan India,23,Q2 FY2024-25,NA,Live,No,2GB/Day,64 Kbps,Unused Data Rollover | Vi Movies & TV Access,17-Jul-24,23-Nov-25
499,₹499.00 (GST Inclusive @18% | Base ₹422.88 + GST ₹76.12),Unlimited,Vi Hero Unlimited 499,28-Aug-24,NA,Active,"ANE, APR, BIH, DEL, GUJ, HAR, HP, J&K, KAR, KER, KOL, MAH, MPCG, MUM, NE, ORI, PUN, RAJ, ROB, TN, UPE, UPW, WB",UL Calls | 2GB/Day High-Speed Data | 100 SMS/Day | Unlimited 5G,26106202,1.Telco Benefits,2.Data,2GB High Speed Data Per Day,PLN-PRE-00012,Prepaid,Retail,Mass,Vi Hero Unlimited,Vodafone Idea,56,2GB/Day High-Speed Data,2,112,GB,Unlimited Calls (Local+STD+NR),100 SMS/Day,5600,Yes,Yes,No,NA,Free National Roaming,NA,Unlimited Data 12AM-6AM,NA,Yes,64 Kbps,Call Center,Website | Netbanking,Pan India,23,Q2 FY2024-25,NA,Live,No,2GB/Day,64 Kbps,Unused Data Rollover | Vi Movies & TV Access,17-Jul-24,23-Nov-25
499,₹499.00 (GST Inclusive @18% | Base ₹422.88 + GST ₹76.12),Unlimited,Vi Hero Unlimited 499,28-Aug-24,NA,Active,"ANE, APR, BIH, DEL, GUJ, HAR, HP, J&K, KAR, KER, KOL, MAH, MPCG, MUM, NE, ORI, PUN, RAJ, ROB, TN, UPE, UPW, WB",UL Calls | 2GB/Day High-Speed Data | 100 SMS/Day | Unlimited 5G,26106202,1.Telco Benefits,2.Data,Post Daily FUP Speed: 64 Kbps,PLN-PRE-00012,Prepaid,Retail,Mass,Vi Hero Unlimited,Vodafone Idea,56,2GB/Day High-Speed Data,2,112,GB,Unlimited Calls (Local+STD+NR),100 SMS/Day,5600,Yes,Yes,No,NA,Free National Roaming,NA,Unlimited Data 12AM-6AM,NA,Yes,64 Kbps,Call Center,Website | Netbanking,Pan India,23,Q2 FY2024-25,NA,Live,No,2GB/Day,64 Kbps,Unused Data Rollover | Vi Movies & TV Access,17-Jul-24,23-Nov-25
499,₹499.00 (GST Inclusive @18% | Base ₹422.88 + GST ₹76.12),Unlimited,Vi Hero Unlimited 499,28-Aug-24,NA,Active,"ANE, APR, BIH, DEL, GUJ, HAR, HP, J&K, KAR, KER, KOL, MAH, MPCG, MUM, NE, ORI, PUN, RAJ, ROB, TN, UPE, UPW, WB",UL Calls | 2GB/Day High-Speed Data | 100 SMS/Day | Unlimited 5G,26106202,1.Telco Benefits,2.Data,Unltd 5G Data (Where 5G is Live),PLN-PRE-00012,Prepaid,Retail,Mass,Vi Hero Unlimited,Vodafone Idea,56,2GB/Day High-Speed Data,2,112,GB,Unlimited Calls (Local+STD+NR),100 SMS/Day,5600,Yes,Yes,No,NA,Free National Roaming,NA,Unlimited Data 12AM-6AM,NA,Yes,64 Kbps,Call Center,Website | Netbanking,Pan India,23,Q2 FY2024-25,NA,Live,No,2GB/Day,64 Kbps,Unused Data Rollover | Vi Movies & TV Access,17-Jul-24,23-Nov-25
499,₹499.00 (GST Inclusive @18% | Base ₹422.88 + GST ₹76.12),Unlimited,Vi Hero Unlimited 499,28-Aug-24,NA,Active,"ANE, APR, BIH, DEL, GUJ, HAR, HP, J&K, KAR, KER, KOL, MAH, MPCG, MUM, NE, ORI, PUN, RAJ, ROB, TN, UPE, UPW, WB",UL Calls | 2GB/Day High-Speed Data | 100 SMS/Day | Unlimited 5G,26106202,1.Telco Benefits,3.SMS,100 SMS/Day,PLN-PRE-00012,Prepaid,Retail,Mass,Vi Hero Unlimited,Vodafone Idea,56,2GB/Day High-Speed Data,2,112,GB,Unlimited Calls (Local+STD+NR),100 SMS/Day,5600,Yes,Yes,No,NA,Free National Roaming,NA,Unlimited Data 12AM-6AM,NA,Yes,64 Kbps,Call Center,Website | Netbanking,Pan India,23,Q2 FY2024-25,NA,Live,No,2GB/Day,64 Kbps,Unused Data Rollover | Vi Movies & TV Access,17-Jul-24,23-Nov-25
499,₹499.00 (GST Inclusive @18% | Base ₹422.88 + GST ₹76.12),Unlimited,Vi Hero Unlimited 499,28-Aug-24,NA,Active,"ANE, APR, BIH, DEL, GUJ, HAR, HP, J&K, KAR, KER, KOL, MAH, MPCG, MUM, NE, ORI, PUN, RAJ, ROB, TN, UPE, UPW, WB",UL Calls | 2GB/Day High-Speed Data | 100 SMS/Day | Unlimited 5G,26106202,1.Telco Benefits,4.Validity,Pack Valid for 56 Days,PLN-PRE-00012,Prepaid,Retail,Mass,Vi Hero Unlimited,Vodafone Idea,56,2GB/Day High-Speed Data,2,112,GB,Unlimited Calls (Local+STD+NR),100 SMS/Day,5600,Yes,Yes,No,NA,Free National Roaming,NA,Unlimited Data 12AM-6AM,NA,Yes,64 Kbps,Call Center,Website | Netbanking,Pan India,23,Q2 FY2024-25,NA,Live,No,2GB/Day,64 Kbps,Unused Data Rollover | Vi Movies & TV Access,17-Jul-24,23-Nov-25
499,₹499.00 (GST Inclusive @18% | Base ₹422.88 + GST ₹76.12),Unlimited,Vi Hero Unlimited 499,28-Aug-24,NA,Active,"ANE, APR, BIH, DEL, GUJ, HAR, HP, J&K, KAR, KER, KOL, MAH, MPCG, MUM, NE, ORI, PUN, RAJ, ROB, TN, UPE, UPW, WB",UL Calls | 2GB/Day High-Speed Data | 100 SMS/Day | Unlimited 5G,26106202,1.Telco Benefits,5.FUP,Post 2GB/Day FUP - Speed Reduced to 64 Kbps,PLN-PRE-00012,Prepaid,Retail,Mass,Vi Hero Unlimited,Vodafone Idea,56,2GB/Day High-Speed Data,2,112,GB,Unlimited Calls (Local+STD+NR),100 SMS/Day,5600,Yes,Yes,No,NA,Free National Roaming,NA,Unlimited Data 12AM-6AM,NA,Yes,64 Kbps,Call Center,Website | Netbanking,Pan India,23,Q2 FY2024-25,NA,Live,No,2GB/Day,64 Kbps,Unused Data Rollover | Vi Movies & TV Access,17-Jul-24,23-Nov-25
499,₹499.00 (GST Inclusive @18% | Base ₹422.88 + GST ₹76.12),Unlimited,Vi Hero Unlimited 499,28-Aug-24,NA,Active,"ANE, APR, BIH, DEL, GUJ, HAR, HP, J&K, KAR, KER, KOL, MAH, MPCG, MUM, NE, ORI, PUN, RAJ, ROB, TN, UPE, UPW, WB",UL Calls | 2GB/Day High-Speed Data | 100 SMS/Day | Unlimited 5G,26106202,3.Roaming Benefits,1.Roaming,Domestic Roaming Free (In & Out),PLN-PRE-00012,Prepaid,Retail,Mass,Vi Hero Unlimited,Vodafone Idea,56,2GB/Day High-Speed Data,2,112,GB,Unlimited Calls (Local+STD+NR),100 SMS/Day,5600,Yes,Yes,No,NA,Free National Roaming,NA,Unlimited Data 12AM-6AM,NA,Yes,64 Kbps,Call Center,Website | Netbanking,Pan India,23,Q2 FY2024-25,NA,Live,No,2GB/Day,64 Kbps,Unused Data Rollover | Vi Movies & TV Access,17-Jul-24,23-Nov-25
499,₹499.00 (GST Inclusive @18% | Base ₹422.88 + GST ₹76.12),Unlimited,Vi Hero Unlimited 499,28-Aug-24,NA,Active,"ANE, APR, BIH, DEL, GUJ, HAR, HP, J&K, KAR, KER, KOL, MAH, MPCG, MUM, NE, ORI, PUN, RAJ, ROB, TN, UPE, UPW, WB",UL Calls | 2GB/Day High-Speed Data | 100 SMS/Day | Unlimited 5G,26106202,5.Additional Benefits,1.Additional Benefits,Unused Data Rollover | Vi Movies & TV Access,PLN-PRE-00012,Prepaid,Retail,Mass,Vi Hero Unlimited,Vodafone Idea,56,2GB/Day High-Speed Data,2,112,GB,Unlimited Calls (Local+STD+NR),100 SMS/Day,5600,Yes,Yes,No,NA,Free National Roaming,NA,Unlimited Data 12AM-6AM,NA,Yes,64 Kbps,Call Center,Website | Netbanking,Pan India,23,Q2 FY2024-25,NA,Live,No,2GB/Day,64 Kbps,Unused Data Rollover | Vi Movies & TV Access,17-Jul-24,23-Nov-25
549,₹549.00 (GST Inclusive @18% | Base ₹465.25 + GST ₹83.75),Unlimited,Vi Hero Unlimited 549,15-Jun-24,NA,Active,"ANE, APR, BIH, DEL, GUJ, HAR, HP, J&K, KAR, KER, KOL, MAH, MPCG, MUM, NE, ORI, PUN, RAJ, ROB, TN, UPE, UPW, WB",UL Calls | 2GB/Day High-Speed Data | 100 SMS/Day | Unlimited 5G,26106698,1.Telco Benefits,1.Voice,Unlimited Voice (L+STD+NR),PLN-PRE-00013,Prepaid,Retail,Value,Vi Hero Unlimited,Vodafone Idea,56,2GB/Day High-Speed Data,2,112,GB,Unlimited Calls (Local+STD+NR),100 SMS/Day,5600,Yes,Yes,Yes,Disney+ Hotstar Mobile,Free National Roaming,NA,Unlimited Data 12AM-6AM,NA,Yes,64 Kbps,MyApp,MyApp | Debit Card,Pan India,23,Q1 FY2024-25,NA,Live,No,2GB/Day,64 Kbps,Bundled OTT Subscriptions | Unused Data Rollover | Vi Movies & TV Access,22-May-24,15-Sep-24
549,₹549.00 (GST Inclusive @18% | Base ₹465.25 + GST ₹83.75),Unlimited,Vi Hero Unlimited 549,15-Jun-24,NA,Active,"ANE, APR, BIH, DEL, GUJ, HAR, HP, J&K, KAR, KER, KOL, MAH, MPCG, MUM, NE, ORI, PUN, RAJ, ROB, TN, UPE, UPW, WB",UL Calls | 2GB/Day High-Speed Data | 100 SMS/Day | Unlimited 5G,26106698,1.Telco Benefits,2.Data,2 GB/Day 4G/5G Data,PLN-PRE-00013,Prepaid,Retail,Value,Vi Hero Unlimited,Vodafone Idea,56,2GB/Day High-Speed Data,2,112,GB,Unlimited Calls (Local+STD+NR),100 SMS/Day,5600,Yes,Yes,Yes,Disney+ Hotstar Mobile,Free National Roaming,NA,Unlimited Data 12AM-6AM,NA,Yes,64 Kbps,MyApp,MyApp | Debit Card,Pan India,23,Q1 FY2024-25,NA,Live,No,2GB/Day,64 Kbps,Bundled OTT Subscriptions | Unused Data Rollover | Vi Movies & TV Access,22-May-24,15-Sep-24
549,₹549.00 (GST Inclusive @18% | Base ₹465.25 + GST ₹83.75),Unlimited,Vi Hero Unlimited 549,15-Jun-24,NA,Active,"ANE, APR, BIH, DEL, GUJ, HAR, HP, J&K, KAR, KER, KOL, MAH, MPCG, MUM, NE, ORI, PUN, RAJ, ROB, TN, UPE, UPW, WB",UL Calls | 2GB/Day High-Speed Data | 100 SMS/Day | Unlimited 5G,26106698,1.Telco Benefits,2.Data,Post Daily FUP Speed: 64 Kbps,PLN-PRE-00013,Prepaid,Retail,Value,Vi Hero Unlimited,Vodafone Idea,56,2GB/Day High-Speed Data,2,112,GB,Unlimited Calls (Local+STD+NR),100 SMS/Day,5600,Yes,Yes,Yes,Disney+ Hotstar Mobile,Free National Roaming,NA,Unlimited Data 12AM-6AM,NA,Yes,64 Kbps,MyApp,MyApp | Debit Card,Pan India,23,Q1 FY2024-25,NA,Live,No,2GB/Day,64 Kbps,Bundled OTT Subscriptions | Unused Data Rollover | Vi Movies & TV Access,22-May-24,15-Sep-24
549,₹549.00 (GST Inclusive @18% | Base ₹465.25 + GST ₹83.75),Unlimited,Vi Hero Unlimited 549,15-Jun-24,NA,Active,"ANE, APR, BIH, DEL, GUJ, HAR, HP, J&K, KAR, KER, KOL, MAH, MPCG, MUM, NE, ORI, PUN, RAJ, ROB, TN, UPE, UPW, WB",UL Calls | 2GB/Day High-Speed Data | 100 SMS/Day | Unlimited 5G,26106698,1.Telco Benefits,2.Data,Unlimited 5G DATA in cities where 5G is launched,PLN-PRE-00013,Prepaid,Retail,Value,Vi Hero Unlimited,Vodafone Idea,56,2GB/Day High-Speed Data,2,112,GB,Unlimited Calls (Local+STD+NR),100 SMS/Day,5600,Yes,Yes,Yes,Disney+ Hotstar Mobile,Free National Roaming,NA,Unlimited Data 12AM-6AM,NA,Yes,64 Kbps,MyApp,MyApp | Debit Card,Pan India,23,Q1 FY2024-25,NA,Live,No,2GB/Day,64 Kbps,Bundled OTT Subscriptions | Unused Data Rollover | Vi Movies & TV Access,22-May-24,15-Sep-24
549,₹549.00 (GST Inclusive @18% | Base ₹465.25 + GST ₹83.75),Unlimited,Vi Hero Unlimited 549,15-Jun-24,NA,Active,"ANE, APR, BIH, DEL, GUJ, HAR, HP, J&K, KAR, KER, KOL, MAH, MPCG, MUM, NE, ORI, PUN, RAJ, ROB, TN, UPE, UPW, WB",UL Calls | 2GB/Day High-Speed Data | 100 SMS/Day | Unlimited 5G,26106698,1.Telco Benefits,3.SMS,100 SMS/Day,PLN-PRE-00013,Prepaid,Retail,Value,Vi Hero Unlimited,Vodafone Idea,56,2GB/Day High-Speed Data,2,112,GB,Unlimited Calls (Local+STD+NR),100 SMS/Day,5600,Yes,Yes,Yes,Disney+ Hotstar Mobile,Free National Roaming,NA,Unlimited Data 12AM-6AM,NA,Yes,64 Kbps,MyApp,MyApp | Debit Card,Pan India,23,Q1 FY2024-25,NA,Live,No,2GB/Day,64 Kbps,Bundled OTT Subscriptions | Unused Data Rollover | Vi Movies & TV Access,22-May-24,15-Sep-24
549,₹549.00 (GST Inclusive @18% | Base ₹465.25 + GST ₹83.75),Unlimited,Vi Hero Unlimited 549,15-Jun-24,NA,Active,"ANE, APR, BIH, DEL, GUJ, HAR, HP, J&K, KAR, KER, KOL, MAH, MPCG, MUM, NE, ORI, PUN, RAJ, ROB, TN, UPE, UPW, WB",UL Calls | 2GB/Day High-Speed Data | 100 SMS/Day | Unlimited 5G,26106698,1.Telco Benefits,4.Validity,56 Days Validity,PLN-PRE-00013,Prepaid,Retail,Value,Vi Hero Unlimited,Vodafone Idea,56,2GB/Day High-Speed Data,2,112,GB,Unlimited Calls (Local+STD+NR),100 SMS/Day,5600,Yes,Yes,Yes,Disney+ Hotstar Mobile,Free National Roaming,NA,Unlimited Data 12AM-6AM,NA,Yes,64 Kbps,MyApp,MyApp | Debit Card,Pan India,23,Q1 FY2024-25,NA,Live,No,2GB/Day,64 Kbps,Bundled OTT Subscriptions | Unused Data Rollover | Vi Movies & TV Access,22-May-24,15-Sep-24
549,₹549.00 (GST Inclusive @18% | Base ₹465.25 + GST ₹83.75),Unlimited,Vi Hero Unlimited 549,15-Jun-24,NA,Active,"ANE, APR, BIH, DEL, GUJ, HAR, HP, J&K, KAR, KER, KOL, MAH, MPCG, MUM, NE, ORI, PUN, RAJ, ROB, TN, UPE, UPW, WB",UL Calls | 2GB/Day High-Speed Data | 100 SMS/Day | Unlimited 5G,26106698,1.Telco Benefits,5.FUP,"FUP Limit 2GB/Day, Throttled to 64 Kbps Thereafter",PLN-PRE-00013,Prepaid,Retail,Value,Vi Hero Unlimited,Vodafone Idea,56,2GB/Day High-Speed Data,2,112,GB,Unlimited Calls (Local+STD+NR),100 SMS/Day,5600,Yes,Yes,Yes,Disney+ Hotstar Mobile,Free National Roaming,NA,Unlimited Data 12AM-6AM,NA,Yes,64 Kbps,MyApp,MyApp | Debit Card,Pan India,23,Q1 FY2024-25,NA,Live,No,2GB/Day,64 Kbps,Bundled OTT Subscriptions | Unused Data Rollover | Vi Movies & TV Access,22-May-24,15-Sep-24
549,₹549.00 (GST Inclusive @18% | Base ₹465.25 + GST ₹83.75),Unlimited,Vi Hero Unlimited 549,15-Jun-24,NA,Active,"ANE, APR, BIH, DEL, GUJ, HAR, HP, J&K, KAR, KER, KOL, MAH, MPCG, MUM, NE, ORI, PUN, RAJ, ROB, TN, UPE, UPW, WB",UL Calls | 2GB/Day High-Speed Data | 100 SMS/Day | Unlimited 5G,26106698,2.OTT Benefits,1.OTT,Disney+Hotstar (Mobile Edition),PLN-PRE-00013,Prepaid,Retail,Value,Vi Hero Unlimited,Vodafone Idea,56,2GB/Day High-Speed Data,2,112,GB,Unlimited Calls (Local+STD+NR),100 SMS/Day,5600,Yes,Yes,Yes,Disney+ Hotstar Mobile,Free National Roaming,NA,Unlimited Data 12AM-6AM,NA,Yes,64 Kbps,MyApp,MyApp | Debit Card,Pan India,23,Q1 FY2024-25,NA,Live,No,2GB/Day,64 Kbps,Bundled OTT Subscriptions | Unused Data Rollover | Vi Movies & TV Access,22-May-24,15-Sep-24
549,₹549.00 (GST Inclusive @18% | Base ₹465.25 + GST ₹83.75),Unlimited,Vi Hero Unlimited 549,15-Jun-24,NA,Active,"ANE, APR, BIH, DEL, GUJ, HAR, HP, J&K, KAR, KER, KOL, MAH, MPCG, MUM, NE, ORI, PUN, RAJ, ROB, TN, UPE, UPW, WB",UL Calls | 2GB/Day High-Speed Data | 100 SMS/Day | Unlimited 5G,26106698,3.Roaming Benefits,1.Roaming,Free National Roaming (Incoming+Outgoing),PLN-PRE-00013,Prepaid,Retail,Value,Vi Hero Unlimited,Vodafone Idea,56,2GB/Day High-Speed Data,2,112,GB,Unlimited Calls (Local+STD+NR),100 SMS/Day,5600,Yes,Yes,Yes,Disney+ Hotstar Mobile,Free National Roaming,NA,Unlimited Data 12AM-6AM,NA,Yes,64 Kbps,MyApp,MyApp | Debit Card,Pan India,23,Q1 FY2024-25,NA,Live,No,2GB/Day,64 Kbps,Bundled OTT Subscriptions | Unused Data Rollover | Vi Movies & TV Access,22-May-24,15-Sep-24
549,₹549.00 (GST Inclusive @18% | Base ₹465.25 + GST ₹83.75),Unlimited,Vi Hero Unlimited 549,15-Jun-24,NA,Active,"ANE, APR, BIH, DEL, GUJ, HAR, HP, J&K, KAR, KER, KOL, MAH, MPCG, MUM, NE, ORI, PUN, RAJ, ROB, TN, UPE, UPW, WB",UL Calls | 2GB/Day High-Speed Data | 100 SMS/Day | Unlimited 5G,26106698,5.Additional Benefits,1.Additional Benefits,Bundled OTT Subscriptions | Unused Data Rollover | Vi Movies & TV Access,PLN-PRE-00013,Prepaid,Retail,Value,Vi Hero Unlimited,Vodafone Idea,56,2GB/Day High-Speed Data,2,112,GB,Unlimited Calls (Local+STD+NR),100 SMS/Day,5600,Yes,Yes,Yes,Disney+ Hotstar Mobile,Free National Roaming,NA,Unlimited Data 12AM-6AM,NA,Yes,64 Kbps,MyApp,MyApp | Debit Card,Pan India,23,Q1 FY2024-25,NA,Live,No,2GB/Day,64 Kbps,Bundled OTT Subscriptions | Unused Data Rollover | Vi Movies & TV Access,22-May-24,15-Sep-24
599,₹599.00 (GST Inclusive @18% | Base ₹507.63 + GST ₹91.37),Unlimited,Vi Hero Unlimited 599,29-Dec-25,NA,Active,"GUJ, MPCG, MUM",UL Calls | 2.5GB/Day High-Speed Data | 100 SMS/Day | Unlimited 5G,26107179,1.Telco Benefits,1.Voice,Unlimited Calls (Local+STD+NR),PLN-PRE-00014,Prepaid,Retail,Youth,Vi Hero Unlimited,Vodafone Idea,56,2.5GB/Day High-Speed Data,2.5,140,GB,Unlimited Calls (Local+STD+NR),100 SMS/Day,5600,Yes,Yes,Yes,ZEE5 Premium + SonyLIV Mobile,Free National Roaming,NA,Unlimited Data 12AM-6AM,Unlimited Data Sat-Sun,Yes,64 Kbps,Call Center,Retail Outlet | Cash,West,3,Q3 FY2025-26,NA,Live,Yes,2.5GB/Day,64 Kbps,Bundled OTT Subscriptions | Unused Data Rollover | Vi Movies & TV Access,17-Oct-25,30-Jan-26
599,₹599.00 (GST Inclusive @18% | Base ₹507.63 + GST ₹91.37),Unlimited,Vi Hero Unlimited 599,29-Dec-25,NA,Active,"GUJ, MPCG, MUM",UL Calls | 2.5GB/Day High-Speed Data | 100 SMS/Day | Unlimited 5G,26107179,1.Telco Benefits,2.Data,Daily Data: 2.5GB,PLN-PRE-00014,Prepaid,Retail,Youth,Vi Hero Unlimited,Vodafone Idea,56,2.5GB/Day High-Speed Data,2.5,140,GB,Unlimited Calls (Local+STD+NR),100 SMS/Day,5600,Yes,Yes,Yes,ZEE5 Premium + SonyLIV Mobile,Free National Roaming,NA,Unlimited Data 12AM-6AM,Unlimited Data Sat-Sun,Yes,64 Kbps,Call Center,Retail Outlet | Cash,West,3,Q3 FY2025-26,NA,Live,Yes,2.5GB/Day,64 Kbps,Bundled OTT Subscriptions | Unused Data Rollover | Vi Movies & TV Access,17-Oct-25,30-Jan-26
599,₹599.00 (GST Inclusive @18% | Base ₹507.63 + GST ₹91.37),Unlimited,Vi Hero Unlimited 599,29-Dec-25,NA,Active,"GUJ, MPCG, MUM",UL Calls | 2.5GB/Day High-Speed Data | 100 SMS/Day | Unlimited 5G,26107179,1.Telco Benefits,2.Data,Post Daily FUP Speed: 64 Kbps,PLN-PRE-00014,Prepaid,Retail,Youth,Vi Hero Unlimited,Vodafone Idea,56,2.5GB/Day High-Speed Data,2.5,140,GB,Unlimited Calls (Local+STD+NR),100 SMS/Day,5600,Yes,Yes,Yes,ZEE5 Premium + SonyLIV Mobile,Free National Roaming,NA,Unlimited Data 12AM-6AM,Unlimited Data Sat-Sun,Yes,64 Kbps,Call Center,Retail Outlet | Cash,West,3,Q3 FY2025-26,NA,Live,Yes,2.5GB/Day,64 Kbps,Bundled OTT Subscriptions | Unused Data Rollover | Vi Movies & TV Access,17-Oct-25,30-Jan-26
599,₹599.00 (GST Inclusive @18% | Base ₹507.63 + GST ₹91.37),Unlimited,Vi Hero Unlimited 599,29-Dec-25,NA,Active,"GUJ, MPCG, MUM",UL Calls | 2.5GB/Day High-Speed Data | 100 SMS/Day | Unlimited 5G,26107179,1.Telco Benefits,2.Data,5G Data - Unlimited (5G-Enabled Cities Only),PLN-PRE-00014,Prepaid,Retail,Youth,Vi Hero Unlimited,Vodafone Idea,56,2.5GB/Day High-Speed Data,2.5,140,GB,Unlimited Calls (Local+STD+NR),100 SMS/Day,5600,Yes,Yes,Yes,ZEE5 Premium + SonyLIV Mobile,Free National Roaming,NA,Unlimited Data 12AM-6AM,Unlimited Data Sat-Sun,Yes,64 Kbps,Call Center,Retail Outlet | Cash,West,3,Q3 FY2025-26,NA,Live,Yes,2.5GB/Day,64 Kbps,Bundled OTT Subscriptions | Unused Data Rollover | Vi Movies & TV Access,17-Oct-25,30-Jan-26
599,₹599.00 (GST Inclusive @18% | Base ₹507.63 + GST ₹91.37),Unlimited,Vi Hero Unlimited 599,29-Dec-25,NA,Active,"GUJ, MPCG, MUM",UL Calls | 2.5GB/Day High-Speed Data | 100 SMS/Day | Unlimited 5G,26107179,1.Telco Benefits,3.SMS,100 SMS/Day,PLN-PRE-00014,Prepaid,Retail,Youth,Vi Hero Unlimited,Vodafone Idea,56,2.5GB/Day High-Speed Data,2.5,140,GB,Unlimited Calls (Local+STD+NR),100 SMS/Day,5600,Yes,Yes,Yes,ZEE5 Premium + SonyLIV Mobile,Free National Roaming,NA,Unlimited Data 12AM-6AM,Unlimited Data Sat-Sun,Yes,64 Kbps,Call Center,Retail Outlet | Cash,West,3,Q3 FY2025-26,NA,Live,Yes,2.5GB/Day,64 Kbps,Bundled OTT Subscriptions | Unused Data Rollover | Vi Movies & TV Access,17-Oct-25,30-Jan-26
599,₹599.00 (GST Inclusive @18% | Base ₹507.63 + GST ₹91.37),Unlimited,Vi Hero Unlimited 599,29-Dec-25,NA,Active,"GUJ, MPCG, MUM",UL Calls | 2.5GB/Day High-Speed Data | 100 SMS/Day | Unlimited 5G,26107179,1.Telco Benefits,4.Validity,56 Days Validity,PLN-PRE-00014,Prepaid,Retail,Youth,Vi Hero Unlimited,Vodafone Idea,56,2.5GB/Day High-Speed Data,2.5,140,GB,Unlimited Calls (Local+STD+NR),100 SMS/Day,5600,Yes,Yes,Yes,ZEE5 Premium + SonyLIV Mobile,Free National Roaming,NA,Unlimited Data 12AM-6AM,Unlimited Data Sat-Sun,Yes,64 Kbps,Call Center,Retail Outlet | Cash,West,3,Q3 FY2025-26,NA,Live,Yes,2.5GB/Day,64 Kbps,Bundled OTT Subscriptions | Unused Data Rollover | Vi Movies & TV Access,17-Oct-25,30-Jan-26
599,₹599.00 (GST Inclusive @18% | Base ₹507.63 + GST ₹91.37),Unlimited,Vi Hero Unlimited 599,29-Dec-25,NA,Active,"GUJ, MPCG, MUM",UL Calls | 2.5GB/Day High-Speed Data | 100 SMS/Day | Unlimited 5G,26107179,1.Telco Benefits,5.FUP,Post 2.5GB/Day FUP - Speed Reduced to 64 Kbps,PLN-PRE-00014,Prepaid,Retail,Youth,Vi Hero Unlimited,Vodafone Idea,56,2.5GB/Day High-Speed Data,2.5,140,GB,Unlimited Calls (Local+STD+NR),100 SMS/Day,5600,Yes,Yes,Yes,ZEE5 Premium + SonyLIV Mobile,Free National Roaming,NA,Unlimited Data 12AM-6AM,Unlimited Data Sat-Sun,Yes,64 Kbps,Call Center,Retail Outlet | Cash,West,3,Q3 FY2025-26,NA,Live,Yes,2.5GB/Day,64 Kbps,Bundled OTT Subscriptions | Unused Data Rollover | Vi Movies & TV Access,17-Oct-25,30-Jan-26
599,₹599.00 (GST Inclusive @18% | Base ₹507.63 + GST ₹91.37),Unlimited,Vi Hero Unlimited 599,29-Dec-25,NA,Active,"GUJ, MPCG, MUM",UL Calls | 2.5GB/Day High-Speed Data | 100 SMS/Day | Unlimited 5G,26107179,2.OTT Benefits,1.OTT,ZEE5 Premium + SonyLIV Mobile,PLN-PRE-00014,Prepaid,Retail,Youth,Vi Hero Unlimited,Vodafone Idea,56,2.5GB/Day High-Speed Data,2.5,140,GB,Unlimited Calls (Local+STD+NR),100 SMS/Day,5600,Yes,Yes,Yes,ZEE5 Premium + SonyLIV Mobile,Free National Roaming,NA,Unlimited Data 12AM-6AM,Unlimited Data Sat-Sun,Yes,64 Kbps,Call Center,Retail Outlet | Cash,West,3,Q3 FY2025-26,NA,Live,Yes,2.5GB/Day,64 Kbps,Bundled OTT Subscriptions | Unused Data Rollover | Vi Movies & TV Access,17-Oct-25,30-Jan-26
599,₹599.00 (GST Inclusive @18% | Base ₹507.63 + GST ₹91.37),Unlimited,Vi Hero Unlimited 599,29-Dec-25,NA,Active,"GUJ, MPCG, MUM",UL Calls | 2.5GB/Day High-Speed Data | 100 SMS/Day | Unlimited 5G,26107179,3.Roaming Benefits,1.Roaming,Free National Roaming (Incoming+Outgoing),PLN-PRE-00014,Prepaid,Retail,Youth,Vi Hero Unlimited,Vodafone Idea,56,2.5GB/Day High-Speed Data,2.5,140,GB,Unlimited Calls (Local+STD+NR),100 SMS/Day,5600,Yes,Yes,Yes,ZEE5 Premium + SonyLIV Mobile,Free National Roaming,NA,Unlimited Data 12AM-6AM,Unlimited Data Sat-Sun,Yes,64 Kbps,Call Center,Retail Outlet | Cash,West,3,Q3 FY2025-26,NA,Live,Yes,2.5GB/Day,64 Kbps,Bundled OTT Subscriptions | Unused Data Rollover | Vi Movies & TV Access,17-Oct-25,30-Jan-26
599,₹599.00 (GST Inclusive @18% | Base ₹507.63 + GST ₹91.37),Unlimited,Vi Hero Unlimited 599,29-Dec-25,NA,Active,"GUJ, MPCG, MUM",UL Calls | 2.5GB/Day High-Speed Data | 100 SMS/Day | Unlimited 5G,26107179,5.Additional Benefits,1.Additional Benefits,Bundled OTT Subscriptions | Unused Data Rollover | Vi Movies & TV Access,PLN-PRE-00014,Prepaid,Retail,Youth,Vi Hero Unlimited,Vodafone Idea,56,2.5GB/Day High-Speed Data,2.5,140,GB,Unlimited Calls (Local+STD+NR),100 SMS/Day,5600,Yes,Yes,Yes,ZEE5 Premium + SonyLIV Mobile,Free National Roaming,NA,Unlimited Data 12AM-6AM,Unlimited Data Sat-Sun,Yes,64 Kbps,Call Center,Retail Outlet | Cash,West,3,Q3 FY2025-26,NA,Live,Yes,2.5GB/Day,64 Kbps,Bundled OTT Subscriptions | Unused Data Rollover | Vi Movies & TV Access,17-Oct-25,30-Jan-26
649,₹649.00 (GST Inclusive @18% | Base ₹550.00 + GST ₹99.00),Unlimited,Vi Hero Unlimited 649,28-Apr-26,NA,Active,"GUJ, MAH, MPCG, MUM",UL Calls | 1.5GB/Day High-Speed Data | 100 SMS/Day,26107442,1.Telco Benefits,1.Voice,Unlimited Calls (Local+STD+NR),PLN-PRE-00015,Prepaid,Retail,Mass,Vi Hero Unlimited,Vodafone Idea,84,1.5GB/Day High-Speed Data,1.5,126,GB,Unlimited Calls (Local+STD+NR),100 SMS/Day,8400,No,Yes,No,NA,Free National Roaming,NA,Unlimited Data 12AM-6AM,Unlimited Data Sat-Sun,Yes,64 Kbps,MyApp,MyApp | UPI,West,4,Q1 FY2026-27,NA,Live,No,1.5GB/Day,64 Kbps,Unused Data Rollover | Vi Movies & TV Access,02-Feb-26,23-May-26
649,₹649.00 (GST Inclusive @18% | Base ₹550.00 + GST ₹99.00),Unlimited,Vi Hero Unlimited 649,28-Apr-26,NA,Active,"GUJ, MAH, MPCG, MUM",UL Calls | 1.5GB/Day High-Speed Data | 100 SMS/Day,26107442,1.Telco Benefits,2.Data,1.5GB High Speed Data Per Day,PLN-PRE-00015,Prepaid,Retail,Mass,Vi Hero Unlimited,Vodafone Idea,84,1.5GB/Day High-Speed Data,1.5,126,GB,Unlimited Calls (Local+STD+NR),100 SMS/Day,8400,No,Yes,No,NA,Free National Roaming,NA,Unlimited Data 12AM-6AM,Unlimited Data Sat-Sun,Yes,64 Kbps,MyApp,MyApp | UPI,West,4,Q1 FY2026-27,NA,Live,No,1.5GB/Day,64 Kbps,Unused Data Rollover | Vi Movies & TV Access,02-Feb-26,23-May-26
649,₹649.00 (GST Inclusive @18% | Base ₹550.00 + GST ₹99.00),Unlimited,Vi Hero Unlimited 649,28-Apr-26,NA,Active,"GUJ, MAH, MPCG, MUM",UL Calls | 1.5GB/Day High-Speed Data | 100 SMS/Day,26107442,1.Telco Benefits,2.Data,64 Kbps Post Daily Limit,PLN-PRE-00015,Prepaid,Retail,Mass,Vi Hero Unlimited,Vodafone Idea,84,1.5GB/Day High-Speed Data,1.5,126,GB,Unlimited Calls (Local+STD+NR),100 SMS/Day,8400,No,Yes,No,NA,Free National Roaming,NA,Unlimited Data 12AM-6AM,Unlimited Data Sat-Sun,Yes,64 Kbps,MyApp,MyApp | UPI,West,4,Q1 FY2026-27,NA,Live,No,1.5GB/Day,64 Kbps,Unused Data Rollover | Vi Movies & TV Access,02-Feb-26,23-May-26
649,₹649.00 (GST Inclusive @18% | Base ₹550.00 + GST ₹99.00),Unlimited,Vi Hero Unlimited 649,28-Apr-26,NA,Active,"GUJ, MAH, MPCG, MUM",UL Calls | 1.5GB/Day High-Speed Data | 100 SMS/Day,26107442,1.Telco Benefits,3.SMS,100 SMS Per Day,PLN-PRE-00015,Prepaid,Retail,Mass,Vi Hero Unlimited,Vodafone Idea,84,1.5GB/Day High-Speed Data,1.5,126,GB,Unlimited Calls (Local+STD+NR),100 SMS/Day,8400,No,Yes,No,NA,Free National Roaming,NA,Unlimited Data 12AM-6AM,Unlimited Data Sat-Sun,Yes,64 Kbps,MyApp,MyApp | UPI,West,4,Q1 FY2026-27,NA,Live,No,1.5GB/Day,64 Kbps,Unused Data Rollover | Vi Movies & TV Access,02-Feb-26,23-May-26
649,₹649.00 (GST Inclusive @18% | Base ₹550.00 + GST ₹99.00),Unlimited,Vi Hero Unlimited 649,28-Apr-26,NA,Active,"GUJ, MAH, MPCG, MUM",UL Calls | 1.5GB/Day High-Speed Data | 100 SMS/Day,26107442,1.Telco Benefits,4.Validity,84 Days Validity,PLN-PRE-00015,Prepaid,Retail,Mass,Vi Hero Unlimited,Vodafone Idea,84,1.5GB/Day High-Speed Data,1.5,126,GB,Unlimited Calls (Local+STD+NR),100 SMS/Day,8400,No,Yes,No,NA,Free National Roaming,NA,Unlimited Data 12AM-6AM,Unlimited Data Sat-Sun,Yes,64 Kbps,MyApp,MyApp | UPI,West,4,Q1 FY2026-27,NA,Live,No,1.5GB/Day,64 Kbps,Unused Data Rollover | Vi Movies & TV Access,02-Feb-26,23-May-26
649,₹649.00 (GST Inclusive @18% | Base ₹550.00 + GST ₹99.00),Unlimited,Vi Hero Unlimited 649,28-Apr-26,NA,Active,"GUJ, MAH, MPCG, MUM",UL Calls | 1.5GB/Day High-Speed Data | 100 SMS/Day,26107442,1.Telco Benefits,5.FUP,"FUP Limit 1.5GB/Day, Throttled to 64 Kbps Thereafter",PLN-PRE-00015,Prepaid,Retail,Mass,Vi Hero Unlimited,Vodafone Idea,84,1.5GB/Day High-Speed Data,1.5,126,GB,Unlimited Calls (Local+STD+NR),100 SMS/Day,8400,No,Yes,No,NA,Free National Roaming,NA,Unlimited Data 12AM-6AM,Unlimited Data Sat-Sun,Yes,64 Kbps,MyApp,MyApp | UPI,West,4,Q1 FY2026-27,NA,Live,No,1.5GB/Day,64 Kbps,Unused Data Rollover | Vi Movies & TV Access,02-Feb-26,23-May-26
649,₹649.00 (GST Inclusive @18% | Base ₹550.00 + GST ₹99.00),Unlimited,Vi Hero Unlimited 649,28-Apr-26,NA,Active,"GUJ, MAH, MPCG, MUM",UL Calls | 1.5GB/Day High-Speed Data | 100 SMS/Day,26107442,3.Roaming Benefits,1.Roaming,Free National Roaming (Incoming+Outgoing),PLN-PRE-00015,Prepaid,Retail,Mass,Vi Hero Unlimited,Vodafone Idea,84,1.5GB/Day High-Speed Data,1.5,126,GB,Unlimited Calls (Local+STD+NR),100 SMS/Day,8400,No,Yes,No,NA,Free National Roaming,NA,Unlimited Data 12AM-6AM,Unlimited Data Sat-Sun,Yes,64 Kbps,MyApp,MyApp | UPI,West,4,Q1 FY2026-27,NA,Live,No,1.5GB/Day,64 Kbps,Unused Data Rollover | Vi Movies & TV Access,02-Feb-26,23-May-26
649,₹649.00 (GST Inclusive @18% | Base ₹550.00 + GST ₹99.00),Unlimited,Vi Hero Unlimited 649,28-Apr-26,NA,Active,"GUJ, MAH, MPCG, MUM",UL Calls | 1.5GB/Day High-Speed Data | 100 SMS/Day,26107442,5.Additional Benefits,1.Additional Benefits,Unused Data Rollover | Vi Movies & TV Access,PLN-PRE-00015,Prepaid,Retail,Mass,Vi Hero Unlimited,Vodafone Idea,84,1.5GB/Day High-Speed Data,1.5,126,GB,Unlimited Calls (Local+STD+NR),100 SMS/Day,8400,No,Yes,No,NA,Free National Roaming,NA,Unlimited Data 12AM-6AM,Unlimited Data Sat-Sun,Yes,64 Kbps,MyApp,MyApp | UPI,West,4,Q1 FY2026-27,NA,Live,No,1.5GB/Day,64 Kbps,Unused Data Rollover | Vi Movies & TV Access,02-Feb-26,23-May-26
699,₹699.00 (GST Inclusive @18% | Base ₹592.37 + GST ₹106.63),Unlimited,Vi Hero Unlimited 699,28-Apr-26,NA,Active,"ANE, APR, BIH, DEL, GUJ, HAR, HP, J&K, KAR, KER, KOL, MAH, MPCG, MUM, NE, ORI, PUN, RAJ, ROB, TN, UPE, UPW, WB",UL Calls | 1.5GB/Day High-Speed Data | 100 SMS/Day | Unlimited 5G,26107787,1.Telco Benefits,1.Voice,Unlimited Calls (Local+STD+NR),PLN-PRE-00016,Prepaid,Retail,Mass,Vi Hero Unlimited,Vodafone Idea,84,1.5GB/Day High-Speed Data,1.5,126,GB,Unlimited Calls (Local+STD+NR),100 SMS/Day,8400,Yes,Yes,No,NA,Free National Roaming,NA,Unlimited Data 12AM-6AM,Unlimited Data Sat-Sun,Yes,64 Kbps,Call Center,UPI | Wallet,Pan India,23,Q1 FY2026-27,NA,Live,No,1.5GB/Day,64 Kbps,Unused Data Rollover | Vi Movies & TV Access,22-Feb-26,30-May-26
699,₹699.00 (GST Inclusive @18% | Base ₹592.37 + GST ₹106.63),Unlimited,Vi Hero Unlimited 699,28-Apr-26,NA,Active,"ANE, APR, BIH, DEL, GUJ, HAR, HP, J&K, KAR, KER, KOL, MAH, MPCG, MUM, NE, ORI, PUN, RAJ, ROB, TN, UPE, UPW, WB",UL Calls | 1.5GB/Day High-Speed Data | 100 SMS/Day | Unlimited 5G,26107787,1.Telco Benefits,2.Data,1.5GB/Day High-Speed Data,PLN-PRE-00016,Prepaid,Retail,Mass,Vi Hero Unlimited,Vodafone Idea,84,1.5GB/Day High-Speed Data,1.5,126,GB,Unlimited Calls (Local+STD+NR),100 SMS/Day,8400,Yes,Yes,No,NA,Free National Roaming,NA,Unlimited Data 12AM-6AM,Unlimited Data Sat-Sun,Yes,64 Kbps,Call Center,UPI | Wallet,Pan India,23,Q1 FY2026-27,NA,Live,No,1.5GB/Day,64 Kbps,Unused Data Rollover | Vi Movies & TV Access,22-Feb-26,30-May-26
699,₹699.00 (GST Inclusive @18% | Base ₹592.37 + GST ₹106.63),Unlimited,Vi Hero Unlimited 699,28-Apr-26,NA,Active,"ANE, APR, BIH, DEL, GUJ, HAR, HP, J&K, KAR, KER, KOL, MAH, MPCG, MUM, NE, ORI, PUN, RAJ, ROB, TN, UPE, UPW, WB",UL Calls | 1.5GB/Day High-Speed Data | 100 SMS/Day | Unlimited 5G,26107787,1.Telco Benefits,2.Data,64 Kbps Post Daily Limit,PLN-PRE-00016,Prepaid,Retail,Mass,Vi Hero Unlimited,Vodafone Idea,84,1.5GB/Day High-Speed Data,1.5,126,GB,Unlimited Calls (Local+STD+NR),100 SMS/Day,8400,Yes,Yes,No,NA,Free National Roaming,NA,Unlimited Data 12AM-6AM,Unlimited Data Sat-Sun,Yes,64 Kbps,Call Center,UPI | Wallet,Pan India,23,Q1 FY2026-27,NA,Live,No,1.5GB/Day,64 Kbps,Unused Data Rollover | Vi Movies & TV Access,22-Feb-26,30-May-26
699,₹699.00 (GST Inclusive @18% | Base ₹592.37 + GST ₹106.63),Unlimited,Vi Hero Unlimited 699,28-Apr-26,NA,Active,"ANE, APR, BIH, DEL, GUJ, HAR, HP, J&K, KAR, KER, KOL, MAH, MPCG, MUM, NE, ORI, PUN, RAJ, ROB, TN, UPE, UPW, WB",UL Calls | 1.5GB/Day High-Speed Data | 100 SMS/Day | Unlimited 5G,26107787,1.Telco Benefits,2.Data,Unlimited 5G DATA in cities where 5G is launched,PLN-PRE-00016,Prepaid,Retail,Mass,Vi Hero Unlimited,Vodafone Idea,84,1.5GB/Day High-Speed Data,1.5,126,GB,Unlimited Calls (Local+STD+NR),100 SMS/Day,8400,Yes,Yes,No,NA,Free National Roaming,NA,Unlimited Data 12AM-6AM,Unlimited Data Sat-Sun,Yes,64 Kbps,Call Center,UPI | Wallet,Pan India,23,Q1 FY2026-27,NA,Live,No,1.5GB/Day,64 Kbps,Unused Data Rollover | Vi Movies & TV Access,22-Feb-26,30-May-26
699,₹699.00 (GST Inclusive @18% | Base ₹592.37 + GST ₹106.63),Unlimited,Vi Hero Unlimited 699,28-Apr-26,NA,Active,"ANE, APR, BIH, DEL, GUJ, HAR, HP, J&K, KAR, KER, KOL, MAH, MPCG, MUM, NE, ORI, PUN, RAJ, ROB, TN, UPE, UPW, WB",UL Calls | 1.5GB/Day High-Speed Data | 100 SMS/Day | Unlimited 5G,26107787,1.Telco Benefits,3.SMS,Daily SMS Limit: 100,PLN-PRE-00016,Prepaid,Retail,Mass,Vi Hero Unlimited,Vodafone Idea,84,1.5GB/Day High-Speed Data,1.5,126,GB,Unlimited Calls (Local+STD+NR),100 SMS/Day,8400,Yes,Yes,No,NA,Free National Roaming,NA,Unlimited Data 12AM-6AM,Unlimited Data Sat-Sun,Yes,64 Kbps,Call Center,UPI | Wallet,Pan India,23,Q1 FY2026-27,NA,Live,No,1.5GB/Day,64 Kbps,Unused Data Rollover | Vi Movies & TV Access,22-Feb-26,30-May-26
699,₹699.00 (GST Inclusive @18% | Base ₹592.37 + GST ₹106.63),Unlimited,Vi Hero Unlimited 699,28-Apr-26,NA,Active,"ANE, APR, BIH, DEL, GUJ, HAR, HP, J&K, KAR, KER, KOL, MAH, MPCG, MUM, NE, ORI, PUN, RAJ, ROB, TN, UPE, UPW, WB",UL Calls | 1.5GB/Day High-Speed Data | 100 SMS/Day | Unlimited 5G,26107787,1.Telco Benefits,4.Validity,84 Days Validity,PLN-PRE-00016,Prepaid,Retail,Mass,Vi Hero Unlimited,Vodafone Idea,84,1.5GB/Day High-Speed Data,1.5,126,GB,Unlimited Calls (Local+STD+NR),100 SMS/Day,8400,Yes,Yes,No,NA,Free National Roaming,NA,Unlimited Data 12AM-6AM,Unlimited Data Sat-Sun,Yes,64 Kbps,Call Center,UPI | Wallet,Pan India,23,Q1 FY2026-27,NA,Live,No,1.5GB/Day,64 Kbps,Unused Data Rollover | Vi Movies & TV Access,22-Feb-26,30-May-26
699,₹699.00 (GST Inclusive @18% | Base ₹592.37 + GST ₹106.63),Unlimited,Vi Hero Unlimited 699,28-Apr-26,NA,Active,"ANE, APR, BIH, DEL, GUJ, HAR, HP, J&K, KAR, KER, KOL, MAH, MPCG, MUM, NE, ORI, PUN, RAJ, ROB, TN, UPE, UPW, WB",UL Calls | 1.5GB/Day High-Speed Data | 100 SMS/Day | Unlimited 5G,26107787,1.Telco Benefits,5.FUP,Beyond 1.5GB/Day: Speed Capped at 64 Kbps,PLN-PRE-00016,Prepaid,Retail,Mass,Vi Hero Unlimited,Vodafone Idea,84,1.5GB/Day High-Speed Data,1.5,126,GB,Unlimited Calls (Local+STD+NR),100 SMS/Day,8400,Yes,Yes,No,NA,Free National Roaming,NA,Unlimited Data 12AM-6AM,Unlimited Data Sat-Sun,Yes,64 Kbps,Call Center,UPI | Wallet,Pan India,23,Q1 FY2026-27,NA,Live,No,1.5GB/Day,64 Kbps,Unused Data Rollover | Vi Movies & TV Access,22-Feb-26,30-May-26
699,₹699.00 (GST Inclusive @18% | Base ₹592.37 + GST ₹106.63),Unlimited,Vi Hero Unlimited 699,28-Apr-26,NA,Active,"ANE, APR, BIH, DEL, GUJ, HAR, HP, J&K, KAR, KER, KOL, MAH, MPCG, MUM, NE, ORI, PUN, RAJ, ROB, TN, UPE, UPW, WB",UL Calls | 1.5GB/Day High-Speed Data | 100 SMS/Day | Unlimited 5G,26107787,3.Roaming Benefits,1.Roaming,Free National Roaming (Incoming+Outgoing),PLN-PRE-00016,Prepaid,Retail,Mass,Vi Hero Unlimited,Vodafone Idea,84,1.5GB/Day High-Speed Data,1.5,126,GB,Unlimited Calls (Local+STD+NR),100 SMS/Day,8400,Yes,Yes,No,NA,Free National Roaming,NA,Unlimited Data 12AM-6AM,Unlimited Data Sat-Sun,Yes,64 Kbps,Call Center,UPI | Wallet,Pan India,23,Q1 FY2026-27,NA,Live,No,1.5GB/Day,64 Kbps,Unused Data Rollover | Vi Movies & TV Access,22-Feb-26,30-May-26
699,₹699.00 (GST Inclusive @18% | Base ₹592.37 + GST ₹106.63),Unlimited,Vi Hero Unlimited 699,28-Apr-26,NA,Active,"ANE, APR, BIH, DEL, GUJ, HAR, HP, J&K, KAR, KER, KOL, MAH, MPCG, MUM, NE, ORI, PUN, RAJ, ROB, TN, UPE, UPW, WB",UL Calls | 1.5GB/Day High-Speed Data | 100 SMS/Day | Unlimited 5G,26107787,5.Additional Benefits,1.Additional Benefits,Unused Data Rollover | Vi Movies & TV Access,PLN-PRE-00016,Prepaid,Retail,Mass,Vi Hero Unlimited,Vodafone Idea,84,1.5GB/Day High-Speed Data,1.5,126,GB,Unlimited Calls (Local+STD+NR),100 SMS/Day,8400,Yes,Yes,No,NA,Free National Roaming,NA,Unlimited Data 12AM-6AM,Unlimited Data Sat-Sun,Yes,64 Kbps,Call Center,UPI | Wallet,Pan India,23,Q1 FY2026-27,NA,Live,No,1.5GB/Day,64 Kbps,Unused Data Rollover | Vi Movies & TV Access,22-Feb-26,30-May-26
799,₹799.00 (GST Inclusive @18% | Base ₹677.12 + GST ₹121.88),Unlimited,Vi Hero Unlimited 799,27-Sep-24,NA,Active,"ANE, APR, BIH, DEL, GUJ, HAR, HP, J&K, KAR, KER, KOL, MAH, MPCG, MUM, NE, ORI, PUN, RAJ, ROB, TN, UPE, UPW, WB",UL Calls | 2GB/Day High-Speed Data | 100 SMS/Day | Unlimited 5G,26108420,1.Telco Benefits,1.Voice,Unltd Local+STD+NR Calls,PLN-PRE-00017,Prepaid,Retail,Value,Vi Hero Unlimited,Vodafone Idea,84,2GB/Day High-Speed Data,2,168,GB,Unlimited Calls (Local+STD+NR),100 SMS/Day,8400,Yes,Yes,Yes,Disney+ Hotstar Mobile,Free National Roaming,NA,Unlimited Data 12AM-6AM,Unlimited Data Sat-Sun,Yes,64 Kbps,Call Center,MyApp | Debit Card,Pan India,23,Q2 FY2024-25,NA,Live,Yes,2GB/Day,64 Kbps,Bundled OTT Subscriptions | Unused Data Rollover | Vi Movies & TV Access,04-Sep-24,03-Feb-25
799,₹799.00 (GST Inclusive @18% | Base ₹677.12 + GST ₹121.88),Unlimited,Vi Hero Unlimited 799,27-Sep-24,NA,Active,"ANE, APR, BIH, DEL, GUJ, HAR, HP, J&K, KAR, KER, KOL, MAH, MPCG, MUM, NE, ORI, PUN, RAJ, ROB, TN, UPE, UPW, WB",UL Calls | 2GB/Day High-Speed Data | 100 SMS/Day | Unlimited 5G,26108420,1.Telco Benefits,2.Data,Daily Data: 2GB,PLN-PRE-00017,Prepaid,Retail,Value,Vi Hero Unlimited,Vodafone Idea,84,2GB/Day High-Speed Data,2,168,GB,Unlimited Calls (Local+STD+NR),100 SMS/Day,8400,Yes,Yes,Yes,Disney+ Hotstar Mobile,Free National Roaming,NA,Unlimited Data 12AM-6AM,Unlimited Data Sat-Sun,Yes,64 Kbps,Call Center,MyApp | Debit Card,Pan India,23,Q2 FY2024-25,NA,Live,Yes,2GB/Day,64 Kbps,Bundled OTT Subscriptions | Unused Data Rollover | Vi Movies & TV Access,04-Sep-24,03-Feb-25
799,₹799.00 (GST Inclusive @18% | Base ₹677.12 + GST ₹121.88),Unlimited,Vi Hero Unlimited 799,27-Sep-24,NA,Active,"ANE, APR, BIH, DEL, GUJ, HAR, HP, J&K, KAR, KER, KOL, MAH, MPCG, MUM, NE, ORI, PUN, RAJ, ROB, TN, UPE, UPW, WB",UL Calls | 2GB/Day High-Speed Data | 100 SMS/Day | Unlimited 5G,26108420,1.Telco Benefits,2.Data,Post Daily FUP Speed: 64 Kbps,PLN-PRE-00017,Prepaid,Retail,Value,Vi Hero Unlimited,Vodafone Idea,84,2GB/Day High-Speed Data,2,168,GB,Unlimited Calls (Local+STD+NR),100 SMS/Day,8400,Yes,Yes,Yes,Disney+ Hotstar Mobile,Free National Roaming,NA,Unlimited Data 12AM-6AM,Unlimited Data Sat-Sun,Yes,64 Kbps,Call Center,MyApp | Debit Card,Pan India,23,Q2 FY2024-25,NA,Live,Yes,2GB/Day,64 Kbps,Bundled OTT Subscriptions | Unused Data Rollover | Vi Movies & TV Access,04-Sep-24,03-Feb-25
799,₹799.00 (GST Inclusive @18% | Base ₹677.12 + GST ₹121.88),Unlimited,Vi Hero Unlimited 799,27-Sep-24,NA,Active,"ANE, APR, BIH, DEL, GUJ, HAR, HP, J&K, KAR, KER, KOL, MAH, MPCG, MUM, NE, ORI, PUN, RAJ, ROB, TN, UPE, UPW, WB",UL Calls | 2GB/Day High-Speed Data | 100 SMS/Day | Unlimited 5G,26108420,1.Telco Benefits,2.Data,Unlimited 5G DATA in cities where 5G is launched,PLN-PRE-00017,Prepaid,Retail,Value,Vi Hero Unlimited,Vodafone Idea,84,2GB/Day High-Speed Data,2,168,GB,Unlimited Calls (Local+STD+NR),100 SMS/Day,8400,Yes,Yes,Yes,Disney+ Hotstar Mobile,Free National Roaming,NA,Unlimited Data 12AM-6AM,Unlimited Data Sat-Sun,Yes,64 Kbps,Call Center,MyApp | Debit Card,Pan India,23,Q2 FY2024-25,NA,Live,Yes,2GB/Day,64 Kbps,Bundled OTT Subscriptions | Unused Data Rollover | Vi Movies & TV Access,04-Sep-24,03-Feb-25
799,₹799.00 (GST Inclusive @18% | Base ₹677.12 + GST ₹121.88),Unlimited,Vi Hero Unlimited 799,27-Sep-24,NA,Active,"ANE, APR, BIH, DEL, GUJ, HAR, HP, J&K, KAR, KER, KOL, MAH, MPCG, MUM, NE, ORI, PUN, RAJ, ROB, TN, UPE, UPW, WB",UL Calls | 2GB/Day High-Speed Data | 100 SMS/Day | Unlimited 5G,26108420,1.Telco Benefits,3.SMS,100 SMS Per Day,PLN-PRE-00017,Prepaid,Retail,Value,Vi Hero Unlimited,Vodafone Idea,84,2GB/Day High-Speed Data,2,168,GB,Unlimited Calls (Local+STD+NR),100 SMS/Day,8400,Yes,Yes,Yes,Disney+ Hotstar Mobile,Free National Roaming,NA,Unlimited Data 12AM-6AM,Unlimited Data Sat-Sun,Yes,64 Kbps,Call Center,MyApp | Debit Card,Pan India,23,Q2 FY2024-25,NA,Live,Yes,2GB/Day,64 Kbps,Bundled OTT Subscriptions | Unused Data Rollover | Vi Movies & TV Access,04-Sep-24,03-Feb-25
799,₹799.00 (GST Inclusive @18% | Base ₹677.12 + GST ₹121.88),Unlimited,Vi Hero Unlimited 799,27-Sep-24,NA,Active,"ANE, APR, BIH, DEL, GUJ, HAR, HP, J&K, KAR, KER, KOL, MAH, MPCG, MUM, NE, ORI, PUN, RAJ, ROB, TN, UPE, UPW, WB",UL Calls | 2GB/Day High-Speed Data | 100 SMS/Day | Unlimited 5G,26108420,1.Telco Benefits,4.Validity,84 Days Validity,PLN-PRE-00017,Prepaid,Retail,Value,Vi Hero Unlimited,Vodafone Idea,84,2GB/Day High-Speed Data,2,168,GB,Unlimited Calls (Local+STD+NR),100 SMS/Day,8400,Yes,Yes,Yes,Disney+ Hotstar Mobile,Free National Roaming,NA,Unlimited Data 12AM-6AM,Unlimited Data Sat-Sun,Yes,64 Kbps,Call Center,MyApp | Debit Card,Pan India,23,Q2 FY2024-25,NA,Live,Yes,2GB/Day,64 Kbps,Bundled OTT Subscriptions | Unused Data Rollover | Vi Movies & TV Access,04-Sep-24,03-Feb-25
799,₹799.00 (GST Inclusive @18% | Base ₹677.12 + GST ₹121.88),Unlimited,Vi Hero Unlimited 799,27-Sep-24,NA,Active,"ANE, APR, BIH, DEL, GUJ, HAR, HP, J&K, KAR, KER, KOL, MAH, MPCG, MUM, NE, ORI, PUN, RAJ, ROB, TN, UPE, UPW, WB",UL Calls | 2GB/Day High-Speed Data | 100 SMS/Day | Unlimited 5G,26108420,1.Telco Benefits,5.FUP,Beyond 2GB/Day: Speed Capped at 64 Kbps,PLN-PRE-00017,Prepaid,Retail,Value,Vi Hero Unlimited,Vodafone Idea,84,2GB/Day High-Speed Data,2,168,GB,Unlimited Calls (Local+STD+NR),100 SMS/Day,8400,Yes,Yes,Yes,Disney+ Hotstar Mobile,Free National Roaming,NA,Unlimited Data 12AM-6AM,Unlimited Data Sat-Sun,Yes,64 Kbps,Call Center,MyApp | Debit Card,Pan India,23,Q2 FY2024-25,NA,Live,Yes,2GB/Day,64 Kbps,Bundled OTT Subscriptions | Unused Data Rollover | Vi Movies & TV Access,04-Sep-24,03-Feb-25
799,₹799.00 (GST Inclusive @18% | Base ₹677.12 + GST ₹121.88),Unlimited,Vi Hero Unlimited 799,27-Sep-24,NA,Active,"ANE, APR, BIH, DEL, GUJ, HAR, HP, J&K, KAR, KER, KOL, MAH, MPCG, MUM, NE, ORI, PUN, RAJ, ROB, TN, UPE, UPW, WB",UL Calls | 2GB/Day High-Speed Data | 100 SMS/Day | Unlimited 5G,26108420,2.OTT Benefits,1.OTT,Disney+Hotstar (Mobile Edition),PLN-PRE-00017,Prepaid,Retail,Value,Vi Hero Unlimited,Vodafone Idea,84,2GB/Day High-Speed Data,2,168,GB,Unlimited Calls (Local+STD+NR),100 SMS/Day,8400,Yes,Yes,Yes,Disney+ Hotstar Mobile,Free National Roaming,NA,Unlimited Data 12AM-6AM,Unlimited Data Sat-Sun,Yes,64 Kbps,Call Center,MyApp | Debit Card,Pan India,23,Q2 FY2024-25,NA,Live,Yes,2GB/Day,64 Kbps,Bundled OTT Subscriptions | Unused Data Rollover | Vi Movies & TV Access,04-Sep-24,03-Feb-25
799,₹799.00 (GST Inclusive @18% | Base ₹677.12 + GST ₹121.88),Unlimited,Vi Hero Unlimited 799,27-Sep-24,NA,Active,"ANE, APR, BIH, DEL, GUJ, HAR, HP, J&K, KAR, KER, KOL, MAH, MPCG, MUM, NE, ORI, PUN, RAJ, ROB, TN, UPE, UPW, WB",UL Calls | 2GB/Day High-Speed Data | 100 SMS/Day | Unlimited 5G,26108420,3.Roaming Benefits,1.Roaming,Free National Roaming (Incoming+Outgoing),PLN-PRE-00017,Prepaid,Retail,Value,Vi Hero Unlimited,Vodafone Idea,84,2GB/Day High-Speed Data,2,168,GB,Unlimited Calls (Local+STD+NR),100 SMS/Day,8400,Yes,Yes,Yes,Disney+ Hotstar Mobile,Free National Roaming,NA,Unlimited Data 12AM-6AM,Unlimited Data Sat-Sun,Yes,64 Kbps,Call Center,MyApp | Debit Card,Pan India,23,Q2 FY2024-25,NA,Live,Yes,2GB/Day,64 Kbps,Bundled OTT Subscriptions | Unused Data Rollover | Vi Movies & TV Access,04-Sep-24,03-Feb-25
799,₹799.00 (GST Inclusive @18% | Base ₹677.12 + GST ₹121.88),Unlimited,Vi Hero Unlimited 799,27-Sep-24,NA,Active,"ANE, APR, BIH, DEL, GUJ, HAR, HP, J&K, KAR, KER, KOL, MAH, MPCG, MUM, NE, ORI, PUN, RAJ, ROB, TN, UPE, UPW, WB",UL Calls | 2GB/Day High-Speed Data | 100 SMS/Day | Unlimited 5G,26108420,5.Additional Benefits,1.Additional Benefits,Bundled OTT Subscriptions | Unused Data Rollover | Vi Movies & TV Access,PLN-PRE-00017,Prepaid,Retail,Value,Vi Hero Unlimited,Vodafone Idea,84,2GB/Day High-Speed Data,2,168,GB,Unlimited Calls (Local+STD+NR),100 SMS/Day,8400,Yes,Yes,Yes,Disney+ Hotstar Mobile,Free National Roaming,NA,Unlimited Data 12AM-6AM,Unlimited Data Sat-Sun,Yes,64 Kbps,Call Center,MyApp | Debit Card,Pan India,23,Q2 FY2024-25,NA,Live,Yes,2GB/Day,64 Kbps,Bundled OTT Subscriptions | Unused Data Rollover | Vi Movies & TV Access,04-Sep-24,03-Feb-25
899,₹899.00 (GST Inclusive @18% | Base ₹761.86 + GST ₹137.14),Unlimited,Vi Hero Unlimited 899,04-Nov-24,NA,Active,"ANE, APR, BIH, DEL, GUJ, HAR, HP, J&K, KAR, KER, KOL, MAH, MPCG, MUM, NE, ORI, PUN, RAJ, ROB, TN, UPE, UPW, WB",UL Calls | 2GB/Day High-Speed Data | 100 SMS/Day | Unlimited 5G,26108807,1.Telco Benefits,1.Voice,Unlimited Calls (Local+STD+NR),PLN-PRE-00018,Prepaid,Retail,Premium,Vi Hero Unlimited,Vodafone Idea,90,2GB/Day High-Speed Data,2,180,GB,Unlimited Calls (Local+STD+NR),100 SMS/Day,9000,Yes,Yes,Yes,Amazon Prime Lite,Free National Roaming,NA,Unlimited Data 12AM-6AM,Unlimited Data Sat-Sun,Yes,64 Kbps,Retail Outlet,MyApp | UPI,Pan India,23,Q3 FY2024-25,NA,Live,Yes,2GB/Day,64 Kbps,Bundled OTT Subscriptions | Unused Data Rollover | Vi Movies & TV Access,24-Sep-24,20-Nov-24
899,₹899.00 (GST Inclusive @18% | Base ₹761.86 + GST ₹137.14),Unlimited,Vi Hero Unlimited 899,04-Nov-24,NA,Active,"ANE, APR, BIH, DEL, GUJ, HAR, HP, J&K, KAR, KER, KOL, MAH, MPCG, MUM, NE, ORI, PUN, RAJ, ROB, TN, UPE, UPW, WB",UL Calls | 2GB/Day High-Speed Data | 100 SMS/Day | Unlimited 5G,26108807,1.Telco Benefits,2.Data,Daily Data: 2GB,PLN-PRE-00018,Prepaid,Retail,Premium,Vi Hero Unlimited,Vodafone Idea,90,2GB/Day High-Speed Data,2,180,GB,Unlimited Calls (Local+STD+NR),100 SMS/Day,9000,Yes,Yes,Yes,Amazon Prime Lite,Free National Roaming,NA,Unlimited Data 12AM-6AM,Unlimited Data Sat-Sun,Yes,64 Kbps,Retail Outlet,MyApp | UPI,Pan India,23,Q3 FY2024-25,NA,Live,Yes,2GB/Day,64 Kbps,Bundled OTT Subscriptions | Unused Data Rollover | Vi Movies & TV Access,24-Sep-24,20-Nov-24
899,₹899.00 (GST Inclusive @18% | Base ₹761.86 + GST ₹137.14),Unlimited,Vi Hero Unlimited 899,04-Nov-24,NA,Active,"ANE, APR, BIH, DEL, GUJ, HAR, HP, J&K, KAR, KER, KOL, MAH, MPCG, MUM, NE, ORI, PUN, RAJ, ROB, TN, UPE, UPW, WB",UL Calls | 2GB/Day High-Speed Data | 100 SMS/Day | Unlimited 5G,26108807,1.Telco Benefits,2.Data,Post Daily FUP Speed: 64 Kbps,PLN-PRE-00018,Prepaid,Retail,Premium,Vi Hero Unlimited,Vodafone Idea,90,2GB/Day High-Speed Data,2,180,GB,Unlimited Calls (Local+STD+NR),100 SMS/Day,9000,Yes,Yes,Yes,Amazon Prime Lite,Free National Roaming,NA,Unlimited Data 12AM-6AM,Unlimited Data Sat-Sun,Yes,64 Kbps,Retail Outlet,MyApp | UPI,Pan India,23,Q3 FY2024-25,NA,Live,Yes,2GB/Day,64 Kbps,Bundled OTT Subscriptions | Unused Data Rollover | Vi Movies & TV Access,24-Sep-24,20-Nov-24
899,₹899.00 (GST Inclusive @18% | Base ₹761.86 + GST ₹137.14),Unlimited,Vi Hero Unlimited 899,04-Nov-24,NA,Active,"ANE, APR, BIH, DEL, GUJ, HAR, HP, J&K, KAR, KER, KOL, MAH, MPCG, MUM, NE, ORI, PUN, RAJ, ROB, TN, UPE, UPW, WB",UL Calls | 2GB/Day High-Speed Data | 100 SMS/Day | Unlimited 5G,26108807,1.Telco Benefits,2.Data,Unlimited 5G DATA in cities where 5G is launched,PLN-PRE-00018,Prepaid,Retail,Premium,Vi Hero Unlimited,Vodafone Idea,90,2GB/Day High-Speed Data,2,180,GB,Unlimited Calls (Local+STD+NR),100 SMS/Day,9000,Yes,Yes,Yes,Amazon Prime Lite,Free National Roaming,NA,Unlimited Data 12AM-6AM,Unlimited Data Sat-Sun,Yes,64 Kbps,Retail Outlet,MyApp | UPI,Pan India,23,Q3 FY2024-25,NA,Live,Yes,2GB/Day,64 Kbps,Bundled OTT Subscriptions | Unused Data Rollover | Vi Movies & TV Access,24-Sep-24,20-Nov-24
899,₹899.00 (GST Inclusive @18% | Base ₹761.86 + GST ₹137.14),Unlimited,Vi Hero Unlimited 899,04-Nov-24,NA,Active,"ANE, APR, BIH, DEL, GUJ, HAR, HP, J&K, KAR, KER, KOL, MAH, MPCG, MUM, NE, ORI, PUN, RAJ, ROB, TN, UPE, UPW, WB",UL Calls | 2GB/Day High-Speed Data | 100 SMS/Day | Unlimited 5G,26108807,1.Telco Benefits,3.SMS,100 SMS Per Day,PLN-PRE-00018,Prepaid,Retail,Premium,Vi Hero Unlimited,Vodafone Idea,90,2GB/Day High-Speed Data,2,180,GB,Unlimited Calls (Local+STD+NR),100 SMS/Day,9000,Yes,Yes,Yes,Amazon Prime Lite,Free National Roaming,NA,Unlimited Data 12AM-6AM,Unlimited Data Sat-Sun,Yes,64 Kbps,Retail Outlet,MyApp | UPI,Pan India,23,Q3 FY2024-25,NA,Live,Yes,2GB/Day,64 Kbps,Bundled OTT Subscriptions | Unused Data Rollover | Vi Movies & TV Access,24-Sep-24,20-Nov-24
899,₹899.00 (GST Inclusive @18% | Base ₹761.86 + GST ₹137.14),Unlimited,Vi Hero Unlimited 899,04-Nov-24,NA,Active,"ANE, APR, BIH, DEL, GUJ, HAR, HP, J&K, KAR, KER, KOL, MAH, MPCG, MUM, NE, ORI, PUN, RAJ, ROB, TN, UPE, UPW, WB",UL Calls | 2GB/Day High-Speed Data | 100 SMS/Day | Unlimited 5G,26108807,1.Telco Benefits,4.Validity,90 Days Validity,PLN-PRE-00018,Prepaid,Retail,Premium,Vi Hero Unlimited,Vodafone Idea,90,2GB/Day High-Speed Data,2,180,GB,Unlimited Calls (Local+STD+NR),100 SMS/Day,9000,Yes,Yes,Yes,Amazon Prime Lite,Free National Roaming,NA,Unlimited Data 12AM-6AM,Unlimited Data Sat-Sun,Yes,64 Kbps,Retail Outlet,MyApp | UPI,Pan India,23,Q3 FY2024-25,NA,Live,Yes,2GB/Day,64 Kbps,Bundled OTT Subscriptions | Unused Data Rollover | Vi Movies & TV Access,24-Sep-24,20-Nov-24
899,₹899.00 (GST Inclusive @18% | Base ₹761.86 + GST ₹137.14),Unlimited,Vi Hero Unlimited 899,04-Nov-24,NA,Active,"ANE, APR, BIH, DEL, GUJ, HAR, HP, J&K, KAR, KER, KOL, MAH, MPCG, MUM, NE, ORI, PUN, RAJ, ROB, TN, UPE, UPW, WB",UL Calls | 2GB/Day High-Speed Data | 100 SMS/Day | Unlimited 5G,26108807,1.Telco Benefits,5.FUP,Beyond 2GB/Day: Speed Capped at 64 Kbps,PLN-PRE-00018,Prepaid,Retail,Premium,Vi Hero Unlimited,Vodafone Idea,90,2GB/Day High-Speed Data,2,180,GB,Unlimited Calls (Local+STD+NR),100 SMS/Day,9000,Yes,Yes,Yes,Amazon Prime Lite,Free National Roaming,NA,Unlimited Data 12AM-6AM,Unlimited Data Sat-Sun,Yes,64 Kbps,Retail Outlet,MyApp | UPI,Pan India,23,Q3 FY2024-25,NA,Live,Yes,2GB/Day,64 Kbps,Bundled OTT Subscriptions | Unused Data Rollover | Vi Movies & TV Access,24-Sep-24,20-Nov-24
899,₹899.00 (GST Inclusive @18% | Base ₹761.86 + GST ₹137.14),Unlimited,Vi Hero Unlimited 899,04-Nov-24,NA,Active,"ANE, APR, BIH, DEL, GUJ, HAR, HP, J&K, KAR, KER, KOL, MAH, MPCG, MUM, NE, ORI, PUN, RAJ, ROB, TN, UPE, UPW, WB",UL Calls | 2GB/Day High-Speed Data | 100 SMS/Day | Unlimited 5G,26108807,2.OTT Benefits,1.OTT,Amazon Prime Lite,PLN-PRE-00018,Prepaid,Retail,Premium,Vi Hero Unlimited,Vodafone Idea,90,2GB/Day High-Speed Data,2,180,GB,Unlimited Calls (Local+STD+NR),100 SMS/Day,9000,Yes,Yes,Yes,Amazon Prime Lite,Free National Roaming,NA,Unlimited Data 12AM-6AM,Unlimited Data Sat-Sun,Yes,64 Kbps,Retail Outlet,MyApp | UPI,Pan India,23,Q3 FY2024-25,NA,Live,Yes,2GB/Day,64 Kbps,Bundled OTT Subscriptions | Unused Data Rollover | Vi Movies & TV Access,24-Sep-24,20-Nov-24
899,₹899.00 (GST Inclusive @18% | Base ₹761.86 + GST ₹137.14),Unlimited,Vi Hero Unlimited 899,04-Nov-24,NA,Active,"ANE, APR, BIH, DEL, GUJ, HAR, HP, J&K, KAR, KER, KOL, MAH, MPCG, MUM, NE, ORI, PUN, RAJ, ROB, TN, UPE, UPW, WB",UL Calls | 2GB/Day High-Speed Data | 100 SMS/Day | Unlimited 5G,26108807,3.Roaming Benefits,1.Roaming,No National Roaming Charges,PLN-PRE-00018,Prepaid,Retail,Premium,Vi Hero Unlimited,Vodafone Idea,90,2GB/Day High-Speed Data,2,180,GB,Unlimited Calls (Local+STD+NR),100 SMS/Day,9000,Yes,Yes,Yes,Amazon Prime Lite,Free National Roaming,NA,Unlimited Data 12AM-6AM,Unlimited Data Sat-Sun,Yes,64 Kbps,Retail Outlet,MyApp | UPI,Pan India,23,Q3 FY2024-25,NA,Live,Yes,2GB/Day,64 Kbps,Bundled OTT Subscriptions | Unused Data Rollover | Vi Movies & TV Access,24-Sep-24,20-Nov-24
899,₹899.00 (GST Inclusive @18% | Base ₹761.86 + GST ₹137.14),Unlimited,Vi Hero Unlimited 899,04-Nov-24,NA,Active,"ANE, APR, BIH, DEL, GUJ, HAR, HP, J&K, KAR, KER, KOL, MAH, MPCG, MUM, NE, ORI, PUN, RAJ, ROB, TN, UPE, UPW, WB",UL Calls | 2GB/Day High-Speed Data | 100 SMS/Day | Unlimited 5G,26108807,5.Additional Benefits,1.Additional Benefits,Bundled OTT Subscriptions | Unused Data Rollover | Vi Movies & TV Access,PLN-PRE-00018,Prepaid,Retail,Premium,Vi Hero Unlimited,Vodafone Idea,90,2GB/Day High-Speed Data,2,180,GB,Unlimited Calls (Local+STD+NR),100 SMS/Day,9000,Yes,Yes,Yes,Amazon Prime Lite,Free National Roaming,NA,Unlimited Data 12AM-6AM,Unlimited Data Sat-Sun,Yes,64 Kbps,Retail Outlet,MyApp | UPI,Pan India,23,Q3 FY2024-25,NA,Live,Yes,2GB/Day,64 Kbps,Bundled OTT Subscriptions | Unused Data Rollover | Vi Movies & TV Access,24-Sep-24,20-Nov-24
999,₹999.00 (GST Inclusive @18% | Base ₹846.61 + GST ₹152.39),Unlimited,Vi Hero Unlimited 999,14-Jan-25,NA,Active,"APR, KAR, KER",UL Calls | 2.5GB/Day High-Speed Data | 100 SMS/Day | Unlimited 5G,26109088,1.Telco Benefits,1.Voice,Unlimited Calls (Local+STD+NR),PLN-PRE-00019,Prepaid,Retail,Premium,Vi Hero Unlimited,Vodafone Idea,84,2.5GB/Day High-Speed Data,2.5,210,GB,Unlimited Calls (Local+STD+NR),100 SMS/Day,8400,Yes,Yes,Yes,Netflix Mobile + Disney+ Hotstar Mobile,Free National Roaming,NA,Unlimited Data 12AM-6AM,Unlimited Data Sat-Sun,Yes,64 Kbps,Mini Store,MyApp | Debit Card,South,3,Q4 FY2024-25,NA,Live,Yes,2.5GB/Day,64 Kbps,Bundled OTT Subscriptions | Unused Data Rollover | Vi Movies & TV Access,13-Nov-24,11-Jul-26
999,₹999.00 (GST Inclusive @18% | Base ₹846.61 + GST ₹152.39),Unlimited,Vi Hero Unlimited 999,14-Jan-25,NA,Active,"APR, KAR, KER",UL Calls | 2.5GB/Day High-Speed Data | 100 SMS/Day | Unlimited 5G,26109088,1.Telco Benefits,2.Data,2.5GB/Day High-Speed Data,PLN-PRE-00019,Prepaid,Retail,Premium,Vi Hero Unlimited,Vodafone Idea,84,2.5GB/Day High-Speed Data,2.5,210,GB,Unlimited Calls (Local+STD+NR),100 SMS/Day,8400,Yes,Yes,Yes,Netflix Mobile + Disney+ Hotstar Mobile,Free National Roaming,NA,Unlimited Data 12AM-6AM,Unlimited Data Sat-Sun,Yes,64 Kbps,Mini Store,MyApp | Debit Card,South,3,Q4 FY2024-25,NA,Live,Yes,2.5GB/Day,64 Kbps,Bundled OTT Subscriptions | Unused Data Rollover | Vi Movies & TV Access,13-Nov-24,11-Jul-26
999,₹999.00 (GST Inclusive @18% | Base ₹846.61 + GST ₹152.39),Unlimited,Vi Hero Unlimited 999,14-Jan-25,NA,Active,"APR, KAR, KER",UL Calls | 2.5GB/Day High-Speed Data | 100 SMS/Day | Unlimited 5G,26109088,1.Telco Benefits,2.Data,64 Kbps Post Daily Limit,PLN-PRE-00019,Prepaid,Retail,Premium,Vi Hero Unlimited,Vodafone Idea,84,2.5GB/Day High-Speed Data,2.5,210,GB,Unlimited Calls (Local+STD+NR),100 SMS/Day,8400,Yes,Yes,Yes,Netflix Mobile + Disney+ Hotstar Mobile,Free National Roaming,NA,Unlimited Data 12AM-6AM,Unlimited Data Sat-Sun,Yes,64 Kbps,Mini Store,MyApp | Debit Card,South,3,Q4 FY2024-25,NA,Live,Yes,2.5GB/Day,64 Kbps,Bundled OTT Subscriptions | Unused Data Rollover | Vi Movies & TV Access,13-Nov-24,11-Jul-26
999,₹999.00 (GST Inclusive @18% | Base ₹846.61 + GST ₹152.39),Unlimited,Vi Hero Unlimited 999,14-Jan-25,NA,Active,"APR, KAR, KER",UL Calls | 2.5GB/Day High-Speed Data | 100 SMS/Day | Unlimited 5G,26109088,1.Telco Benefits,2.Data,Unlimited 5G DATA in cities where 5G is launched,PLN-PRE-00019,Prepaid,Retail,Premium,Vi Hero Unlimited,Vodafone Idea,84,2.5GB/Day High-Speed Data,2.5,210,GB,Unlimited Calls (Local+STD+NR),100 SMS/Day,8400,Yes,Yes,Yes,Netflix Mobile + Disney+ Hotstar Mobile,Free National Roaming,NA,Unlimited Data 12AM-6AM,Unlimited Data Sat-Sun,Yes,64 Kbps,Mini Store,MyApp | Debit Card,South,3,Q4 FY2024-25,NA,Live,Yes,2.5GB/Day,64 Kbps,Bundled OTT Subscriptions | Unused Data Rollover | Vi Movies & TV Access,13-Nov-24,11-Jul-26
999,₹999.00 (GST Inclusive @18% | Base ₹846.61 + GST ₹152.39),Unlimited,Vi Hero Unlimited 999,14-Jan-25,NA,Active,"APR, KAR, KER",UL Calls | 2.5GB/Day High-Speed Data | 100 SMS/Day | Unlimited 5G,26109088,1.Telco Benefits,3.SMS,100 SMS Per Day,PLN-PRE-00019,Prepaid,Retail,Premium,Vi Hero Unlimited,Vodafone Idea,84,2.5GB/Day High-Speed Data,2.5,210,GB,Unlimited Calls (Local+STD+NR),100 SMS/Day,8400,Yes,Yes,Yes,Netflix Mobile + Disney+ Hotstar Mobile,Free National Roaming,NA,Unlimited Data 12AM-6AM,Unlimited Data Sat-Sun,Yes,64 Kbps,Mini Store,MyApp | Debit Card,South,3,Q4 FY2024-25,NA,Live,Yes,2.5GB/Day,64 Kbps,Bundled OTT Subscriptions | Unused Data Rollover | Vi Movies & TV Access,13-Nov-24,11-Jul-26
999,₹999.00 (GST Inclusive @18% | Base ₹846.61 + GST ₹152.39),Unlimited,Vi Hero Unlimited 999,14-Jan-25,NA,Active,"APR, KAR, KER",UL Calls | 2.5GB/Day High-Speed Data | 100 SMS/Day | Unlimited 5G,26109088,1.Telco Benefits,4.Validity,Validity: 84 Days,PLN-PRE-00019,Prepaid,Retail,Premium,Vi Hero Unlimited,Vodafone Idea,84,2.5GB/Day High-Speed Data,2.5,210,GB,Unlimited Calls (Local+STD+NR),100 SMS/Day,8400,Yes,Yes,Yes,Netflix Mobile + Disney+ Hotstar Mobile,Free National Roaming,NA,Unlimited Data 12AM-6AM,Unlimited Data Sat-Sun,Yes,64 Kbps,Mini Store,MyApp | Debit Card,South,3,Q4 FY2024-25,NA,Live,Yes,2.5GB/Day,64 Kbps,Bundled OTT Subscriptions | Unused Data Rollover | Vi Movies & TV Access,13-Nov-24,11-Jul-26
999,₹999.00 (GST Inclusive @18% | Base ₹846.61 + GST ₹152.39),Unlimited,Vi Hero Unlimited 999,14-Jan-25,NA,Active,"APR, KAR, KER",UL Calls | 2.5GB/Day High-Speed Data | 100 SMS/Day | Unlimited 5G,26109088,1.Telco Benefits,5.FUP,Post 2.5GB/Day FUP - Speed Reduced to 64 Kbps,PLN-PRE-00019,Prepaid,Retail,Premium,Vi Hero Unlimited,Vodafone Idea,84,2.5GB/Day High-Speed Data,2.5,210,GB,Unlimited Calls (Local+STD+NR),100 SMS/Day,8400,Yes,Yes,Yes,Netflix Mobile + Disney+ Hotstar Mobile,Free National Roaming,NA,Unlimited Data 12AM-6AM,Unlimited Data Sat-Sun,Yes,64 Kbps,Mini Store,MyApp | Debit Card,South,3,Q4 FY2024-25,NA,Live,Yes,2.5GB/Day,64 Kbps,Bundled OTT Subscriptions | Unused Data Rollover | Vi Movies & TV Access,13-Nov-24,11-Jul-26
999,₹999.00 (GST Inclusive @18% | Base ₹846.61 + GST ₹152.39),Unlimited,Vi Hero Unlimited 999,14-Jan-25,NA,Active,"APR, KAR, KER",UL Calls | 2.5GB/Day High-Speed Data | 100 SMS/Day | Unlimited 5G,26109088,2.OTT Benefits,1.OTT,Netflix (Mobile Plan) + Disney+Hotstar (Mobile Edition),PLN-PRE-00019,Prepaid,Retail,Premium,Vi Hero Unlimited,Vodafone Idea,84,2.5GB/Day High-Speed Data,2.5,210,GB,Unlimited Calls (Local+STD+NR),100 SMS/Day,8400,Yes,Yes,Yes,Netflix Mobile + Disney+ Hotstar Mobile,Free National Roaming,NA,Unlimited Data 12AM-6AM,Unlimited Data Sat-Sun,Yes,64 Kbps,Mini Store,MyApp | Debit Card,South,3,Q4 FY2024-25,NA,Live,Yes,2.5GB/Day,64 Kbps,Bundled OTT Subscriptions | Unused Data Rollover | Vi Movies & TV Access,13-Nov-24,11-Jul-26
999,₹999.00 (GST Inclusive @18% | Base ₹846.61 + GST ₹152.39),Unlimited,Vi Hero Unlimited 999,14-Jan-25,NA,Active,"APR, KAR, KER",UL Calls | 2.5GB/Day High-Speed Data | 100 SMS/Day | Unlimited 5G,26109088,3.Roaming Benefits,1.Roaming,Free National Roaming (Incoming+Outgoing),PLN-PRE-00019,Prepaid,Retail,Premium,Vi Hero Unlimited,Vodafone Idea,84,2.5GB/Day High-Speed Data,2.5,210,GB,Unlimited Calls (Local+STD+NR),100 SMS/Day,8400,Yes,Yes,Yes,Netflix Mobile + Disney+ Hotstar Mobile,Free National Roaming,NA,Unlimited Data 12AM-6AM,Unlimited Data Sat-Sun,Yes,64 Kbps,Mini Store,MyApp | Debit Card,South,3,Q4 FY2024-25,NA,Live,Yes,2.5GB/Day,64 Kbps,Bundled OTT Subscriptions | Unused Data Rollover | Vi Movies & TV Access,13-Nov-24,11-Jul-26
999,₹999.00 (GST Inclusive @18% | Base ₹846.61 + GST ₹152.39),Unlimited,Vi Hero Unlimited 999,14-Jan-25,NA,Active,"APR, KAR, KER",UL Calls | 2.5GB/Day High-Speed Data | 100 SMS/Day | Unlimited 5G,26109088,5.Additional Benefits,1.Additional Benefits,Bundled OTT Subscriptions | Unused Data Rollover | Vi Movies & TV Access,PLN-PRE-00019,Prepaid,Retail,Premium,Vi Hero Unlimited,Vodafone Idea,84,2.5GB/Day High-Speed Data,2.5,210,GB,Unlimited Calls (Local+STD+NR),100 SMS/Day,8400,Yes,Yes,Yes,Netflix Mobile + Disney+ Hotstar Mobile,Free National Roaming,NA,Unlimited Data 12AM-6AM,Unlimited Data Sat-Sun,Yes,64 Kbps,Mini Store,MyApp | Debit Card,South,3,Q4 FY2024-25,NA,Live,Yes,2.5GB/Day,64 Kbps,Bundled OTT Subscriptions | Unused Data Rollover | Vi Movies & TV Access,13-Nov-24,11-Jul-26
1199,₹1199.00 (GST Inclusive @18% | Base ₹1016.10 + GST ₹182.90),Unlimited,Vi Hero Unlimited 1199,06-May-24,NA,Active,"BIH, ROB, WB",UL Calls | 3GB/Day High-Speed Data | 100 SMS/Day | Unlimited 5G,26109793,1.Telco Benefits,1.Voice,Unlimited Calls (Local+STD+NR),PLN-PRE-00020,Prepaid,Retail,Premium,Vi Hero Unlimited,Vodafone Idea,84,3GB/Day High-Speed Data,3,252,GB,Unlimited Calls (Local+STD+NR),100 SMS/Day,8400,Yes,Yes,Yes,Netflix Basic + Amazon Prime Lite,Free National Roaming,NA,Unlimited Data 12AM-6AM,Unlimited Data Sat-Sun,Yes,64 Kbps,Website,Retail Outlet | Cash,East,3,Q1 FY2024-25,NA,Live,Yes,3GB/Day,64 Kbps,Bundled OTT Subscriptions | Unused Data Rollover | Vi Movies & TV Access,19-Apr-24,04-Sep-25
1199,₹1199.00 (GST Inclusive @18% | Base ₹1016.10 + GST ₹182.90),Unlimited,Vi Hero Unlimited 1199,06-May-24,NA,Active,"BIH, ROB, WB",UL Calls | 3GB/Day High-Speed Data | 100 SMS/Day | Unlimited 5G,26109793,1.Telco Benefits,2.Data,3GB/Day High-Speed Data,PLN-PRE-00020,Prepaid,Retail,Premium,Vi Hero Unlimited,Vodafone Idea,84,3GB/Day High-Speed Data,3,252,GB,Unlimited Calls (Local+STD+NR),100 SMS/Day,8400,Yes,Yes,Yes,Netflix Basic + Amazon Prime Lite,Free National Roaming,NA,Unlimited Data 12AM-6AM,Unlimited Data Sat-Sun,Yes,64 Kbps,Website,Retail Outlet | Cash,East,3,Q1 FY2024-25,NA,Live,Yes,3GB/Day,64 Kbps,Bundled OTT Subscriptions | Unused Data Rollover | Vi Movies & TV Access,19-Apr-24,04-Sep-25
1199,₹1199.00 (GST Inclusive @18% | Base ₹1016.10 + GST ₹182.90),Unlimited,Vi Hero Unlimited 1199,06-May-24,NA,Active,"BIH, ROB, WB",UL Calls | 3GB/Day High-Speed Data | 100 SMS/Day | Unlimited 5G,26109793,1.Telco Benefits,2.Data,Post Daily FUP Speed: 64 Kbps,PLN-PRE-00020,Prepaid,Retail,Premium,Vi Hero Unlimited,Vodafone Idea,84,3GB/Day High-Speed Data,3,252,GB,Unlimited Calls (Local+STD+NR),100 SMS/Day,8400,Yes,Yes,Yes,Netflix Basic + Amazon Prime Lite,Free National Roaming,NA,Unlimited Data 12AM-6AM,Unlimited Data Sat-Sun,Yes,64 Kbps,Website,Retail Outlet | Cash,East,3,Q1 FY2024-25,NA,Live,Yes,3GB/Day,64 Kbps,Bundled OTT Subscriptions | Unused Data Rollover | Vi Movies & TV Access,19-Apr-24,04-Sep-25
1199,₹1199.00 (GST Inclusive @18% | Base ₹1016.10 + GST ₹182.90),Unlimited,Vi Hero Unlimited 1199,06-May-24,NA,Active,"BIH, ROB, WB",UL Calls | 3GB/Day High-Speed Data | 100 SMS/Day | Unlimited 5G,26109793,1.Telco Benefits,2.Data,Unlimited 5G Browsing in 5G Coverage Areas,PLN-PRE-00020,Prepaid,Retail,Premium,Vi Hero Unlimited,Vodafone Idea,84,3GB/Day High-Speed Data,3,252,GB,Unlimited Calls (Local+STD+NR),100 SMS/Day,8400,Yes,Yes,Yes,Netflix Basic + Amazon Prime Lite,Free National Roaming,NA,Unlimited Data 12AM-6AM,Unlimited Data Sat-Sun,Yes,64 Kbps,Website,Retail Outlet | Cash,East,3,Q1 FY2024-25,NA,Live,Yes,3GB/Day,64 Kbps,Bundled OTT Subscriptions | Unused Data Rollover | Vi Movies & TV Access,19-Apr-24,04-Sep-25
1199,₹1199.00 (GST Inclusive @18% | Base ₹1016.10 + GST ₹182.90),Unlimited,Vi Hero Unlimited 1199,06-May-24,NA,Active,"BIH, ROB, WB",UL Calls | 3GB/Day High-Speed Data | 100 SMS/Day | Unlimited 5G,26109793,1.Telco Benefits,3.SMS,100 SMS/Day,PLN-PRE-00020,Prepaid,Retail,Premium,Vi Hero Unlimited,Vodafone Idea,84,3GB/Day High-Speed Data,3,252,GB,Unlimited Calls (Local+STD+NR),100 SMS/Day,8400,Yes,Yes,Yes,Netflix Basic + Amazon Prime Lite,Free National Roaming,NA,Unlimited Data 12AM-6AM,Unlimited Data Sat-Sun,Yes,64 Kbps,Website,Retail Outlet | Cash,East,3,Q1 FY2024-25,NA,Live,Yes,3GB/Day,64 Kbps,Bundled OTT Subscriptions | Unused Data Rollover | Vi Movies & TV Access,19-Apr-24,04-Sep-25
1199,₹1199.00 (GST Inclusive @18% | Base ₹1016.10 + GST ₹182.90),Unlimited,Vi Hero Unlimited 1199,06-May-24,NA,Active,"BIH, ROB, WB",UL Calls | 3GB/Day High-Speed Data | 100 SMS/Day | Unlimited 5G,26109793,1.Telco Benefits,4.Validity,84 Days Validity,PLN-PRE-00020,Prepaid,Retail,Premium,Vi Hero Unlimited,Vodafone Idea,84,3GB/Day High-Speed Data,3,252,GB,Unlimited Calls (Local+STD+NR),100 SMS/Day,8400,Yes,Yes,Yes,Netflix Basic + Amazon Prime Lite,Free National Roaming,NA,Unlimited Data 12AM-6AM,Unlimited Data Sat-Sun,Yes,64 Kbps,Website,Retail Outlet | Cash,East,3,Q1 FY2024-25,NA,Live,Yes,3GB/Day,64 Kbps,Bundled OTT Subscriptions | Unused Data Rollover | Vi Movies & TV Access,19-Apr-24,04-Sep-25
1199,₹1199.00 (GST Inclusive @18% | Base ₹1016.10 + GST ₹182.90),Unlimited,Vi Hero Unlimited 1199,06-May-24,NA,Active,"BIH, ROB, WB",UL Calls | 3GB/Day High-Speed Data | 100 SMS/Day | Unlimited 5G,26109793,1.Telco Benefits,5.FUP,"FUP Limit 3GB/Day, Throttled to 64 Kbps Thereafter",PLN-PRE-00020,Prepaid,Retail,Premium,Vi Hero Unlimited,Vodafone Idea,84,3GB/Day High-Speed Data,3,252,GB,Unlimited Calls (Local+STD+NR),100 SMS/Day,8400,Yes,Yes,Yes,Netflix Basic + Amazon Prime Lite,Free National Roaming,NA,Unlimited Data 12AM-6AM,Unlimited Data Sat-Sun,Yes,64 Kbps,Website,Retail Outlet | Cash,East,3,Q1 FY2024-25,NA,Live,Yes,3GB/Day,64 Kbps,Bundled OTT Subscriptions | Unused Data Rollover | Vi Movies & TV Access,19-Apr-24,04-Sep-25
1199,₹1199.00 (GST Inclusive @18% | Base ₹1016.10 + GST ₹182.90),Unlimited,Vi Hero Unlimited 1199,06-May-24,NA,Active,"BIH, ROB, WB",UL Calls | 3GB/Day High-Speed Data | 100 SMS/Day | Unlimited 5G,26109793,2.OTT Benefits,1.OTT,Netflix Basic + Amazon Prime (Lite),PLN-PRE-00020,Prepaid,Retail,Premium,Vi Hero Unlimited,Vodafone Idea,84,3GB/Day High-Speed Data,3,252,GB,Unlimited Calls (Local+STD+NR),100 SMS/Day,8400,Yes,Yes,Yes,Netflix Basic + Amazon Prime Lite,Free National Roaming,NA,Unlimited Data 12AM-6AM,Unlimited Data Sat-Sun,Yes,64 Kbps,Website,Retail Outlet | Cash,East,3,Q1 FY2024-25,NA,Live,Yes,3GB/Day,64 Kbps,Bundled OTT Subscriptions | Unused Data Rollover | Vi Movies & TV Access,19-Apr-24,04-Sep-25
1199,₹1199.00 (GST Inclusive @18% | Base ₹1016.10 + GST ₹182.90),Unlimited,Vi Hero Unlimited 1199,06-May-24,NA,Active,"BIH, ROB, WB",UL Calls | 3GB/Day High-Speed Data | 100 SMS/Day | Unlimited 5G,26109793,3.Roaming Benefits,1.Roaming,Domestic Roaming Free (In & Out),PLN-PRE-00020,Prepaid,Retail,Premium,Vi Hero Unlimited,Vodafone Idea,84,3GB/Day High-Speed Data,3,252,GB,Unlimited Calls (Local+STD+NR),100 SMS/Day,8400,Yes,Yes,Yes,Netflix Basic + Amazon Prime Lite,Free National Roaming,NA,Unlimited Data 12AM-6AM,Unlimited Data Sat-Sun,Yes,64 Kbps,Website,Retail Outlet | Cash,East,3,Q1 FY2024-25,NA,Live,Yes,3GB/Day,64 Kbps,Bundled OTT Subscriptions | Unused Data Rollover | Vi Movies & TV Access,19-Apr-24,04-Sep-25
1199,₹1199.00 (GST Inclusive @18% | Base ₹1016.10 + GST ₹182.90),Unlimited,Vi Hero Unlimited 1199,06-May-24,NA,Active,"BIH, ROB, WB",UL Calls | 3GB/Day High-Speed Data | 100 SMS/Day | Unlimited 5G,26109793,5.Additional Benefits,1.Additional Benefits,Bundled OTT Subscriptions | Unused Data Rollover | Vi Movies & TV Access,PLN-PRE-00020,Prepaid,Retail,Premium,Vi Hero Unlimited,Vodafone Idea,84,3GB/Day High-Speed Data,3,252,GB,Unlimited Calls (Local+STD+NR),100 SMS/Day,8400,Yes,Yes,Yes,Netflix Basic + Amazon Prime Lite,Free National Roaming,NA,Unlimited Data 12AM-6AM,Unlimited Data Sat-Sun,Yes,64 Kbps,Website,Retail Outlet | Cash,East,3,Q1 FY2024-25,NA,Live,Yes,3GB/Day,64 Kbps,Bundled OTT Subscriptions | Unused Data Rollover | Vi Movies & TV Access,19-Apr-24,04-Sep-25
1499,₹1499.00 (GST Inclusive @18% | Base ₹1270.34 + GST ₹228.66),Unlimited,Limitless Plan Vi Hero Unlimited 1499 UL,08-Jul-25,NA,Active,"ANE, APR, KAR, TN",UL Calls | Limitless Data | 100 SMS/Day | Unlimited 5G,26109971,1.Telco Benefits,1.Voice,Unlimited Calls (Local+STD+NR),PLN-PRE-00021,Prepaid,Retail,Premium,Vi Hero Unlimited,Vodafone Idea,84,Limitless Data/month (bill-period),NA,300,GB,Unlimited Calls (Local+STD+NR),100 SMS/Day,8400,Yes,Yes,Yes,Netflix Basic + Disney+ Hotstar Super,Free National Roaming,NA,NA,NA,No,5 Mbps,USSD *199#,MyApp | UPI,South,4,Q2 FY2025-26,NA,Live,No,300GB/Month,5 Mbps,Bundled OTT Subscriptions | Vi Movies & TV Access,15-Apr-25,12-Jan-26
1499,₹1499.00 (GST Inclusive @18% | Base ₹1270.34 + GST ₹228.66),Unlimited,Limitless Plan Vi Hero Unlimited 1499 UL,08-Jul-25,NA,Active,"ANE, APR, KAR, TN",UL Calls | Limitless Data | 100 SMS/Day | Unlimited 5G,26109971,1.Telco Benefits,2.Data,"a) Unlimited Data/Month
b) Lower Browsing Speed Post 300GB Usage
c) Unrestricted Daily Usage (Within FUP)
d) Unltd 5G Data (Where 5G is Live)",PLN-PRE-00021,Prepaid,Retail,Premium,Vi Hero Unlimited,Vodafone Idea,84,Limitless Data/month (bill-period),NA,300,GB,Unlimited Calls (Local+STD+NR),100 SMS/Day,8400,Yes,Yes,Yes,Netflix Basic + Disney+ Hotstar Super,Free National Roaming,NA,NA,NA,No,5 Mbps,USSD *199#,MyApp | UPI,South,4,Q2 FY2025-26,NA,Live,No,300GB/Month,5 Mbps,Bundled OTT Subscriptions | Vi Movies & TV Access,15-Apr-25,12-Jan-26
1499,₹1499.00 (GST Inclusive @18% | Base ₹1270.34 + GST ₹228.66),Unlimited,Limitless Plan Vi Hero Unlimited 1499 UL,08-Jul-25,NA,Active,"ANE, APR, KAR, TN",UL Calls | Limitless Data | 100 SMS/Day | Unlimited 5G,26109971,1.Telco Benefits,3.SMS,Daily SMS Limit: 100,PLN-PRE-00021,Prepaid,Retail,Premium,Vi Hero Unlimited,Vodafone Idea,84,Limitless Data/month (bill-period),NA,300,GB,Unlimited Calls (Local+STD+NR),100 SMS/Day,8400,Yes,Yes,Yes,Netflix Basic + Disney+ Hotstar Super,Free National Roaming,NA,NA,NA,No,5 Mbps,USSD *199#,MyApp | UPI,South,4,Q2 FY2025-26,NA,Live,No,300GB/Month,5 Mbps,Bundled OTT Subscriptions | Vi Movies & TV Access,15-Apr-25,12-Jan-26
1499,₹1499.00 (GST Inclusive @18% | Base ₹1270.34 + GST ₹228.66),Unlimited,Limitless Plan Vi Hero Unlimited 1499 UL,08-Jul-25,NA,Active,"ANE, APR, KAR, TN",UL Calls | Limitless Data | 100 SMS/Day | Unlimited 5G,26109971,1.Telco Benefits,4.Validity,84 Days Validity,PLN-PRE-00021,Prepaid,Retail,Premium,Vi Hero Unlimited,Vodafone Idea,84,Limitless Data/month (bill-period),NA,300,GB,Unlimited Calls (Local+STD+NR),100 SMS/Day,8400,Yes,Yes,Yes,Netflix Basic + Disney+ Hotstar Super,Free National Roaming,NA,NA,NA,No,5 Mbps,USSD *199#,MyApp | UPI,South,4,Q2 FY2025-26,NA,Live,No,300GB/Month,5 Mbps,Bundled OTT Subscriptions | Vi Movies & TV Access,15-Apr-25,12-Jan-26
1499,₹1499.00 (GST Inclusive @18% | Base ₹1270.34 + GST ₹228.66),Unlimited,Limitless Plan Vi Hero Unlimited 1499 UL,08-Jul-25,NA,Active,"ANE, APR, KAR, TN",UL Calls | Limitless Data | 100 SMS/Day | Unlimited 5G,26109971,1.Telco Benefits,5.FUP,Post 300GB/Month FUP - Speed Reduced to 5 Mbps,PLN-PRE-00021,Prepaid,Retail,Premium,Vi Hero Unlimited,Vodafone Idea,84,Limitless Data/month (bill-period),NA,300,GB,Unlimited Calls (Local+STD+NR),100 SMS/Day,8400,Yes,Yes,Yes,Netflix Basic + Disney+ Hotstar Super,Free National Roaming,NA,NA,NA,No,5 Mbps,USSD *199#,MyApp | UPI,South,4,Q2 FY2025-26,NA,Live,No,300GB/Month,5 Mbps,Bundled OTT Subscriptions | Vi Movies & TV Access,15-Apr-25,12-Jan-26
1499,₹1499.00 (GST Inclusive @18% | Base ₹1270.34 + GST ₹228.66),Unlimited,Limitless Plan Vi Hero Unlimited 1499 UL,08-Jul-25,NA,Active,"ANE, APR, KAR, TN",UL Calls | Limitless Data | 100 SMS/Day | Unlimited 5G,26109971,2.OTT Benefits,1.OTT,Netflix Mobile Basic + Hotstar Super Subscription,PLN-PRE-00021,Prepaid,Retail,Premium,Vi Hero Unlimited,Vodafone Idea,84,Limitless Data/month (bill-period),NA,300,GB,Unlimited Calls (Local+STD+NR),100 SMS/Day,8400,Yes,Yes,Yes,Netflix Basic + Disney+ Hotstar Super,Free National Roaming,NA,NA,NA,No,5 Mbps,USSD *199#,MyApp | UPI,South,4,Q2 FY2025-26,NA,Live,No,300GB/Month,5 Mbps,Bundled OTT Subscriptions | Vi Movies & TV Access,15-Apr-25,12-Jan-26
1499,₹1499.00 (GST Inclusive @18% | Base ₹1270.34 + GST ₹228.66),Unlimited,Limitless Plan Vi Hero Unlimited 1499 UL,08-Jul-25,NA,Active,"ANE, APR, KAR, TN",UL Calls | Limitless Data | 100 SMS/Day | Unlimited 5G,26109971,3.Roaming Benefits,1.Roaming,No National Roaming Charges,PLN-PRE-00021,Prepaid,Retail,Premium,Vi Hero Unlimited,Vodafone Idea,84,Limitless Data/month (bill-period),NA,300,GB,Unlimited Calls (Local+STD+NR),100 SMS/Day,8400,Yes,Yes,Yes,Netflix Basic + Disney+ Hotstar Super,Free National Roaming,NA,NA,NA,No,5 Mbps,USSD *199#,MyApp | UPI,South,4,Q2 FY2025-26,NA,Live,No,300GB/Month,5 Mbps,Bundled OTT Subscriptions | Vi Movies & TV Access,15-Apr-25,12-Jan-26
1499,₹1499.00 (GST Inclusive @18% | Base ₹1270.34 + GST ₹228.66),Unlimited,Limitless Plan Vi Hero Unlimited 1499 UL,08-Jul-25,NA,Active,"ANE, APR, KAR, TN",UL Calls | Limitless Data | 100 SMS/Day | Unlimited 5G,26109971,5.Additional Benefits,1.Additional Benefits,Bundled OTT Subscriptions | Vi Movies & TV Access,PLN-PRE-00021,Prepaid,Retail,Premium,Vi Hero Unlimited,Vodafone Idea,84,Limitless Data/month (bill-period),NA,300,GB,Unlimited Calls (Local+STD+NR),100 SMS/Day,8400,Yes,Yes,Yes,Netflix Basic + Disney+ Hotstar Super,Free National Roaming,NA,NA,NA,No,5 Mbps,USSD *199#,MyApp | UPI,South,4,Q2 FY2025-26,NA,Live,No,300GB/Month,5 Mbps,Bundled OTT Subscriptions | Vi Movies & TV Access,15-Apr-25,12-Jan-26
3199,₹3199.00 (GST Inclusive @18% | Base ₹2711.02 + GST ₹487.98),Unlimited,Vi Hero Unlimited Annual 3199,15-Apr-24,NA,Active,"DEL, KOL, MUM",UL Calls | 2GB/Day High-Speed Data | 100 SMS/Day | Unlimited 5G,26110658,1.Telco Benefits,1.Voice,UL Local & STD Calls incl. NR,PLN-PRE-00022,Prepaid,Retail,Premium,Vi Hero Unlimited,Vodafone Idea,365,2GB/Day High-Speed Data,2,730,GB,Unlimited Calls (Local+STD+NR),100 SMS/Day,36500,Yes,Yes,Yes,Disney+ Hotstar Mobile,Free National Roaming,NA,Unlimited Data 12AM-6AM,Unlimited Data Sat-Sun,Yes,64 Kbps,USSD *199#,Third Party App (PhonePe/Paytm),Metro,3,Q1 FY2024-25,NA,Live,No,2GB/Day,64 Kbps,Bundled OTT Subscriptions | Unused Data Rollover | Vi Movies & TV Access,12-Feb-24,08-May-25
3199,₹3199.00 (GST Inclusive @18% | Base ₹2711.02 + GST ₹487.98),Unlimited,Vi Hero Unlimited Annual 3199,15-Apr-24,NA,Active,"DEL, KOL, MUM",UL Calls | 2GB/Day High-Speed Data | 100 SMS/Day | Unlimited 5G,26110658,1.Telco Benefits,2.Data,2 GB/Day 4G/5G Data,PLN-PRE-00022,Prepaid,Retail,Premium,Vi Hero Unlimited,Vodafone Idea,365,2GB/Day High-Speed Data,2,730,GB,Unlimited Calls (Local+STD+NR),100 SMS/Day,36500,Yes,Yes,Yes,Disney+ Hotstar Mobile,Free National Roaming,NA,Unlimited Data 12AM-6AM,Unlimited Data Sat-Sun,Yes,64 Kbps,USSD *199#,Third Party App (PhonePe/Paytm),Metro,3,Q1 FY2024-25,NA,Live,No,2GB/Day,64 Kbps,Bundled OTT Subscriptions | Unused Data Rollover | Vi Movies & TV Access,12-Feb-24,08-May-25
3199,₹3199.00 (GST Inclusive @18% | Base ₹2711.02 + GST ₹487.98),Unlimited,Vi Hero Unlimited Annual 3199,15-Apr-24,NA,Active,"DEL, KOL, MUM",UL Calls | 2GB/Day High-Speed Data | 100 SMS/Day | Unlimited 5G,26110658,1.Telco Benefits,2.Data,64 Kbps Post Daily Limit,PLN-PRE-00022,Prepaid,Retail,Premium,Vi Hero Unlimited,Vodafone Idea,365,2GB/Day High-Speed Data,2,730,GB,Unlimited Calls (Local+STD+NR),100 SMS/Day,36500,Yes,Yes,Yes,Disney+ Hotstar Mobile,Free National Roaming,NA,Unlimited Data 12AM-6AM,Unlimited Data Sat-Sun,Yes,64 Kbps,USSD *199#,Third Party App (PhonePe/Paytm),Metro,3,Q1 FY2024-25,NA,Live,No,2GB/Day,64 Kbps,Bundled OTT Subscriptions | Unused Data Rollover | Vi Movies & TV Access,12-Feb-24,08-May-25
3199,₹3199.00 (GST Inclusive @18% | Base ₹2711.02 + GST ₹487.98),Unlimited,Vi Hero Unlimited Annual 3199,15-Apr-24,NA,Active,"DEL, KOL, MUM",UL Calls | 2GB/Day High-Speed Data | 100 SMS/Day | Unlimited 5G,26110658,1.Telco Benefits,2.Data,Unltd 5G Data (Where 5G is Live),PLN-PRE-00022,Prepaid,Retail,Premium,Vi Hero Unlimited,Vodafone Idea,365,2GB/Day High-Speed Data,2,730,GB,Unlimited Calls (Local+STD+NR),100 SMS/Day,36500,Yes,Yes,Yes,Disney+ Hotstar Mobile,Free National Roaming,NA,Unlimited Data 12AM-6AM,Unlimited Data Sat-Sun,Yes,64 Kbps,USSD *199#,Third Party App (PhonePe/Paytm),Metro,3,Q1 FY2024-25,NA,Live,No,2GB/Day,64 Kbps,Bundled OTT Subscriptions | Unused Data Rollover | Vi Movies & TV Access,12-Feb-24,08-May-25
3199,₹3199.00 (GST Inclusive @18% | Base ₹2711.02 + GST ₹487.98),Unlimited,Vi Hero Unlimited Annual 3199,15-Apr-24,NA,Active,"DEL, KOL, MUM",UL Calls | 2GB/Day High-Speed Data | 100 SMS/Day | Unlimited 5G,26110658,1.Telco Benefits,3.SMS,Daily SMS Limit: 100,PLN-PRE-00022,Prepaid,Retail,Premium,Vi Hero Unlimited,Vodafone Idea,365,2GB/Day High-Speed Data,2,730,GB,Unlimited Calls (Local+STD+NR),100 SMS/Day,36500,Yes,Yes,Yes,Disney+ Hotstar Mobile,Free National Roaming,NA,Unlimited Data 12AM-6AM,Unlimited Data Sat-Sun,Yes,64 Kbps,USSD *199#,Third Party App (PhonePe/Paytm),Metro,3,Q1 FY2024-25,NA,Live,No,2GB/Day,64 Kbps,Bundled OTT Subscriptions | Unused Data Rollover | Vi Movies & TV Access,12-Feb-24,08-May-25
3199,₹3199.00 (GST Inclusive @18% | Base ₹2711.02 + GST ₹487.98),Unlimited,Vi Hero Unlimited Annual 3199,15-Apr-24,NA,Active,"DEL, KOL, MUM",UL Calls | 2GB/Day High-Speed Data | 100 SMS/Day | Unlimited 5G,26110658,1.Telco Benefits,4.Validity,365 Days Validity,PLN-PRE-00022,Prepaid,Retail,Premium,Vi Hero Unlimited,Vodafone Idea,365,2GB/Day High-Speed Data,2,730,GB,Unlimited Calls (Local+STD+NR),100 SMS/Day,36500,Yes,Yes,Yes,Disney+ Hotstar Mobile,Free National Roaming,NA,Unlimited Data 12AM-6AM,Unlimited Data Sat-Sun,Yes,64 Kbps,USSD *199#,Third Party App (PhonePe/Paytm),Metro,3,Q1 FY2024-25,NA,Live,No,2GB/Day,64 Kbps,Bundled OTT Subscriptions | Unused Data Rollover | Vi Movies & TV Access,12-Feb-24,08-May-25
3199,₹3199.00 (GST Inclusive @18% | Base ₹2711.02 + GST ₹487.98),Unlimited,Vi Hero Unlimited Annual 3199,15-Apr-24,NA,Active,"DEL, KOL, MUM",UL Calls | 2GB/Day High-Speed Data | 100 SMS/Day | Unlimited 5G,26110658,1.Telco Benefits,5.FUP,Post 2GB/Day FUP - Speed Reduced to 64 Kbps,PLN-PRE-00022,Prepaid,Retail,Premium,Vi Hero Unlimited,Vodafone Idea,365,2GB/Day High-Speed Data,2,730,GB,Unlimited Calls (Local+STD+NR),100 SMS/Day,36500,Yes,Yes,Yes,Disney+ Hotstar Mobile,Free National Roaming,NA,Unlimited Data 12AM-6AM,Unlimited Data Sat-Sun,Yes,64 Kbps,USSD *199#,Third Party App (PhonePe/Paytm),Metro,3,Q1 FY2024-25,NA,Live,No,2GB/Day,64 Kbps,Bundled OTT Subscriptions | Unused Data Rollover | Vi Movies & TV Access,12-Feb-24,08-May-25
3199,₹3199.00 (GST Inclusive @18% | Base ₹2711.02 + GST ₹487.98),Unlimited,Vi Hero Unlimited Annual 3199,15-Apr-24,NA,Active,"DEL, KOL, MUM",UL Calls | 2GB/Day High-Speed Data | 100 SMS/Day | Unlimited 5G,26110658,2.OTT Benefits,1.OTT,Hotstar Mobile Subscription,PLN-PRE-00022,Prepaid,Retail,Premium,Vi Hero Unlimited,Vodafone Idea,365,2GB/Day High-Speed Data,2,730,GB,Unlimited Calls (Local+STD+NR),100 SMS/Day,36500,Yes,Yes,Yes,Disney+ Hotstar Mobile,Free National Roaming,NA,Unlimited Data 12AM-6AM,Unlimited Data Sat-Sun,Yes,64 Kbps,USSD *199#,Third Party App (PhonePe/Paytm),Metro,3,Q1 FY2024-25,NA,Live,No,2GB/Day,64 Kbps,Bundled OTT Subscriptions | Unused Data Rollover | Vi Movies & TV Access,12-Feb-24,08-May-25
3199,₹3199.00 (GST Inclusive @18% | Base ₹2711.02 + GST ₹487.98),Unlimited,Vi Hero Unlimited Annual 3199,15-Apr-24,NA,Active,"DEL, KOL, MUM",UL Calls | 2GB/Day High-Speed Data | 100 SMS/Day | Unlimited 5G,26110658,3.Roaming Benefits,1.Roaming,Free National Roaming (Incoming+Outgoing),PLN-PRE-00022,Prepaid,Retail,Premium,Vi Hero Unlimited,Vodafone Idea,365,2GB/Day High-Speed Data,2,730,GB,Unlimited Calls (Local+STD+NR),100 SMS/Day,36500,Yes,Yes,Yes,Disney+ Hotstar Mobile,Free National Roaming,NA,Unlimited Data 12AM-6AM,Unlimited Data Sat-Sun,Yes,64 Kbps,USSD *199#,Third Party App (PhonePe/Paytm),Metro,3,Q1 FY2024-25,NA,Live,No,2GB/Day,64 Kbps,Bundled OTT Subscriptions | Unused Data Rollover | Vi Movies & TV Access,12-Feb-24,08-May-25
3199,₹3199.00 (GST Inclusive @18% | Base ₹2711.02 + GST ₹487.98),Unlimited,Vi Hero Unlimited Annual 3199,15-Apr-24,NA,Active,"DEL, KOL, MUM",UL Calls | 2GB/Day High-Speed Data | 100 SMS/Day | Unlimited 5G,26110658,5.Additional Benefits,1.Additional Benefits,Bundled OTT Subscriptions | Unused Data Rollover | Vi Movies & TV Access,PLN-PRE-00022,Prepaid,Retail,Premium,Vi Hero Unlimited,Vodafone Idea,365,2GB/Day High-Speed Data,2,730,GB,Unlimited Calls (Local+STD+NR),100 SMS/Day,36500,Yes,Yes,Yes,Disney+ Hotstar Mobile,Free National Roaming,NA,Unlimited Data 12AM-6AM,Unlimited Data Sat-Sun,Yes,64 Kbps,USSD *199#,Third Party App (PhonePe/Paytm),Metro,3,Q1 FY2024-25,NA,Live,No,2GB/Day,64 Kbps,Bundled OTT Subscriptions | Unused Data Rollover | Vi Movies & TV Access,12-Feb-24,08-May-25
19,₹19.00 (GST Inclusive @18% | Base ₹16.10 + GST ₹2.90),Data,Vi Hero Unlimited Data Booster 19,23-Apr-26,NA,Active,"ANE, APR, BIH, DEL, GUJ, HAR, HP, J&K, KAR, KER, KOL, MAH, MPCG, MUM, NE, ORI, PUN, RAJ, ROB, TN, UPE, UPW, WB",Data Only | 1GB Total (Full Validity),26111156,1.Telco Benefits,1.Voice,Data Only - No Voice Included,PLN-PRE-00023,Prepaid,Retail,Data Add-On,Vi Hero Unlimited,Vodafone Idea,1,1GB Total (Full Validity),NA,1,GB,No Voice Benefit (Data Only Pack),No SMS Benefit,0,No,Yes,No,NA,NA,NA,NA,NA,No,64 Kbps,Call Center,MyApp | UPI,Pan India,23,Q1 FY2026-27,NA,Live,Yes,1GB/Validity,64 Kbps,NA,24-Jan-26,20-Jun-26
19,₹19.00 (GST Inclusive @18% | Base ₹16.10 + GST ₹2.90),Data,Vi Hero Unlimited Data Booster 19,23-Apr-26,NA,Active,"ANE, APR, BIH, DEL, GUJ, HAR, HP, J&K, KAR, KER, KOL, MAH, MPCG, MUM, NE, ORI, PUN, RAJ, ROB, TN, UPE, UPW, WB",Data Only | 1GB Total (Full Validity),26111156,1.Telco Benefits,2.Data,1GB Data Pack (Validity Based),PLN-PRE-00023,Prepaid,Retail,Data Add-On,Vi Hero Unlimited,Vodafone Idea,1,1GB Total (Full Validity),NA,1,GB,No Voice Benefit (Data Only Pack),No SMS Benefit,0,No,Yes,No,NA,NA,NA,NA,NA,No,64 Kbps,Call Center,MyApp | UPI,Pan India,23,Q1 FY2026-27,NA,Live,Yes,1GB/Validity,64 Kbps,NA,24-Jan-26,20-Jun-26
19,₹19.00 (GST Inclusive @18% | Base ₹16.10 + GST ₹2.90),Data,Vi Hero Unlimited Data Booster 19,23-Apr-26,NA,Active,"ANE, APR, BIH, DEL, GUJ, HAR, HP, J&K, KAR, KER, KOL, MAH, MPCG, MUM, NE, ORI, PUN, RAJ, ROB, TN, UPE, UPW, WB",Data Only | 1GB Total (Full Validity),26111156,1.Telco Benefits,4.Validity,Validity: 1 Days,PLN-PRE-00023,Prepaid,Retail,Data Add-On,Vi Hero Unlimited,Vodafone Idea,1,1GB Total (Full Validity),NA,1,GB,No Voice Benefit (Data Only Pack),No SMS Benefit,0,No,Yes,No,NA,NA,NA,NA,NA,No,64 Kbps,Call Center,MyApp | UPI,Pan India,23,Q1 FY2026-27,NA,Live,Yes,1GB/Validity,64 Kbps,NA,24-Jan-26,20-Jun-26
19,₹19.00 (GST Inclusive @18% | Base ₹16.10 + GST ₹2.90),Data,Vi Hero Unlimited Data Booster 19,23-Apr-26,NA,Active,"ANE, APR, BIH, DEL, GUJ, HAR, HP, J&K, KAR, KER, KOL, MAH, MPCG, MUM, NE, ORI, PUN, RAJ, ROB, TN, UPE, UPW, WB",Data Only | 1GB Total (Full Validity),26111156,1.Telco Benefits,5.FUP,"FUP Limit 1GB/Validity, Throttled to 64 Kbps Thereafter",PLN-PRE-00023,Prepaid,Retail,Data Add-On,Vi Hero Unlimited,Vodafone Idea,1,1GB Total (Full Validity),NA,1,GB,No Voice Benefit (Data Only Pack),No SMS Benefit,0,No,Yes,No,NA,NA,NA,NA,NA,No,64 Kbps,Call Center,MyApp | UPI,Pan India,23,Q1 FY2026-27,NA,Live,Yes,1GB/Validity,64 Kbps,NA,24-Jan-26,20-Jun-26
29,₹29.00 (GST Inclusive @18% | Base ₹24.58 + GST ₹4.42),Data,Vi Hero Unlimited Data Booster 29,07-Dec-25,NA,Active,"ANE, APR, BIH, DEL, GUJ, HAR, HP, J&K, KAR, KER, KOL, MAH, MPCG, MUM, NE, ORI, PUN, RAJ, ROB, TN, UPE, UPW, WB",Data Only | 2GB Total (Full Validity),26111574,1.Telco Benefits,1.Voice,No Voice Benefit (Data Only Pack),PLN-PRE-00024,Prepaid,Retail,Data Add-On,Vi Hero Unlimited,Vodafone Idea,2,2GB Total (Full Validity),NA,2,GB,No Voice Benefit (Data Only Pack),No SMS Benefit,0,No,Yes,No,NA,NA,NA,NA,NA,No,64 Kbps,Mini Store,MyApp | UPI,Pan India,23,Q3 FY2025-26,NA,Live,No,2GB/Validity,64 Kbps,NA,11-Nov-25,10-Aug-26
29,₹29.00 (GST Inclusive @18% | Base ₹24.58 + GST ₹4.42),Data,Vi Hero Unlimited Data Booster 29,07-Dec-25,NA,Active,"ANE, APR, BIH, DEL, GUJ, HAR, HP, J&K, KAR, KER, KOL, MAH, MPCG, MUM, NE, ORI, PUN, RAJ, ROB, TN, UPE, UPW, WB",Data Only | 2GB Total (Full Validity),26111574,1.Telco Benefits,2.Data,Total Data: 2GB for Full Validity,PLN-PRE-00024,Prepaid,Retail,Data Add-On,Vi Hero Unlimited,Vodafone Idea,2,2GB Total (Full Validity),NA,2,GB,No Voice Benefit (Data Only Pack),No SMS Benefit,0,No,Yes,No,NA,NA,NA,NA,NA,No,64 Kbps,Mini Store,MyApp | UPI,Pan India,23,Q3 FY2025-26,NA,Live,No,2GB/Validity,64 Kbps,NA,11-Nov-25,10-Aug-26
29,₹29.00 (GST Inclusive @18% | Base ₹24.58 + GST ₹4.42),Data,Vi Hero Unlimited Data Booster 29,07-Dec-25,NA,Active,"ANE, APR, BIH, DEL, GUJ, HAR, HP, J&K, KAR, KER, KOL, MAH, MPCG, MUM, NE, ORI, PUN, RAJ, ROB, TN, UPE, UPW, WB",Data Only | 2GB Total (Full Validity),26111574,1.Telco Benefits,4.Validity,2 Days Validity,PLN-PRE-00024,Prepaid,Retail,Data Add-On,Vi Hero Unlimited,Vodafone Idea,2,2GB Total (Full Validity),NA,2,GB,No Voice Benefit (Data Only Pack),No SMS Benefit,0,No,Yes,No,NA,NA,NA,NA,NA,No,64 Kbps,Mini Store,MyApp | UPI,Pan India,23,Q3 FY2025-26,NA,Live,No,2GB/Validity,64 Kbps,NA,11-Nov-25,10-Aug-26
29,₹29.00 (GST Inclusive @18% | Base ₹24.58 + GST ₹4.42),Data,Vi Hero Unlimited Data Booster 29,07-Dec-25,NA,Active,"ANE, APR, BIH, DEL, GUJ, HAR, HP, J&K, KAR, KER, KOL, MAH, MPCG, MUM, NE, ORI, PUN, RAJ, ROB, TN, UPE, UPW, WB",Data Only | 2GB Total (Full Validity),26111574,1.Telco Benefits,5.FUP,Beyond 2GB/Validity: Speed Capped at 64 Kbps,PLN-PRE-00024,Prepaid,Retail,Data Add-On,Vi Hero Unlimited,Vodafone Idea,2,2GB Total (Full Validity),NA,2,GB,No Voice Benefit (Data Only Pack),No SMS Benefit,0,No,Yes,No,NA,NA,NA,NA,NA,No,64 Kbps,Mini Store,MyApp | UPI,Pan India,23,Q3 FY2025-26,NA,Live,No,2GB/Validity,64 Kbps,NA,11-Nov-25,10-Aug-26
65,₹65.00 (GST Inclusive @18% | Base ₹55.08 + GST ₹9.92),Data,Vi Hero Unlimited Data Booster 65,21-Dec-25,NA,Active,"BIH, KOL, NE, ROB, WB",Data Only | 4GB Total (Full Validity),26112473,1.Telco Benefits,1.Voice,Voice: NA (Data Add-on),PLN-PRE-00025,Prepaid,Retail,Data Add-On,Vi Hero Unlimited,Vodafone Idea,28,4GB Total (Full Validity),NA,4,GB,No Voice Benefit (Data Only Pack),No SMS Benefit,0,No,Yes,No,NA,NA,NA,NA,NA,No,64 Kbps,Website,Third Party App (PhonePe/Paytm),East,5,Q3 FY2025-26,NA,Live,No,4GB/Validity,64 Kbps,NA,05-Oct-25,24-Feb-26
65,₹65.00 (GST Inclusive @18% | Base ₹55.08 + GST ₹9.92),Data,Vi Hero Unlimited Data Booster 65,21-Dec-25,NA,Active,"BIH, KOL, NE, ROB, WB",Data Only | 4GB Total (Full Validity),26112473,1.Telco Benefits,2.Data,4GB Data Pack (Validity Based),PLN-PRE-00025,Prepaid,Retail,Data Add-On,Vi Hero Unlimited,Vodafone Idea,28,4GB Total (Full Validity),NA,4,GB,No Voice Benefit (Data Only Pack),No SMS Benefit,0,No,Yes,No,NA,NA,NA,NA,NA,No,64 Kbps,Website,Third Party App (PhonePe/Paytm),East,5,Q3 FY2025-26,NA,Live,No,4GB/Validity,64 Kbps,NA,05-Oct-25,24-Feb-26
65,₹65.00 (GST Inclusive @18% | Base ₹55.08 + GST ₹9.92),Data,Vi Hero Unlimited Data Booster 65,21-Dec-25,NA,Active,"BIH, KOL, NE, ROB, WB",Data Only | 4GB Total (Full Validity),26112473,1.Telco Benefits,4.Validity,Pack Valid for 28 Days,PLN-PRE-00025,Prepaid,Retail,Data Add-On,Vi Hero Unlimited,Vodafone Idea,28,4GB Total (Full Validity),NA,4,GB,No Voice Benefit (Data Only Pack),No SMS Benefit,0,No,Yes,No,NA,NA,NA,NA,NA,No,64 Kbps,Website,Third Party App (PhonePe/Paytm),East,5,Q3 FY2025-26,NA,Live,No,4GB/Validity,64 Kbps,NA,05-Oct-25,24-Feb-26
65,₹65.00 (GST Inclusive @18% | Base ₹55.08 + GST ₹9.92),Data,Vi Hero Unlimited Data Booster 65,21-Dec-25,NA,Active,"BIH, KOL, NE, ROB, WB",Data Only | 4GB Total (Full Validity),26112473,1.Telco Benefits,5.FUP,"FUP Limit 4GB/Validity, Throttled to 64 Kbps Thereafter",PLN-PRE-00025,Prepaid,Retail,Data Add-On,Vi Hero Unlimited,Vodafone Idea,28,4GB Total (Full Validity),NA,4,GB,No Voice Benefit (Data Only Pack),No SMS Benefit,0,No,Yes,No,NA,NA,NA,NA,NA,No,64 Kbps,Website,Third Party App (PhonePe/Paytm),East,5,Q3 FY2025-26,NA,Live,No,4GB/Validity,64 Kbps,NA,05-Oct-25,24-Feb-26
118,₹118.00 (GST Inclusive @18% | Base ₹100.00 + GST ₹18.00),Data,Vi Hero Unlimited Data Booster 118,04-Dec-24,NA,Active,"ANE, APR, KAR, KER, TN",Data Only | 12GB Total (Full Validity) | Unlimited 5G,26113084,1.Telco Benefits,1.Voice,Voice: NA (Data Add-on),PLN-PRE-00026,Prepaid,Retail,Data Add-On,Vi Hero Unlimited,Vodafone Idea,28,12GB Total (Full Validity),NA,12,GB,No Voice Benefit (Data Only Pack),No SMS Benefit,0,Yes,Yes,No,NA,NA,NA,NA,NA,No,64 Kbps,Call Center,Website | Netbanking,South,5,Q3 FY2024-25,NA,Live,Yes,12GB/Validity,64 Kbps,NA,09-Oct-24,22-Jan-26
118,₹118.00 (GST Inclusive @18% | Base ₹100.00 + GST ₹18.00),Data,Vi Hero Unlimited Data Booster 118,04-Dec-24,NA,Active,"ANE, APR, KAR, KER, TN",Data Only | 12GB Total (Full Validity) | Unlimited 5G,26113084,1.Telco Benefits,2.Data,12GB Data Pack (Validity Based),PLN-PRE-00026,Prepaid,Retail,Data Add-On,Vi Hero Unlimited,Vodafone Idea,28,12GB Total (Full Validity),NA,12,GB,No Voice Benefit (Data Only Pack),No SMS Benefit,0,Yes,Yes,No,NA,NA,NA,NA,NA,No,64 Kbps,Call Center,Website | Netbanking,South,5,Q3 FY2024-25,NA,Live,Yes,12GB/Validity,64 Kbps,NA,09-Oct-24,22-Jan-26
118,₹118.00 (GST Inclusive @18% | Base ₹100.00 + GST ₹18.00),Data,Vi Hero Unlimited Data Booster 118,04-Dec-24,NA,Active,"ANE, APR, KAR, KER, TN",Data Only | 12GB Total (Full Validity) | Unlimited 5G,26113084,1.Telco Benefits,2.Data,Unlimited 5G DATA in cities where 5G is launched,PLN-PRE-00026,Prepaid,Retail,Data Add-On,Vi Hero Unlimited,Vodafone Idea,28,12GB Total (Full Validity),NA,12,GB,No Voice Benefit (Data Only Pack),No SMS Benefit,0,Yes,Yes,No,NA,NA,NA,NA,NA,No,64 Kbps,Call Center,Website | Netbanking,South,5,Q3 FY2024-25,NA,Live,Yes,12GB/Validity,64 Kbps,NA,09-Oct-24,22-Jan-26
118,₹118.00 (GST Inclusive @18% | Base ₹100.00 + GST ₹18.00),Data,Vi Hero Unlimited Data Booster 118,04-Dec-24,NA,Active,"ANE, APR, KAR, KER, TN",Data Only | 12GB Total (Full Validity) | Unlimited 5G,26113084,1.Telco Benefits,4.Validity,Pack Valid for 28 Days,PLN-PRE-00026,Prepaid,Retail,Data Add-On,Vi Hero Unlimited,Vodafone Idea,28,12GB Total (Full Validity),NA,12,GB,No Voice Benefit (Data Only Pack),No SMS Benefit,0,Yes,Yes,No,NA,NA,NA,NA,NA,No,64 Kbps,Call Center,Website | Netbanking,South,5,Q3 FY2024-25,NA,Live,Yes,12GB/Validity,64 Kbps,NA,09-Oct-24,22-Jan-26
118,₹118.00 (GST Inclusive @18% | Base ₹100.00 + GST ₹18.00),Data,Vi Hero Unlimited Data Booster 118,04-Dec-24,NA,Active,"ANE, APR, KAR, KER, TN",Data Only | 12GB Total (Full Validity) | Unlimited 5G,26113084,1.Telco Benefits,5.FUP,"FUP Limit 12GB/Validity, Throttled to 64 Kbps Thereafter",PLN-PRE-00026,Prepaid,Retail,Data Add-On,Vi Hero Unlimited,Vodafone Idea,28,12GB Total (Full Validity),NA,12,GB,No Voice Benefit (Data Only Pack),No SMS Benefit,0,Yes,Yes,No,NA,NA,NA,NA,NA,No,64 Kbps,Call Center,Website | Netbanking,South,5,Q3 FY2024-25,NA,Live,Yes,12GB/Validity,64 Kbps,NA,09-Oct-24,22-Jan-26
181,₹181.00 (GST Inclusive @18% | Base ₹153.39 + GST ₹27.61),Data,Vi Hero Unlimited Data Booster 181,16-Aug-24,NA,Active,"DEL, HAR, HP, J&K, PUN, RAJ, UPE, UPW",Data Only | 25GB Total (Full Validity) | Unlimited 5G,26113324,1.Telco Benefits,1.Voice,Voice: NA (Data Add-on),PLN-PRE-00027,Prepaid,Retail,Data Add-On,Vi Hero Unlimited,Vodafone Idea,28,25GB Total (Full Validity),NA,25,GB,No Voice Benefit (Data Only Pack),No SMS Benefit,0,Yes,Yes,No,NA,NA,NA,NA,NA,No,64 Kbps,USSD *199#,UPI | Wallet,North,8,Q2 FY2024-25,NA,Live,No,25GB/Validity,64 Kbps,NA,30-May-24,10-Aug-25
181,₹181.00 (GST Inclusive @18% | Base ₹153.39 + GST ₹27.61),Data,Vi Hero Unlimited Data Booster 181,16-Aug-24,NA,Active,"DEL, HAR, HP, J&K, PUN, RAJ, UPE, UPW",Data Only | 25GB Total (Full Validity) | Unlimited 5G,26113324,1.Telco Benefits,2.Data,25GB Total (Full Validity),PLN-PRE-00027,Prepaid,Retail,Data Add-On,Vi Hero Unlimited,Vodafone Idea,28,25GB Total (Full Validity),NA,25,GB,No Voice Benefit (Data Only Pack),No SMS Benefit,0,Yes,Yes,No,NA,NA,NA,NA,NA,No,64 Kbps,USSD *199#,UPI | Wallet,North,8,Q2 FY2024-25,NA,Live,No,25GB/Validity,64 Kbps,NA,30-May-24,10-Aug-25
181,₹181.00 (GST Inclusive @18% | Base ₹153.39 + GST ₹27.61),Data,Vi Hero Unlimited Data Booster 181,16-Aug-24,NA,Active,"DEL, HAR, HP, J&K, PUN, RAJ, UPE, UPW",Data Only | 25GB Total (Full Validity) | Unlimited 5G,26113324,1.Telco Benefits,2.Data,Unlimited 5G Browsing in 5G Coverage Areas,PLN-PRE-00027,Prepaid,Retail,Data Add-On,Vi Hero Unlimited,Vodafone Idea,28,25GB Total (Full Validity),NA,25,GB,No Voice Benefit (Data Only Pack),No SMS Benefit,0,Yes,Yes,No,NA,NA,NA,NA,NA,No,64 Kbps,USSD *199#,UPI | Wallet,North,8,Q2 FY2024-25,NA,Live,No,25GB/Validity,64 Kbps,NA,30-May-24,10-Aug-25
181,₹181.00 (GST Inclusive @18% | Base ₹153.39 + GST ₹27.61),Data,Vi Hero Unlimited Data Booster 181,16-Aug-24,NA,Active,"DEL, HAR, HP, J&K, PUN, RAJ, UPE, UPW",Data Only | 25GB Total (Full Validity) | Unlimited 5G,26113324,1.Telco Benefits,4.Validity,28 Days Validity,PLN-PRE-00027,Prepaid,Retail,Data Add-On,Vi Hero Unlimited,Vodafone Idea,28,25GB Total (Full Validity),NA,25,GB,No Voice Benefit (Data Only Pack),No SMS Benefit,0,Yes,Yes,No,NA,NA,NA,NA,NA,No,64 Kbps,USSD *199#,UPI | Wallet,North,8,Q2 FY2024-25,NA,Live,No,25GB/Validity,64 Kbps,NA,30-May-24,10-Aug-25
181,₹181.00 (GST Inclusive @18% | Base ₹153.39 + GST ₹27.61),Data,Vi Hero Unlimited Data Booster 181,16-Aug-24,NA,Active,"DEL, HAR, HP, J&K, PUN, RAJ, UPE, UPW",Data Only | 25GB Total (Full Validity) | Unlimited 5G,26113324,1.Telco Benefits,5.FUP,Post 25GB/Validity FUP - Speed Reduced to 64 Kbps,PLN-PRE-00027,Prepaid,Retail,Data Add-On,Vi Hero Unlimited,Vodafone Idea,28,25GB Total (Full Validity),NA,25,GB,No Voice Benefit (Data Only Pack),No SMS Benefit,0,Yes,Yes,No,NA,NA,NA,NA,NA,No,64 Kbps,USSD *199#,UPI | Wallet,North,8,Q2 FY2024-25,NA,Live,No,25GB/Validity,64 Kbps,NA,30-May-24,10-Aug-25
351,₹351.00 (GST Inclusive @18% | Base ₹297.46 + GST ₹53.54),Data,Vi Hero Unlimited Data Booster 351,17-Feb-25,NA,Active,"ANE, APR, BIH, DEL, GUJ, HAR, HP, J&K, KAR, KER, KOL, MAH, MPCG, MUM, NE, ORI, PUN, RAJ, ROB, TN, UPE, UPW, WB",Data Only | 50GB Total (Full Validity) | Unlimited 5G,26114113,1.Telco Benefits,1.Voice,No Voice Benefit (Data Only Pack),PLN-PRE-00028,Prepaid,Retail,Data Add-On,Vi Hero Unlimited,Vodafone Idea,56,50GB Total (Full Validity),NA,50,GB,No Voice Benefit (Data Only Pack),No SMS Benefit,0,Yes,Yes,No,NA,NA,NA,NA,NA,No,64 Kbps,MyApp,Website | Netbanking,Pan India,23,Q4 FY2024-25,NA,Live,Yes,50GB/Validity,64 Kbps,NA,07-Dec-24,11-Jan-26
351,₹351.00 (GST Inclusive @18% | Base ₹297.46 + GST ₹53.54),Data,Vi Hero Unlimited Data Booster 351,17-Feb-25,NA,Active,"ANE, APR, BIH, DEL, GUJ, HAR, HP, J&K, KAR, KER, KOL, MAH, MPCG, MUM, NE, ORI, PUN, RAJ, ROB, TN, UPE, UPW, WB",Data Only | 50GB Total (Full Validity) | Unlimited 5G,26114113,1.Telco Benefits,2.Data,Total Data: 50GB for Full Validity,PLN-PRE-00028,Prepaid,Retail,Data Add-On,Vi Hero Unlimited,Vodafone Idea,56,50GB Total (Full Validity),NA,50,GB,No Voice Benefit (Data Only Pack),No SMS Benefit,0,Yes,Yes,No,NA,NA,NA,NA,NA,No,64 Kbps,MyApp,Website | Netbanking,Pan India,23,Q4 FY2024-25,NA,Live,Yes,50GB/Validity,64 Kbps,NA,07-Dec-24,11-Jan-26
351,₹351.00 (GST Inclusive @18% | Base ₹297.46 + GST ₹53.54),Data,Vi Hero Unlimited Data Booster 351,17-Feb-25,NA,Active,"ANE, APR, BIH, DEL, GUJ, HAR, HP, J&K, KAR, KER, KOL, MAH, MPCG, MUM, NE, ORI, PUN, RAJ, ROB, TN, UPE, UPW, WB",Data Only | 50GB Total (Full Validity) | Unlimited 5G,26114113,1.Telco Benefits,2.Data,Unlimited 5G Browsing in 5G Coverage Areas,PLN-PRE-00028,Prepaid,Retail,Data Add-On,Vi Hero Unlimited,Vodafone Idea,56,50GB Total (Full Validity),NA,50,GB,No Voice Benefit (Data Only Pack),No SMS Benefit,0,Yes,Yes,No,NA,NA,NA,NA,NA,No,64 Kbps,MyApp,Website | Netbanking,Pan India,23,Q4 FY2024-25,NA,Live,Yes,50GB/Validity,64 Kbps,NA,07-Dec-24,11-Jan-26
351,₹351.00 (GST Inclusive @18% | Base ₹297.46 + GST ₹53.54),Data,Vi Hero Unlimited Data Booster 351,17-Feb-25,NA,Active,"ANE, APR, BIH, DEL, GUJ, HAR, HP, J&K, KAR, KER, KOL, MAH, MPCG, MUM, NE, ORI, PUN, RAJ, ROB, TN, UPE, UPW, WB",Data Only | 50GB Total (Full Validity) | Unlimited 5G,26114113,1.Telco Benefits,4.Validity,Pack Valid for 56 Days,PLN-PRE-00028,Prepaid,Retail,Data Add-On,Vi Hero Unlimited,Vodafone Idea,56,50GB Total (Full Validity),NA,50,GB,No Voice Benefit (Data Only Pack),No SMS Benefit,0,Yes,Yes,No,NA,NA,NA,NA,NA,No,64 Kbps,MyApp,Website | Netbanking,Pan India,23,Q4 FY2024-25,NA,Live,Yes,50GB/Validity,64 Kbps,NA,07-Dec-24,11-Jan-26
351,₹351.00 (GST Inclusive @18% | Base ₹297.46 + GST ₹53.54),Data,Vi Hero Unlimited Data Booster 351,17-Feb-25,NA,Active,"ANE, APR, BIH, DEL, GUJ, HAR, HP, J&K, KAR, KER, KOL, MAH, MPCG, MUM, NE, ORI, PUN, RAJ, ROB, TN, UPE, UPW, WB",Data Only | 50GB Total (Full Validity) | Unlimited 5G,26114113,1.Telco Benefits,5.FUP,Beyond 50GB/Validity: Speed Capped at 64 Kbps,PLN-PRE-00028,Prepaid,Retail,Data Add-On,Vi Hero Unlimited,Vodafone Idea,56,50GB Total (Full Validity),NA,50,GB,No Voice Benefit (Data Only Pack),No SMS Benefit,0,Yes,Yes,No,NA,NA,NA,NA,NA,No,64 Kbps,MyApp,Website | Netbanking,Pan India,23,Q4 FY2024-25,NA,Live,Yes,50GB/Validity,64 Kbps,NA,07-Dec-24,11-Jan-26
2999,₹2999.00 (GST Inclusive @18% | Base ₹2541.53 + GST ₹457.47),Combo,Vi Hero Unlimited International Roaming 2999,27-Mar-26,NA,Active,"ANE, APR, BIH, DEL, GUJ, HAR, HP, J&K, KAR, KER, KOL, MAH, MPCG, MUM, NE, ORI, PUN, RAJ, ROB, TN, UPE, UPW, WB",100 IR Mins | 5GB Total (Full Validity) | 100 SMS,26114908,1.Telco Benefits,1.Voice,International Roaming: 100 Mins Outgoing + Free Incoming,PLN-PRE-00029,Prepaid,Retail,International,Vi Hero Unlimited,Vodafone Idea,10,5GB Total (Full Validity),NA,5,GB,International Roaming Minutes,100 SMS (International),100,No,Yes,No,NA,International Roaming (60+ Countries),ISD @ Roaming Rate,NA,NA,No,64 Kbps,Mini Store,MyApp | Debit Card,Pan India,23,Q4 FY2025-26,NA,Live,Yes,5GB/Validity,64 Kbps,NA,05-Feb-26,20-Aug-26
2999,₹2999.00 (GST Inclusive @18% | Base ₹2541.53 + GST ₹457.47),Combo,Vi Hero Unlimited International Roaming 2999,27-Mar-26,NA,Active,"ANE, APR, BIH, DEL, GUJ, HAR, HP, J&K, KAR, KER, KOL, MAH, MPCG, MUM, NE, ORI, PUN, RAJ, ROB, TN, UPE, UPW, WB",100 IR Mins | 5GB Total (Full Validity) | 100 SMS,26114908,1.Telco Benefits,2.Data,5GB Total (Full Validity),PLN-PRE-00029,Prepaid,Retail,International,Vi Hero Unlimited,Vodafone Idea,10,5GB Total (Full Validity),NA,5,GB,International Roaming Minutes,100 SMS (International),100,No,Yes,No,NA,International Roaming (60+ Countries),ISD @ Roaming Rate,NA,NA,No,64 Kbps,Mini Store,MyApp | Debit Card,Pan India,23,Q4 FY2025-26,NA,Live,Yes,5GB/Validity,64 Kbps,NA,05-Feb-26,20-Aug-26
2999,₹2999.00 (GST Inclusive @18% | Base ₹2541.53 + GST ₹457.47),Combo,Vi Hero Unlimited International Roaming 2999,27-Mar-26,NA,Active,"ANE, APR, BIH, DEL, GUJ, HAR, HP, J&K, KAR, KER, KOL, MAH, MPCG, MUM, NE, ORI, PUN, RAJ, ROB, TN, UPE, UPW, WB",100 IR Mins | 5GB Total (Full Validity) | 100 SMS,26114908,1.Telco Benefits,3.SMS,100 SMS - IR Pack,PLN-PRE-00029,Prepaid,Retail,International,Vi Hero Unlimited,Vodafone Idea,10,5GB Total (Full Validity),NA,5,GB,International Roaming Minutes,100 SMS (International),100,No,Yes,No,NA,International Roaming (60+ Countries),ISD @ Roaming Rate,NA,NA,No,64 Kbps,Mini Store,MyApp | Debit Card,Pan India,23,Q4 FY2025-26,NA,Live,Yes,5GB/Validity,64 Kbps,NA,05-Feb-26,20-Aug-26
2999,₹2999.00 (GST Inclusive @18% | Base ₹2541.53 + GST ₹457.47),Combo,Vi Hero Unlimited International Roaming 2999,27-Mar-26,NA,Active,"ANE, APR, BIH, DEL, GUJ, HAR, HP, J&K, KAR, KER, KOL, MAH, MPCG, MUM, NE, ORI, PUN, RAJ, ROB, TN, UPE, UPW, WB",100 IR Mins | 5GB Total (Full Validity) | 100 SMS,26114908,1.Telco Benefits,4.Validity,Pack Valid for 10 Days,PLN-PRE-00029,Prepaid,Retail,International,Vi Hero Unlimited,Vodafone Idea,10,5GB Total (Full Validity),NA,5,GB,International Roaming Minutes,100 SMS (International),100,No,Yes,No,NA,International Roaming (60+ Countries),ISD @ Roaming Rate,NA,NA,No,64 Kbps,Mini Store,MyApp | Debit Card,Pan India,23,Q4 FY2025-26,NA,Live,Yes,5GB/Validity,64 Kbps,NA,05-Feb-26,20-Aug-26
2999,₹2999.00 (GST Inclusive @18% | Base ₹2541.53 + GST ₹457.47),Combo,Vi Hero Unlimited International Roaming 2999,27-Mar-26,NA,Active,"ANE, APR, BIH, DEL, GUJ, HAR, HP, J&K, KAR, KER, KOL, MAH, MPCG, MUM, NE, ORI, PUN, RAJ, ROB, TN, UPE, UPW, WB",100 IR Mins | 5GB Total (Full Validity) | 100 SMS,26114908,1.Telco Benefits,5.FUP,Beyond 5GB/Validity: Speed Capped at 64 Kbps,PLN-PRE-00029,Prepaid,Retail,International,Vi Hero Unlimited,Vodafone Idea,10,5GB Total (Full Validity),NA,5,GB,International Roaming Minutes,100 SMS (International),100,No,Yes,No,NA,International Roaming (60+ Countries),ISD @ Roaming Rate,NA,NA,No,64 Kbps,Mini Store,MyApp | Debit Card,Pan India,23,Q4 FY2025-26,NA,Live,Yes,5GB/Validity,64 Kbps,NA,05-Feb-26,20-Aug-26
2999,₹2999.00 (GST Inclusive @18% | Base ₹2541.53 + GST ₹457.47),Combo,Vi Hero Unlimited International Roaming 2999,27-Mar-26,NA,Active,"ANE, APR, BIH, DEL, GUJ, HAR, HP, J&K, KAR, KER, KOL, MAH, MPCG, MUM, NE, ORI, PUN, RAJ, ROB, TN, UPE, UPW, WB",100 IR Mins | 5GB Total (Full Validity) | 100 SMS,26114908,3.Roaming Benefits,1.Roaming,Global Roaming (60+ Countries) - Incoming Free,PLN-PRE-00029,Prepaid,Retail,International,Vi Hero Unlimited,Vodafone Idea,10,5GB Total (Full Validity),NA,5,GB,International Roaming Minutes,100 SMS (International),100,No,Yes,No,NA,International Roaming (60+ Countries),ISD @ Roaming Rate,NA,NA,No,64 Kbps,Mini Store,MyApp | Debit Card,Pan India,23,Q4 FY2025-26,NA,Live,Yes,5GB/Validity,64 Kbps,NA,05-Feb-26,20-Aug-26
2999,₹2999.00 (GST Inclusive @18% | Base ₹2541.53 + GST ₹457.47),Combo,Vi Hero Unlimited International Roaming 2999,27-Mar-26,NA,Active,"ANE, APR, BIH, DEL, GUJ, HAR, HP, J&K, KAR, KER, KOL, MAH, MPCG, MUM, NE, ORI, PUN, RAJ, ROB, TN, UPE, UPW, WB",100 IR Mins | 5GB Total (Full Validity) | 100 SMS,26114908,4.ISD Benefits,1.ISD,ISD Rate: ₹5 Per Minute (While Roaming),PLN-PRE-00029,Prepaid,Retail,International,Vi Hero Unlimited,Vodafone Idea,10,5GB Total (Full Validity),NA,5,GB,International Roaming Minutes,100 SMS (International),100,No,Yes,No,NA,International Roaming (60+ Countries),ISD @ Roaming Rate,NA,NA,No,64 Kbps,Mini Store,MyApp | Debit Card,Pan India,23,Q4 FY2025-26,NA,Live,Yes,5GB/Validity,64 Kbps,NA,05-Feb-26,20-Aug-26
595,₹595.00 (GST Inclusive @18% | Base ₹504.24 + GST ₹90.76),Voice,Vi Hero Unlimited ISD Combo 595,18-Aug-24,NA,Active,"ANE, APR, BIH, DEL, GUJ, HAR, HP, J&K, KAR, KER, KOL, MAH, MPCG, MUM, NE, ORI, PUN, RAJ, ROB, TN, UPE, UPW, WB",500 ISD Mins | 1GB Total (Full Validity) | 300 SMS,26115665,1.Telco Benefits,1.Voice,500 ISD Mins to USA/Canada/UK,PLN-PRE-00030,Prepaid,Retail,International,Vi Hero Unlimited,Vodafone Idea,28,1GB Total (Full Validity),NA,1,GB,ISD Minutes Bundle,300 SMS (Full Validity),300,No,Yes,No,NA,Free National Roaming,500 ISD Mins Bundle,NA,NA,No,64 Kbps,Website,Retail Outlet | Cash,Pan India,23,Q2 FY2024-25,NA,Live,Yes,1GB/Validity,64 Kbps,NA,13-Jun-24,26-Nov-25
595,₹595.00 (GST Inclusive @18% | Base ₹504.24 + GST ₹90.76),Voice,Vi Hero Unlimited ISD Combo 595,18-Aug-24,NA,Active,"ANE, APR, BIH, DEL, GUJ, HAR, HP, J&K, KAR, KER, KOL, MAH, MPCG, MUM, NE, ORI, PUN, RAJ, ROB, TN, UPE, UPW, WB",500 ISD Mins | 1GB Total (Full Validity) | 300 SMS,26115665,1.Telco Benefits,2.Data,1GB Total (Full Validity),PLN-PRE-00030,Prepaid,Retail,International,Vi Hero Unlimited,Vodafone Idea,28,1GB Total (Full Validity),NA,1,GB,ISD Minutes Bundle,300 SMS (Full Validity),300,No,Yes,No,NA,Free National Roaming,500 ISD Mins Bundle,NA,NA,No,64 Kbps,Website,Retail Outlet | Cash,Pan India,23,Q2 FY2024-25,NA,Live,Yes,1GB/Validity,64 Kbps,NA,13-Jun-24,26-Nov-25
595,₹595.00 (GST Inclusive @18% | Base ₹504.24 + GST ₹90.76),Voice,Vi Hero Unlimited ISD Combo 595,18-Aug-24,NA,Active,"ANE, APR, BIH, DEL, GUJ, HAR, HP, J&K, KAR, KER, KOL, MAH, MPCG, MUM, NE, ORI, PUN, RAJ, ROB, TN, UPE, UPW, WB",500 ISD Mins | 1GB Total (Full Validity) | 300 SMS,26115665,1.Telco Benefits,3.SMS,SMS: 300 (Validity Based),PLN-PRE-00030,Prepaid,Retail,International,Vi Hero Unlimited,Vodafone Idea,28,1GB Total (Full Validity),NA,1,GB,ISD Minutes Bundle,300 SMS (Full Validity),300,No,Yes,No,NA,Free National Roaming,500 ISD Mins Bundle,NA,NA,No,64 Kbps,Website,Retail Outlet | Cash,Pan India,23,Q2 FY2024-25,NA,Live,Yes,1GB/Validity,64 Kbps,NA,13-Jun-24,26-Nov-25
595,₹595.00 (GST Inclusive @18% | Base ₹504.24 + GST ₹90.76),Voice,Vi Hero Unlimited ISD Combo 595,18-Aug-24,NA,Active,"ANE, APR, BIH, DEL, GUJ, HAR, HP, J&K, KAR, KER, KOL, MAH, MPCG, MUM, NE, ORI, PUN, RAJ, ROB, TN, UPE, UPW, WB",500 ISD Mins | 1GB Total (Full Validity) | 300 SMS,26115665,1.Telco Benefits,4.Validity,28 Days Validity,PLN-PRE-00030,Prepaid,Retail,International,Vi Hero Unlimited,Vodafone Idea,28,1GB Total (Full Validity),NA,1,GB,ISD Minutes Bundle,300 SMS (Full Validity),300,No,Yes,No,NA,Free National Roaming,500 ISD Mins Bundle,NA,NA,No,64 Kbps,Website,Retail Outlet | Cash,Pan India,23,Q2 FY2024-25,NA,Live,Yes,1GB/Validity,64 Kbps,NA,13-Jun-24,26-Nov-25
595,₹595.00 (GST Inclusive @18% | Base ₹504.24 + GST ₹90.76),Voice,Vi Hero Unlimited ISD Combo 595,18-Aug-24,NA,Active,"ANE, APR, BIH, DEL, GUJ, HAR, HP, J&K, KAR, KER, KOL, MAH, MPCG, MUM, NE, ORI, PUN, RAJ, ROB, TN, UPE, UPW, WB",500 ISD Mins | 1GB Total (Full Validity) | 300 SMS,26115665,1.Telco Benefits,5.FUP,Beyond 1GB/Validity: Speed Capped at 64 Kbps,PLN-PRE-00030,Prepaid,Retail,International,Vi Hero Unlimited,Vodafone Idea,28,1GB Total (Full Validity),NA,1,GB,ISD Minutes Bundle,300 SMS (Full Validity),300,No,Yes,No,NA,Free National Roaming,500 ISD Mins Bundle,NA,NA,No,64 Kbps,Website,Retail Outlet | Cash,Pan India,23,Q2 FY2024-25,NA,Live,Yes,1GB/Validity,64 Kbps,NA,13-Jun-24,26-Nov-25
595,₹595.00 (GST Inclusive @18% | Base ₹504.24 + GST ₹90.76),Voice,Vi Hero Unlimited ISD Combo 595,18-Aug-24,NA,Active,"ANE, APR, BIH, DEL, GUJ, HAR, HP, J&K, KAR, KER, KOL, MAH, MPCG, MUM, NE, ORI, PUN, RAJ, ROB, TN, UPE, UPW, WB",500 ISD Mins | 1GB Total (Full Validity) | 300 SMS,26115665,3.Roaming Benefits,1.Roaming,Free National Roaming (Incoming+Outgoing),PLN-PRE-00030,Prepaid,Retail,International,Vi Hero Unlimited,Vodafone Idea,28,1GB Total (Full Validity),NA,1,GB,ISD Minutes Bundle,300 SMS (Full Validity),300,No,Yes,No,NA,Free National Roaming,500 ISD Mins Bundle,NA,NA,No,64 Kbps,Website,Retail Outlet | Cash,Pan India,23,Q2 FY2024-25,NA,Live,Yes,1GB/Validity,64 Kbps,NA,13-Jun-24,26-Nov-25
595,₹595.00 (GST Inclusive @18% | Base ₹504.24 + GST ₹90.76),Voice,Vi Hero Unlimited ISD Combo 595,18-Aug-24,NA,Active,"ANE, APR, BIH, DEL, GUJ, HAR, HP, J&K, KAR, KER, KOL, MAH, MPCG, MUM, NE, ORI, PUN, RAJ, ROB, TN, UPE, UPW, WB",500 ISD Mins | 1GB Total (Full Validity) | 300 SMS,26115665,4.ISD Benefits,1.ISD,"500 Mins ISD (US/CA/UK), ₹2/min Extra",PLN-PRE-00030,Prepaid,Retail,International,Vi Hero Unlimited,Vodafone Idea,28,1GB Total (Full Validity),NA,1,GB,ISD Minutes Bundle,300 SMS (Full Validity),300,No,Yes,No,NA,Free National Roaming,500 ISD Mins Bundle,NA,NA,No,64 Kbps,Website,Retail Outlet | Cash,Pan India,23,Q2 FY2024-25,NA,Live,Yes,1GB/Validity,64 Kbps,NA,13-Jun-24,26-Nov-25
299,₹299.00 + GST ₹53.82 (18%) = ₹352.82,Individual,Vi Max 299,05-Jan-26,NA,Active,"ANE, APR, BIH, DEL, GUJ, HAR, HP, J&K, KAR, KER, KOL, MAH, MPCG, MUM, NE, ORI, PUN, RAJ, ROB, TN, UPE, UPW, WB",UL Calls | 30GB Total (Full Validity) | 3000SMS,26115814,1.Telco Benefits,1.Voice,"Unlimited Calls - Local, STD, National Roaming",PLN-POST-00001,Postpaid,Retail,Entry,Vi Max,Vodafone Idea,30,30GB Total (Full Validity),NA,30,GB,Unlimited Calls (Local+STD+NR),3000 SMS (Full Validity),3000,No,Yes,No,NA,Free National Roaming,NA,NA,NA,Yes,64 Kbps,Call Center,Third Party App (PhonePe/Paytm),Pan India,23,Q4 FY2025-26,NA,Live,Yes,30GB/Validity,64 Kbps,Monthly Bill on Single Invoice | Unused Data Rollover,07-Dec-25,29-Apr-26
299,₹299.00 + GST ₹53.82 (18%) = ₹352.82,Individual,Vi Max 299,05-Jan-26,NA,Active,"ANE, APR, BIH, DEL, GUJ, HAR, HP, J&K, KAR, KER, KOL, MAH, MPCG, MUM, NE, ORI, PUN, RAJ, ROB, TN, UPE, UPW, WB",UL Calls | 30GB Total (Full Validity) | 3000SMS,26115814,1.Telco Benefits,2.Data,30GB Total (Full Validity),PLN-POST-00001,Postpaid,Retail,Entry,Vi Max,Vodafone Idea,30,30GB Total (Full Validity),NA,30,GB,Unlimited Calls (Local+STD+NR),3000 SMS (Full Validity),3000,No,Yes,No,NA,Free National Roaming,NA,NA,NA,Yes,64 Kbps,Call Center,Third Party App (PhonePe/Paytm),Pan India,23,Q4 FY2025-26,NA,Live,Yes,30GB/Validity,64 Kbps,Monthly Bill on Single Invoice | Unused Data Rollover,07-Dec-25,29-Apr-26
299,₹299.00 + GST ₹53.82 (18%) = ₹352.82,Individual,Vi Max 299,05-Jan-26,NA,Active,"ANE, APR, BIH, DEL, GUJ, HAR, HP, J&K, KAR, KER, KOL, MAH, MPCG, MUM, NE, ORI, PUN, RAJ, ROB, TN, UPE, UPW, WB",UL Calls | 30GB Total (Full Validity) | 3000SMS,26115814,1.Telco Benefits,3.SMS,3K SMS Bundled,PLN-POST-00001,Postpaid,Retail,Entry,Vi Max,Vodafone Idea,30,30GB Total (Full Validity),NA,30,GB,Unlimited Calls (Local+STD+NR),3000 SMS (Full Validity),3000,No,Yes,No,NA,Free National Roaming,NA,NA,NA,Yes,64 Kbps,Call Center,Third Party App (PhonePe/Paytm),Pan India,23,Q4 FY2025-26,NA,Live,Yes,30GB/Validity,64 Kbps,Monthly Bill on Single Invoice | Unused Data Rollover,07-Dec-25,29-Apr-26
299,₹299.00 + GST ₹53.82 (18%) = ₹352.82,Individual,Vi Max 299,05-Jan-26,NA,Active,"ANE, APR, BIH, DEL, GUJ, HAR, HP, J&K, KAR, KER, KOL, MAH, MPCG, MUM, NE, ORI, PUN, RAJ, ROB, TN, UPE, UPW, WB",UL Calls | 30GB Total (Full Validity) | 3000SMS,26115814,1.Telco Benefits,4.Validity,Validity: 30 Days,PLN-POST-00001,Postpaid,Retail,Entry,Vi Max,Vodafone Idea,30,30GB Total (Full Validity),NA,30,GB,Unlimited Calls (Local+STD+NR),3000 SMS (Full Validity),3000,No,Yes,No,NA,Free National Roaming,NA,NA,NA,Yes,64 Kbps,Call Center,Third Party App (PhonePe/Paytm),Pan India,23,Q4 FY2025-26,NA,Live,Yes,30GB/Validity,64 Kbps,Monthly Bill on Single Invoice | Unused Data Rollover,07-Dec-25,29-Apr-26
299,₹299.00 + GST ₹53.82 (18%) = ₹352.82,Individual,Vi Max 299,05-Jan-26,NA,Active,"ANE, APR, BIH, DEL, GUJ, HAR, HP, J&K, KAR, KER, KOL, MAH, MPCG, MUM, NE, ORI, PUN, RAJ, ROB, TN, UPE, UPW, WB",UL Calls | 30GB Total (Full Validity) | 3000SMS,26115814,1.Telco Benefits,5.FUP,"FUP Limit 30GB/Validity, Throttled to 64 Kbps Thereafter",PLN-POST-00001,Postpaid,Retail,Entry,Vi Max,Vodafone Idea,30,30GB Total (Full Validity),NA,30,GB,Unlimited Calls (Local+STD+NR),3000 SMS (Full Validity),3000,No,Yes,No,NA,Free National Roaming,NA,NA,NA,Yes,64 Kbps,Call Center,Third Party App (PhonePe/Paytm),Pan India,23,Q4 FY2025-26,NA,Live,Yes,30GB/Validity,64 Kbps,Monthly Bill on Single Invoice | Unused Data Rollover,07-Dec-25,29-Apr-26
299,₹299.00 + GST ₹53.82 (18%) = ₹352.82,Individual,Vi Max 299,05-Jan-26,NA,Active,"ANE, APR, BIH, DEL, GUJ, HAR, HP, J&K, KAR, KER, KOL, MAH, MPCG, MUM, NE, ORI, PUN, RAJ, ROB, TN, UPE, UPW, WB",UL Calls | 30GB Total (Full Validity) | 3000SMS,26115814,3.Roaming Benefits,1.Roaming,Free National Roaming (Incoming+Outgoing),PLN-POST-00001,Postpaid,Retail,Entry,Vi Max,Vodafone Idea,30,30GB Total (Full Validity),NA,30,GB,Unlimited Calls (Local+STD+NR),3000 SMS (Full Validity),3000,No,Yes,No,NA,Free National Roaming,NA,NA,NA,Yes,64 Kbps,Call Center,Third Party App (PhonePe/Paytm),Pan India,23,Q4 FY2025-26,NA,Live,Yes,30GB/Validity,64 Kbps,Monthly Bill on Single Invoice | Unused Data Rollover,07-Dec-25,29-Apr-26
299,₹299.00 + GST ₹53.82 (18%) = ₹352.82,Individual,Vi Max 299,05-Jan-26,NA,Active,"ANE, APR, BIH, DEL, GUJ, HAR, HP, J&K, KAR, KER, KOL, MAH, MPCG, MUM, NE, ORI, PUN, RAJ, ROB, TN, UPE, UPW, WB",UL Calls | 30GB Total (Full Validity) | 3000SMS,26115814,5.Additional Benefits,1.Additional Benefits,Monthly Bill on Single Invoice | Unused Data Rollover,PLN-POST-00001,Postpaid,Retail,Entry,Vi Max,Vodafone Idea,30,30GB Total (Full Validity),NA,30,GB,Unlimited Calls (Local+STD+NR),3000 SMS (Full Validity),3000,No,Yes,No,NA,Free National Roaming,NA,NA,NA,Yes,64 Kbps,Call Center,Third Party App (PhonePe/Paytm),Pan India,23,Q4 FY2025-26,NA,Live,Yes,30GB/Validity,64 Kbps,Monthly Bill on Single Invoice | Unused Data Rollover,07-Dec-25,29-Apr-26
401,₹401.00 + GST ₹72.18 (18%) = ₹473.18,Individual,Vi Max 401,06-Jul-26,NA,Active,"ANE, APR, KAR, TN",UL Calls | 40GB Total (Full Validity) | 3000SMS,26116570,1.Telco Benefits,1.Voice,Unlimited Voice (L+STD+NR),PLN-POST-00002,Postpaid,Retail,Mass,Vi Max,Vodafone Idea,30,40GB Total (Full Validity),NA,40,GB,Unlimited Calls (Local+STD+NR),3000 SMS (Full Validity),3000,No,Yes,No,NA,Free National Roaming,NA,NA,NA,Yes,64 Kbps,USSD *199#,MyApp | Debit Card,South,4,Q2 FY2026-27,NA,Live,Yes,40GB/Validity,64 Kbps,Monthly Bill on Single Invoice | Unused Data Rollover,05-May-26,10-Jul-26
401,₹401.00 + GST ₹72.18 (18%) = ₹473.18,Individual,Vi Max 401,06-Jul-26,NA,Active,"ANE, APR, KAR, TN",UL Calls | 40GB Total (Full Validity) | 3000SMS,26116570,1.Telco Benefits,2.Data,40GB Total (Full Validity),PLN-POST-00002,Postpaid,Retail,Mass,Vi Max,Vodafone Idea,30,40GB Total (Full Validity),NA,40,GB,Unlimited Calls (Local+STD+NR),3000 SMS (Full Validity),3000,No,Yes,No,NA,Free National Roaming,NA,NA,NA,Yes,64 Kbps,USSD *199#,MyApp | Debit Card,South,4,Q2 FY2026-27,NA,Live,Yes,40GB/Validity,64 Kbps,Monthly Bill on Single Invoice | Unused Data Rollover,05-May-26,10-Jul-26
401,₹401.00 + GST ₹72.18 (18%) = ₹473.18,Individual,Vi Max 401,06-Jul-26,NA,Active,"ANE, APR, KAR, TN",UL Calls | 40GB Total (Full Validity) | 3000SMS,26116570,1.Telco Benefits,3.SMS,3000 SMS,PLN-POST-00002,Postpaid,Retail,Mass,Vi Max,Vodafone Idea,30,40GB Total (Full Validity),NA,40,GB,Unlimited Calls (Local+STD+NR),3000 SMS (Full Validity),3000,No,Yes,No,NA,Free National Roaming,NA,NA,NA,Yes,64 Kbps,USSD *199#,MyApp | Debit Card,South,4,Q2 FY2026-27,NA,Live,Yes,40GB/Validity,64 Kbps,Monthly Bill on Single Invoice | Unused Data Rollover,05-May-26,10-Jul-26
401,₹401.00 + GST ₹72.18 (18%) = ₹473.18,Individual,Vi Max 401,06-Jul-26,NA,Active,"ANE, APR, KAR, TN",UL Calls | 40GB Total (Full Validity) | 3000SMS,26116570,1.Telco Benefits,4.Validity,Pack Valid for 30 Days,PLN-POST-00002,Postpaid,Retail,Mass,Vi Max,Vodafone Idea,30,40GB Total (Full Validity),NA,40,GB,Unlimited Calls (Local+STD+NR),3000 SMS (Full Validity),3000,No,Yes,No,NA,Free National Roaming,NA,NA,NA,Yes,64 Kbps,USSD *199#,MyApp | Debit Card,South,4,Q2 FY2026-27,NA,Live,Yes,40GB/Validity,64 Kbps,Monthly Bill on Single Invoice | Unused Data Rollover,05-May-26,10-Jul-26
401,₹401.00 + GST ₹72.18 (18%) = ₹473.18,Individual,Vi Max 401,06-Jul-26,NA,Active,"ANE, APR, KAR, TN",UL Calls | 40GB Total (Full Validity) | 3000SMS,26116570,1.Telco Benefits,5.FUP,Post 40GB/Validity FUP - Speed Reduced to 64 Kbps,PLN-POST-00002,Postpaid,Retail,Mass,Vi Max,Vodafone Idea,30,40GB Total (Full Validity),NA,40,GB,Unlimited Calls (Local+STD+NR),3000 SMS (Full Validity),3000,No,Yes,No,NA,Free National Roaming,NA,NA,NA,Yes,64 Kbps,USSD *199#,MyApp | Debit Card,South,4,Q2 FY2026-27,NA,Live,Yes,40GB/Validity,64 Kbps,Monthly Bill on Single Invoice | Unused Data Rollover,05-May-26,10-Jul-26
401,₹401.00 + GST ₹72.18 (18%) = ₹473.18,Individual,Vi Max 401,06-Jul-26,NA,Active,"ANE, APR, KAR, TN",UL Calls | 40GB Total (Full Validity) | 3000SMS,26116570,3.Roaming Benefits,1.Roaming,Free National Roaming (Incoming+Outgoing),PLN-POST-00002,Postpaid,Retail,Mass,Vi Max,Vodafone Idea,30,40GB Total (Full Validity),NA,40,GB,Unlimited Calls (Local+STD+NR),3000 SMS (Full Validity),3000,No,Yes,No,NA,Free National Roaming,NA,NA,NA,Yes,64 Kbps,USSD *199#,MyApp | Debit Card,South,4,Q2 FY2026-27,NA,Live,Yes,40GB/Validity,64 Kbps,Monthly Bill on Single Invoice | Unused Data Rollover,05-May-26,10-Jul-26
401,₹401.00 + GST ₹72.18 (18%) = ₹473.18,Individual,Vi Max 401,06-Jul-26,NA,Active,"ANE, APR, KAR, TN",UL Calls | 40GB Total (Full Validity) | 3000SMS,26116570,5.Additional Benefits,1.Additional Benefits,Monthly Bill on Single Invoice | Unused Data Rollover,PLN-POST-00002,Postpaid,Retail,Mass,Vi Max,Vodafone Idea,30,40GB Total (Full Validity),NA,40,GB,Unlimited Calls (Local+STD+NR),3000 SMS (Full Validity),3000,No,Yes,No,NA,Free National Roaming,NA,NA,NA,Yes,64 Kbps,USSD *199#,MyApp | Debit Card,South,4,Q2 FY2026-27,NA,Live,Yes,40GB/Validity,64 Kbps,Monthly Bill on Single Invoice | Unused Data Rollover,05-May-26,10-Jul-26
451,₹451.00 + GST ₹81.18 (18%) = ₹532.18,Individual,Limitless Plan Vi Max 451 UL,08-May-24,NA,Active,"ANE, APR, BIH, DEL, GUJ, HAR, HP, J&K, KAR, KER, KOL, MAH, MPCG, MUM, NE, ORI, PUN, RAJ, ROB, TN, UPE, UPW, WB",UL Calls | Limitless Data | 3000SMS | Unlimited 5G,26117402,1.Telco Benefits,1.Voice,Unlimited Voice (L+STD+NR),PLN-POST-00003,Postpaid,Retail,Mass,Vi Max,Vodafone Idea,30,Limitless Data/month (bill-period),NA,200,GB,Unlimited Calls (Local+STD+NR),3000 SMS (Full Validity),3000,Yes,Yes,Yes,Disney+ Hotstar Super,Free National Roaming,NA,NA,NA,No,5 Mbps,Mini Store,MyApp | Debit Card,Pan India,23,Q1 FY2024-25,NA,Live,Yes,200GB/Month,5 Mbps,Monthly Bill on Single Invoice | Bundled OTT Subscriptions,01-Apr-24,25-Dec-24
451,₹451.00 + GST ₹81.18 (18%) = ₹532.18,Individual,Limitless Plan Vi Max 451 UL,08-May-24,NA,Active,"ANE, APR, BIH, DEL, GUJ, HAR, HP, J&K, KAR, KER, KOL, MAH, MPCG, MUM, NE, ORI, PUN, RAJ, ROB, TN, UPE, UPW, WB",UL Calls | Limitless Data | 3000SMS | Unlimited 5G,26117402,1.Telco Benefits,2.Data,Unlimited Data/Month,PLN-POST-00003,Postpaid,Retail,Mass,Vi Max,Vodafone Idea,30,Limitless Data/month (bill-period),NA,200,GB,Unlimited Calls (Local+STD+NR),3000 SMS (Full Validity),3000,Yes,Yes,Yes,Disney+ Hotstar Super,Free National Roaming,NA,NA,NA,No,5 Mbps,Mini Store,MyApp | Debit Card,Pan India,23,Q1 FY2024-25,NA,Live,Yes,200GB/Month,5 Mbps,Monthly Bill on Single Invoice | Bundled OTT Subscriptions,01-Apr-24,25-Dec-24
451,₹451.00 + GST ₹81.18 (18%) = ₹532.18,Individual,Limitless Plan Vi Max 451 UL,08-May-24,NA,Active,"ANE, APR, BIH, DEL, GUJ, HAR, HP, J&K, KAR, KER, KOL, MAH, MPCG, MUM, NE, ORI, PUN, RAJ, ROB, TN, UPE, UPW, WB",UL Calls | Limitless Data | 3000SMS | Unlimited 5G,26117402,1.Telco Benefits,2.Data,"FUP: 200GB/Month, Then Throttled",PLN-POST-00003,Postpaid,Retail,Mass,Vi Max,Vodafone Idea,30,Limitless Data/month (bill-period),NA,200,GB,Unlimited Calls (Local+STD+NR),3000 SMS (Full Validity),3000,Yes,Yes,Yes,Disney+ Hotstar Super,Free National Roaming,NA,NA,NA,No,5 Mbps,Mini Store,MyApp | Debit Card,Pan India,23,Q1 FY2024-25,NA,Live,Yes,200GB/Month,5 Mbps,Monthly Bill on Single Invoice | Bundled OTT Subscriptions,01-Apr-24,25-Dec-24
451,₹451.00 + GST ₹81.18 (18%) = ₹532.18,Individual,Limitless Plan Vi Max 451 UL,08-May-24,NA,Active,"ANE, APR, BIH, DEL, GUJ, HAR, HP, J&K, KAR, KER, KOL, MAH, MPCG, MUM, NE, ORI, PUN, RAJ, ROB, TN, UPE, UPW, WB",UL Calls | Limitless Data | 3000SMS | Unlimited 5G,26117402,1.Telco Benefits,2.Data,Daily Data Limit: None,PLN-POST-00003,Postpaid,Retail,Mass,Vi Max,Vodafone Idea,30,Limitless Data/month (bill-period),NA,200,GB,Unlimited Calls (Local+STD+NR),3000 SMS (Full Validity),3000,Yes,Yes,Yes,Disney+ Hotstar Super,Free National Roaming,NA,NA,NA,No,5 Mbps,Mini Store,MyApp | Debit Card,Pan India,23,Q1 FY2024-25,NA,Live,Yes,200GB/Month,5 Mbps,Monthly Bill on Single Invoice | Bundled OTT Subscriptions,01-Apr-24,25-Dec-24
451,₹451.00 + GST ₹81.18 (18%) = ₹532.18,Individual,Limitless Plan Vi Max 451 UL,08-May-24,NA,Active,"ANE, APR, BIH, DEL, GUJ, HAR, HP, J&K, KAR, KER, KOL, MAH, MPCG, MUM, NE, ORI, PUN, RAJ, ROB, TN, UPE, UPW, WB",UL Calls | Limitless Data | 3000SMS | Unlimited 5G,26117402,1.Telco Benefits,2.Data,Unlimited 5G DATA in cities where 5G is launched,PLN-POST-00003,Postpaid,Retail,Mass,Vi Max,Vodafone Idea,30,Limitless Data/month (bill-period),NA,200,GB,Unlimited Calls (Local+STD+NR),3000 SMS (Full Validity),3000,Yes,Yes,Yes,Disney+ Hotstar Super,Free National Roaming,NA,NA,NA,No,5 Mbps,Mini Store,MyApp | Debit Card,Pan India,23,Q1 FY2024-25,NA,Live,Yes,200GB/Month,5 Mbps,Monthly Bill on Single Invoice | Bundled OTT Subscriptions,01-Apr-24,25-Dec-24
451,₹451.00 + GST ₹81.18 (18%) = ₹532.18,Individual,Limitless Plan Vi Max 451 UL,08-May-24,NA,Active,"ANE, APR, BIH, DEL, GUJ, HAR, HP, J&K, KAR, KER, KOL, MAH, MPCG, MUM, NE, ORI, PUN, RAJ, ROB, TN, UPE, UPW, WB",UL Calls | Limitless Data | 3000SMS | Unlimited 5G,26117402,1.Telco Benefits,3.SMS,3K SMS Bundled,PLN-POST-00003,Postpaid,Retail,Mass,Vi Max,Vodafone Idea,30,Limitless Data/month (bill-period),NA,200,GB,Unlimited Calls (Local+STD+NR),3000 SMS (Full Validity),3000,Yes,Yes,Yes,Disney+ Hotstar Super,Free National Roaming,NA,NA,NA,No,5 Mbps,Mini Store,MyApp | Debit Card,Pan India,23,Q1 FY2024-25,NA,Live,Yes,200GB/Month,5 Mbps,Monthly Bill on Single Invoice | Bundled OTT Subscriptions,01-Apr-24,25-Dec-24
451,₹451.00 + GST ₹81.18 (18%) = ₹532.18,Individual,Limitless Plan Vi Max 451 UL,08-May-24,NA,Active,"ANE, APR, BIH, DEL, GUJ, HAR, HP, J&K, KAR, KER, KOL, MAH, MPCG, MUM, NE, ORI, PUN, RAJ, ROB, TN, UPE, UPW, WB",UL Calls | Limitless Data | 3000SMS | Unlimited 5G,26117402,1.Telco Benefits,4.Validity,Validity: 30 Days,PLN-POST-00003,Postpaid,Retail,Mass,Vi Max,Vodafone Idea,30,Limitless Data/month (bill-period),NA,200,GB,Unlimited Calls (Local+STD+NR),3000 SMS (Full Validity),3000,Yes,Yes,Yes,Disney+ Hotstar Super,Free National Roaming,NA,NA,NA,No,5 Mbps,Mini Store,MyApp | Debit Card,Pan India,23,Q1 FY2024-25,NA,Live,Yes,200GB/Month,5 Mbps,Monthly Bill on Single Invoice | Bundled OTT Subscriptions,01-Apr-24,25-Dec-24
451,₹451.00 + GST ₹81.18 (18%) = ₹532.18,Individual,Limitless Plan Vi Max 451 UL,08-May-24,NA,Active,"ANE, APR, BIH, DEL, GUJ, HAR, HP, J&K, KAR, KER, KOL, MAH, MPCG, MUM, NE, ORI, PUN, RAJ, ROB, TN, UPE, UPW, WB",UL Calls | Limitless Data | 3000SMS | Unlimited 5G,26117402,1.Telco Benefits,5.FUP,"FUP Limit 200GB/Month, Throttled to 5 Mbps Thereafter",PLN-POST-00003,Postpaid,Retail,Mass,Vi Max,Vodafone Idea,30,Limitless Data/month (bill-period),NA,200,GB,Unlimited Calls (Local+STD+NR),3000 SMS (Full Validity),3000,Yes,Yes,Yes,Disney+ Hotstar Super,Free National Roaming,NA,NA,NA,No,5 Mbps,Mini Store,MyApp | Debit Card,Pan India,23,Q1 FY2024-25,NA,Live,Yes,200GB/Month,5 Mbps,Monthly Bill on Single Invoice | Bundled OTT Subscriptions,01-Apr-24,25-Dec-24
451,₹451.00 + GST ₹81.18 (18%) = ₹532.18,Individual,Limitless Plan Vi Max 451 UL,08-May-24,NA,Active,"ANE, APR, BIH, DEL, GUJ, HAR, HP, J&K, KAR, KER, KOL, MAH, MPCG, MUM, NE, ORI, PUN, RAJ, ROB, TN, UPE, UPW, WB",UL Calls | Limitless Data | 3000SMS | Unlimited 5G,26117402,2.OTT Benefits,1.OTT,Disney+ Hotstar Super,PLN-POST-00003,Postpaid,Retail,Mass,Vi Max,Vodafone Idea,30,Limitless Data/month (bill-period),NA,200,GB,Unlimited Calls (Local+STD+NR),3000 SMS (Full Validity),3000,Yes,Yes,Yes,Disney+ Hotstar Super,Free National Roaming,NA,NA,NA,No,5 Mbps,Mini Store,MyApp | Debit Card,Pan India,23,Q1 FY2024-25,NA,Live,Yes,200GB/Month,5 Mbps,Monthly Bill on Single Invoice | Bundled OTT Subscriptions,01-Apr-24,25-Dec-24
451,₹451.00 + GST ₹81.18 (18%) = ₹532.18,Individual,Limitless Plan Vi Max 451 UL,08-May-24,NA,Active,"ANE, APR, BIH, DEL, GUJ, HAR, HP, J&K, KAR, KER, KOL, MAH, MPCG, MUM, NE, ORI, PUN, RAJ, ROB, TN, UPE, UPW, WB",UL Calls | Limitless Data | 3000SMS | Unlimited 5G,26117402,3.Roaming Benefits,1.Roaming,Free National Roaming (Incoming+Outgoing),PLN-POST-00003,Postpaid,Retail,Mass,Vi Max,Vodafone Idea,30,Limitless Data/month (bill-period),NA,200,GB,Unlimited Calls (Local+STD+NR),3000 SMS (Full Validity),3000,Yes,Yes,Yes,Disney+ Hotstar Super,Free National Roaming,NA,NA,NA,No,5 Mbps,Mini Store,MyApp | Debit Card,Pan India,23,Q1 FY2024-25,NA,Live,Yes,200GB/Month,5 Mbps,Monthly Bill on Single Invoice | Bundled OTT Subscriptions,01-Apr-24,25-Dec-24
451,₹451.00 + GST ₹81.18 (18%) = ₹532.18,Individual,Limitless Plan Vi Max 451 UL,08-May-24,NA,Active,"ANE, APR, BIH, DEL, GUJ, HAR, HP, J&K, KAR, KER, KOL, MAH, MPCG, MUM, NE, ORI, PUN, RAJ, ROB, TN, UPE, UPW, WB",UL Calls | Limitless Data | 3000SMS | Unlimited 5G,26117402,5.Additional Benefits,1.Additional Benefits,Monthly Bill on Single Invoice | Bundled OTT Subscriptions,PLN-POST-00003,Postpaid,Retail,Mass,Vi Max,Vodafone Idea,30,Limitless Data/month (bill-period),NA,200,GB,Unlimited Calls (Local+STD+NR),3000 SMS (Full Validity),3000,Yes,Yes,Yes,Disney+ Hotstar Super,Free National Roaming,NA,NA,NA,No,5 Mbps,Mini Store,MyApp | Debit Card,Pan India,23,Q1 FY2024-25,NA,Live,Yes,200GB/Month,5 Mbps,Monthly Bill on Single Invoice | Bundled OTT Subscriptions,01-Apr-24,25-Dec-24
501,₹501.00 + GST ₹90.18 (18%) = ₹591.18,Individual,Vi Max 501,21-Dec-25,NA,Active,"ANE, KER, TN",UL Calls | 75GB Total (Full Validity) | 3000SMS | Unlimited 5G,26118015,1.Telco Benefits,1.Voice,Unlimited Calls (Local+STD+NR),PLN-POST-00004,Postpaid,Retail,Value,Vi Max,Vodafone Idea,30,75GB Total (Full Validity),NA,75,GB,Unlimited Calls (Local+STD+NR),3000 SMS (Full Validity),3000,Yes,Yes,Yes,Amazon Prime Lite,Free National Roaming,NA,NA,NA,Yes,64 Kbps,Retail Outlet,Third Party App (PhonePe/Paytm),South,3,Q3 FY2025-26,NA,Live,Yes,75GB/Validity,64 Kbps,Monthly Bill on Single Invoice | Bundled OTT Subscriptions | Unused Data Rollover,16-Nov-25,31-Mar-26
501,₹501.00 + GST ₹90.18 (18%) = ₹591.18,Individual,Vi Max 501,21-Dec-25,NA,Active,"ANE, KER, TN",UL Calls | 75GB Total (Full Validity) | 3000SMS | Unlimited 5G,26118015,1.Telco Benefits,2.Data,75GB Total (Full Validity),PLN-POST-00004,Postpaid,Retail,Value,Vi Max,Vodafone Idea,30,75GB Total (Full Validity),NA,75,GB,Unlimited Calls (Local+STD+NR),3000 SMS (Full Validity),3000,Yes,Yes,Yes,Amazon Prime Lite,Free National Roaming,NA,NA,NA,Yes,64 Kbps,Retail Outlet,Third Party App (PhonePe/Paytm),South,3,Q3 FY2025-26,NA,Live,Yes,75GB/Validity,64 Kbps,Monthly Bill on Single Invoice | Bundled OTT Subscriptions | Unused Data Rollover,16-Nov-25,31-Mar-26
501,₹501.00 + GST ₹90.18 (18%) = ₹591.18,Individual,Vi Max 501,21-Dec-25,NA,Active,"ANE, KER, TN",UL Calls | 75GB Total (Full Validity) | 3000SMS | Unlimited 5G,26118015,1.Telco Benefits,2.Data,Free Unlimited 5G Access (Select Circles),PLN-POST-00004,Postpaid,Retail,Value,Vi Max,Vodafone Idea,30,75GB Total (Full Validity),NA,75,GB,Unlimited Calls (Local+STD+NR),3000 SMS (Full Validity),3000,Yes,Yes,Yes,Amazon Prime Lite,Free National Roaming,NA,NA,NA,Yes,64 Kbps,Retail Outlet,Third Party App (PhonePe/Paytm),South,3,Q3 FY2025-26,NA,Live,Yes,75GB/Validity,64 Kbps,Monthly Bill on Single Invoice | Bundled OTT Subscriptions | Unused Data Rollover,16-Nov-25,31-Mar-26
501,₹501.00 + GST ₹90.18 (18%) = ₹591.18,Individual,Vi Max 501,21-Dec-25,NA,Active,"ANE, KER, TN",UL Calls | 75GB Total (Full Validity) | 3000SMS | Unlimited 5G,26118015,1.Telco Benefits,3.SMS,3K SMS Bundled,PLN-POST-00004,Postpaid,Retail,Value,Vi Max,Vodafone Idea,30,75GB Total (Full Validity),NA,75,GB,Unlimited Calls (Local+STD+NR),3000 SMS (Full Validity),3000,Yes,Yes,Yes,Amazon Prime Lite,Free National Roaming,NA,NA,NA,Yes,64 Kbps,Retail Outlet,Third Party App (PhonePe/Paytm),South,3,Q3 FY2025-26,NA,Live,Yes,75GB/Validity,64 Kbps,Monthly Bill on Single Invoice | Bundled OTT Subscriptions | Unused Data Rollover,16-Nov-25,31-Mar-26
501,₹501.00 + GST ₹90.18 (18%) = ₹591.18,Individual,Vi Max 501,21-Dec-25,NA,Active,"ANE, KER, TN",UL Calls | 75GB Total (Full Validity) | 3000SMS | Unlimited 5G,26118015,1.Telco Benefits,4.Validity,30 Days Validity,PLN-POST-00004,Postpaid,Retail,Value,Vi Max,Vodafone Idea,30,75GB Total (Full Validity),NA,75,GB,Unlimited Calls (Local+STD+NR),3000 SMS (Full Validity),3000,Yes,Yes,Yes,Amazon Prime Lite,Free National Roaming,NA,NA,NA,Yes,64 Kbps,Retail Outlet,Third Party App (PhonePe/Paytm),South,3,Q3 FY2025-26,NA,Live,Yes,75GB/Validity,64 Kbps,Monthly Bill on Single Invoice | Bundled OTT Subscriptions | Unused Data Rollover,16-Nov-25,31-Mar-26
501,₹501.00 + GST ₹90.18 (18%) = ₹591.18,Individual,Vi Max 501,21-Dec-25,NA,Active,"ANE, KER, TN",UL Calls | 75GB Total (Full Validity) | 3000SMS | Unlimited 5G,26118015,1.Telco Benefits,5.FUP,Post 75GB/Validity FUP - Speed Reduced to 64 Kbps,PLN-POST-00004,Postpaid,Retail,Value,Vi Max,Vodafone Idea,30,75GB Total (Full Validity),NA,75,GB,Unlimited Calls (Local+STD+NR),3000 SMS (Full Validity),3000,Yes,Yes,Yes,Amazon Prime Lite,Free National Roaming,NA,NA,NA,Yes,64 Kbps,Retail Outlet,Third Party App (PhonePe/Paytm),South,3,Q3 FY2025-26,NA,Live,Yes,75GB/Validity,64 Kbps,Monthly Bill on Single Invoice | Bundled OTT Subscriptions | Unused Data Rollover,16-Nov-25,31-Mar-26
501,₹501.00 + GST ₹90.18 (18%) = ₹591.18,Individual,Vi Max 501,21-Dec-25,NA,Active,"ANE, KER, TN",UL Calls | 75GB Total (Full Validity) | 3000SMS | Unlimited 5G,26118015,2.OTT Benefits,1.OTT,Amazon Prime Lite,PLN-POST-00004,Postpaid,Retail,Value,Vi Max,Vodafone Idea,30,75GB Total (Full Validity),NA,75,GB,Unlimited Calls (Local+STD+NR),3000 SMS (Full Validity),3000,Yes,Yes,Yes,Amazon Prime Lite,Free National Roaming,NA,NA,NA,Yes,64 Kbps,Retail Outlet,Third Party App (PhonePe/Paytm),South,3,Q3 FY2025-26,NA,Live,Yes,75GB/Validity,64 Kbps,Monthly Bill on Single Invoice | Bundled OTT Subscriptions | Unused Data Rollover,16-Nov-25,31-Mar-26
501,₹501.00 + GST ₹90.18 (18%) = ₹591.18,Individual,Vi Max 501,21-Dec-25,NA,Active,"ANE, KER, TN",UL Calls | 75GB Total (Full Validity) | 3000SMS | Unlimited 5G,26118015,3.Roaming Benefits,1.Roaming,Free National Roaming (Incoming+Outgoing),PLN-POST-00004,Postpaid,Retail,Value,Vi Max,Vodafone Idea,30,75GB Total (Full Validity),NA,75,GB,Unlimited Calls (Local+STD+NR),3000 SMS (Full Validity),3000,Yes,Yes,Yes,Amazon Prime Lite,Free National Roaming,NA,NA,NA,Yes,64 Kbps,Retail Outlet,Third Party App (PhonePe/Paytm),South,3,Q3 FY2025-26,NA,Live,Yes,75GB/Validity,64 Kbps,Monthly Bill on Single Invoice | Bundled OTT Subscriptions | Unused Data Rollover,16-Nov-25,31-Mar-26
501,₹501.00 + GST ₹90.18 (18%) = ₹591.18,Individual,Vi Max 501,21-Dec-25,NA,Active,"ANE, KER, TN",UL Calls | 75GB Total (Full Validity) | 3000SMS | Unlimited 5G,26118015,5.Additional Benefits,1.Additional Benefits,Monthly Bill on Single Invoice | Bundled OTT Subscriptions | Unused Data Rollover,PLN-POST-00004,Postpaid,Retail,Value,Vi Max,Vodafone Idea,30,75GB Total (Full Validity),NA,75,GB,Unlimited Calls (Local+STD+NR),3000 SMS (Full Validity),3000,Yes,Yes,Yes,Amazon Prime Lite,Free National Roaming,NA,NA,NA,Yes,64 Kbps,Retail Outlet,Third Party App (PhonePe/Paytm),South,3,Q3 FY2025-26,NA,Live,Yes,75GB/Validity,64 Kbps,Monthly Bill on Single Invoice | Bundled OTT Subscriptions | Unused Data Rollover,16-Nov-25,31-Mar-26
601,₹601.00 + GST ₹108.18 (18%) = ₹709.18,Family,Limitless Plan Vi Max 601 UL,21-Apr-25,NA,Active,"DEL, KOL, MUM",UL Calls | Limitless Data | 3000SMS | Unlimited 5G,26118122,1.Telco Benefits,1.Voice,UL Local & STD Calls incl. NR,PLN-POST-00005,Postpaid,Retail,Value,Vi Max,Vodafone Idea,30,Limitless Data/month (bill-period),NA,250,GB,Unlimited Calls (Local+STD+NR),3000 SMS (Full Validity),3000,Yes,Yes,Yes,Netflix Basic + Amazon Prime Lite,Free National Roaming + IR Discount,Discounted ISD Rate,NA,NA,No,5 Mbps,Mini Store,Third Party App (PhonePe/Paytm),Metro,3,Q1 FY2025-26,NA,Live,Yes,250GB/Month,5 Mbps,Monthly Bill on Single Invoice | 2 Family Add-On Connections | Bundled OTT Subscriptions,26-Jan-25,06-Feb-26
601,₹601.00 + GST ₹108.18 (18%) = ₹709.18,Family,Limitless Plan Vi Max 601 UL,21-Apr-25,NA,Active,"DEL, KOL, MUM",UL Calls | Limitless Data | 3000SMS | Unlimited 5G,26118122,1.Telco Benefits,2.Data,Data: Unlimited per Bill Cycle,PLN-POST-00005,Postpaid,Retail,Value,Vi Max,Vodafone Idea,30,Limitless Data/month (bill-period),NA,250,GB,Unlimited Calls (Local+STD+NR),3000 SMS (Full Validity),3000,Yes,Yes,Yes,Netflix Basic + Amazon Prime Lite,Free National Roaming + IR Discount,Discounted ISD Rate,NA,NA,No,5 Mbps,Mini Store,Third Party App (PhonePe/Paytm),Metro,3,Q1 FY2025-26,NA,Live,Yes,250GB/Month,5 Mbps,Monthly Bill on Single Invoice | 2 Family Add-On Connections | Bundled OTT Subscriptions,26-Jan-25,06-Feb-26
601,₹601.00 + GST ₹108.18 (18%) = ₹709.18,Family,Limitless Plan Vi Max 601 UL,21-Apr-25,NA,Active,"DEL, KOL, MUM",UL Calls | Limitless Data | 3000SMS | Unlimited 5G,26118122,1.Telco Benefits,2.Data,Lower Browsing Speed Post 250GB Usage,PLN-POST-00005,Postpaid,Retail,Value,Vi Max,Vodafone Idea,30,Limitless Data/month (bill-period),NA,250,GB,Unlimited Calls (Local+STD+NR),3000 SMS (Full Validity),3000,Yes,Yes,Yes,Netflix Basic + Amazon Prime Lite,Free National Roaming + IR Discount,Discounted ISD Rate,NA,NA,No,5 Mbps,Mini Store,Third Party App (PhonePe/Paytm),Metro,3,Q1 FY2025-26,NA,Live,Yes,250GB/Month,5 Mbps,Monthly Bill on Single Invoice | 2 Family Add-On Connections | Bundled OTT Subscriptions,26-Jan-25,06-Feb-26
601,₹601.00 + GST ₹108.18 (18%) = ₹709.18,Family,Limitless Plan Vi Max 601 UL,21-Apr-25,NA,Active,"DEL, KOL, MUM",UL Calls | Limitless Data | 3000SMS | Unlimited 5G,26118122,1.Telco Benefits,2.Data,No Daily Data Limits,PLN-POST-00005,Postpaid,Retail,Value,Vi Max,Vodafone Idea,30,Limitless Data/month (bill-period),NA,250,GB,Unlimited Calls (Local+STD+NR),3000 SMS (Full Validity),3000,Yes,Yes,Yes,Netflix Basic + Amazon Prime Lite,Free National Roaming + IR Discount,Discounted ISD Rate,NA,NA,No,5 Mbps,Mini Store,Third Party App (PhonePe/Paytm),Metro,3,Q1 FY2025-26,NA,Live,Yes,250GB/Month,5 Mbps,Monthly Bill on Single Invoice | 2 Family Add-On Connections | Bundled OTT Subscriptions,26-Jan-25,06-Feb-26
601,₹601.00 + GST ₹108.18 (18%) = ₹709.18,Family,Limitless Plan Vi Max 601 UL,21-Apr-25,NA,Active,"DEL, KOL, MUM",UL Calls | Limitless Data | 3000SMS | Unlimited 5G,26118122,1.Telco Benefits,2.Data,Unltd 5G Data (Where 5G is Live),PLN-POST-00005,Postpaid,Retail,Value,Vi Max,Vodafone Idea,30,Limitless Data/month (bill-period),NA,250,GB,Unlimited Calls (Local+STD+NR),3000 SMS (Full Validity),3000,Yes,Yes,Yes,Netflix Basic + Amazon Prime Lite,Free National Roaming + IR Discount,Discounted ISD Rate,NA,NA,No,5 Mbps,Mini Store,Third Party App (PhonePe/Paytm),Metro,3,Q1 FY2025-26,NA,Live,Yes,250GB/Month,5 Mbps,Monthly Bill on Single Invoice | 2 Family Add-On Connections | Bundled OTT Subscriptions,26-Jan-25,06-Feb-26
601,₹601.00 + GST ₹108.18 (18%) = ₹709.18,Family,Limitless Plan Vi Max 601 UL,21-Apr-25,NA,Active,"DEL, KOL, MUM",UL Calls | Limitless Data | 3000SMS | Unlimited 5G,26118122,1.Telco Benefits,3.SMS,3000 Free SMS for Full Validity,PLN-POST-00005,Postpaid,Retail,Value,Vi Max,Vodafone Idea,30,Limitless Data/month (bill-period),NA,250,GB,Unlimited Calls (Local+STD+NR),3000 SMS (Full Validity),3000,Yes,Yes,Yes,Netflix Basic + Amazon Prime Lite,Free National Roaming + IR Discount,Discounted ISD Rate,NA,NA,No,5 Mbps,Mini Store,Third Party App (PhonePe/Paytm),Metro,3,Q1 FY2025-26,NA,Live,Yes,250GB/Month,5 Mbps,Monthly Bill on Single Invoice | 2 Family Add-On Connections | Bundled OTT Subscriptions,26-Jan-25,06-Feb-26
601,₹601.00 + GST ₹108.18 (18%) = ₹709.18,Family,Limitless Plan Vi Max 601 UL,21-Apr-25,NA,Active,"DEL, KOL, MUM",UL Calls | Limitless Data | 3000SMS | Unlimited 5G,26118122,1.Telco Benefits,4.Validity,Validity: 30 Days,PLN-POST-00005,Postpaid,Retail,Value,Vi Max,Vodafone Idea,30,Limitless Data/month (bill-period),NA,250,GB,Unlimited Calls (Local+STD+NR),3000 SMS (Full Validity),3000,Yes,Yes,Yes,Netflix Basic + Amazon Prime Lite,Free National Roaming + IR Discount,Discounted ISD Rate,NA,NA,No,5 Mbps,Mini Store,Third Party App (PhonePe/Paytm),Metro,3,Q1 FY2025-26,NA,Live,Yes,250GB/Month,5 Mbps,Monthly Bill on Single Invoice | 2 Family Add-On Connections | Bundled OTT Subscriptions,26-Jan-25,06-Feb-26
601,₹601.00 + GST ₹108.18 (18%) = ₹709.18,Family,Limitless Plan Vi Max 601 UL,21-Apr-25,NA,Active,"DEL, KOL, MUM",UL Calls | Limitless Data | 3000SMS | Unlimited 5G,26118122,1.Telco Benefits,5.FUP,Post 250GB/Month FUP - Speed Reduced to 5 Mbps,PLN-POST-00005,Postpaid,Retail,Value,Vi Max,Vodafone Idea,30,Limitless Data/month (bill-period),NA,250,GB,Unlimited Calls (Local+STD+NR),3000 SMS (Full Validity),3000,Yes,Yes,Yes,Netflix Basic + Amazon Prime Lite,Free National Roaming + IR Discount,Discounted ISD Rate,NA,NA,No,5 Mbps,Mini Store,Third Party App (PhonePe/Paytm),Metro,3,Q1 FY2025-26,NA,Live,Yes,250GB/Month,5 Mbps,Monthly Bill on Single Invoice | 2 Family Add-On Connections | Bundled OTT Subscriptions,26-Jan-25,06-Feb-26
601,₹601.00 + GST ₹108.18 (18%) = ₹709.18,Family,Limitless Plan Vi Max 601 UL,21-Apr-25,NA,Active,"DEL, KOL, MUM",UL Calls | Limitless Data | 3000SMS | Unlimited 5G,26118122,2.OTT Benefits,1.OTT,Netflix Basic + Prime Lite Subscription,PLN-POST-00005,Postpaid,Retail,Value,Vi Max,Vodafone Idea,30,Limitless Data/month (bill-period),NA,250,GB,Unlimited Calls (Local+STD+NR),3000 SMS (Full Validity),3000,Yes,Yes,Yes,Netflix Basic + Amazon Prime Lite,Free National Roaming + IR Discount,Discounted ISD Rate,NA,NA,No,5 Mbps,Mini Store,Third Party App (PhonePe/Paytm),Metro,3,Q1 FY2025-26,NA,Live,Yes,250GB/Month,5 Mbps,Monthly Bill on Single Invoice | 2 Family Add-On Connections | Bundled OTT Subscriptions,26-Jan-25,06-Feb-26
601,₹601.00 + GST ₹108.18 (18%) = ₹709.18,Family,Limitless Plan Vi Max 601 UL,21-Apr-25,NA,Active,"DEL, KOL, MUM",UL Calls | Limitless Data | 3000SMS | Unlimited 5G,26118122,3.Roaming Benefits,1.Roaming,Free National Roaming + 15% Off on IR Packs,PLN-POST-00005,Postpaid,Retail,Value,Vi Max,Vodafone Idea,30,Limitless Data/month (bill-period),NA,250,GB,Unlimited Calls (Local+STD+NR),3000 SMS (Full Validity),3000,Yes,Yes,Yes,Netflix Basic + Amazon Prime Lite,Free National Roaming + IR Discount,Discounted ISD Rate,NA,NA,No,5 Mbps,Mini Store,Third Party App (PhonePe/Paytm),Metro,3,Q1 FY2025-26,NA,Live,Yes,250GB/Month,5 Mbps,Monthly Bill on Single Invoice | 2 Family Add-On Connections | Bundled OTT Subscriptions,26-Jan-25,06-Feb-26
601,₹601.00 + GST ₹108.18 (18%) = ₹709.18,Family,Limitless Plan Vi Max 601 UL,21-Apr-25,NA,Active,"DEL, KOL, MUM",UL Calls | Limitless Data | 3000SMS | Unlimited 5G,26118122,4.ISD Benefits,1.ISD,ISD Calls @ ₹1.50/min to Select Countries,PLN-POST-00005,Postpaid,Retail,Value,Vi Max,Vodafone Idea,30,Limitless Data/month (bill-period),NA,250,GB,Unlimited Calls (Local+STD+NR),3000 SMS (Full Validity),3000,Yes,Yes,Yes,Netflix Basic + Amazon Prime Lite,Free National Roaming + IR Discount,Discounted ISD Rate,NA,NA,No,5 Mbps,Mini Store,Third Party App (PhonePe/Paytm),Metro,3,Q1 FY2025-26,NA,Live,Yes,250GB/Month,5 Mbps,Monthly Bill on Single Invoice | 2 Family Add-On Connections | Bundled OTT Subscriptions,26-Jan-25,06-Feb-26
601,₹601.00 + GST ₹108.18 (18%) = ₹709.18,Family,Limitless Plan Vi Max 601 UL,21-Apr-25,NA,Active,"DEL, KOL, MUM",UL Calls | Limitless Data | 3000SMS | Unlimited 5G,26118122,5.Additional Benefits,1.Additional Benefits,Monthly Bill on Single Invoice | 2 Family Add-On Connections | Bundled OTT Subscriptions,PLN-POST-00005,Postpaid,Retail,Value,Vi Max,Vodafone Idea,30,Limitless Data/month (bill-period),NA,250,GB,Unlimited Calls (Local+STD+NR),3000 SMS (Full Validity),3000,Yes,Yes,Yes,Netflix Basic + Amazon Prime Lite,Free National Roaming + IR Discount,Discounted ISD Rate,NA,NA,No,5 Mbps,Mini Store,Third Party App (PhonePe/Paytm),Metro,3,Q1 FY2025-26,NA,Live,Yes,250GB/Month,5 Mbps,Monthly Bill on Single Invoice | 2 Family Add-On Connections | Bundled OTT Subscriptions,26-Jan-25,06-Feb-26
701,₹701.00 + GST ₹126.18 (18%) = ₹827.18,Family,Vi Max 701,05-Nov-24,NA,Active,"BIH, NE, ORI, ROB, WB",UL Calls | 100GB Total (Full Validity) | 3000SMS | Unlimited 5G,26118349,1.Telco Benefits,1.Voice,Unlimited Voice (L+STD+NR),PLN-POST-00006,Postpaid,Retail,Premium,Vi Max,Vodafone Idea,30,100GB Total (Full Validity),NA,100,GB,Unlimited Calls (Local+STD+NR),3000 SMS (Full Validity),3000,Yes,Yes,Yes,Disney+ Hotstar Super + SonyLIV Premium,Free National Roaming + IR Discount,Discounted ISD Rate,NA,NA,Yes,64 Kbps,USSD *199#,Website | Netbanking,East,5,Q3 FY2024-25,NA,Live,Yes,100GB/Validity,64 Kbps,Monthly Bill on Single Invoice | 2 Family Add-On Connections | Bundled OTT Subscriptions | Unused Data Rollover,20-Sep-24,09-Dec-25
701,₹701.00 + GST ₹126.18 (18%) = ₹827.18,Family,Vi Max 701,05-Nov-24,NA,Active,"BIH, NE, ORI, ROB, WB",UL Calls | 100GB Total (Full Validity) | 3000SMS | Unlimited 5G,26118349,1.Telco Benefits,2.Data,100GB Data Pack (Validity Based),PLN-POST-00006,Postpaid,Retail,Premium,Vi Max,Vodafone Idea,30,100GB Total (Full Validity),NA,100,GB,Unlimited Calls (Local+STD+NR),3000 SMS (Full Validity),3000,Yes,Yes,Yes,Disney+ Hotstar Super + SonyLIV Premium,Free National Roaming + IR Discount,Discounted ISD Rate,NA,NA,Yes,64 Kbps,USSD *199#,Website | Netbanking,East,5,Q3 FY2024-25,NA,Live,Yes,100GB/Validity,64 Kbps,Monthly Bill on Single Invoice | 2 Family Add-On Connections | Bundled OTT Subscriptions | Unused Data Rollover,20-Sep-24,09-Dec-25
701,₹701.00 + GST ₹126.18 (18%) = ₹827.18,Family,Vi Max 701,05-Nov-24,NA,Active,"BIH, NE, ORI, ROB, WB",UL Calls | 100GB Total (Full Validity) | 3000SMS | Unlimited 5G,26118349,1.Telco Benefits,2.Data,5G Data - Unlimited (5G-Enabled Cities Only),PLN-POST-00006,Postpaid,Retail,Premium,Vi Max,Vodafone Idea,30,100GB Total (Full Validity),NA,100,GB,Unlimited Calls (Local+STD+NR),3000 SMS (Full Validity),3000,Yes,Yes,Yes,Disney+ Hotstar Super + SonyLIV Premium,Free National Roaming + IR Discount,Discounted ISD Rate,NA,NA,Yes,64 Kbps,USSD *199#,Website | Netbanking,East,5,Q3 FY2024-25,NA,Live,Yes,100GB/Validity,64 Kbps,Monthly Bill on Single Invoice | 2 Family Add-On Connections | Bundled OTT Subscriptions | Unused Data Rollover,20-Sep-24,09-Dec-25
701,₹701.00 + GST ₹126.18 (18%) = ₹827.18,Family,Vi Max 701,05-Nov-24,NA,Active,"BIH, NE, ORI, ROB, WB",UL Calls | 100GB Total (Full Validity) | 3000SMS | Unlimited 5G,26118349,1.Telco Benefits,3.SMS,3K SMS Bundled,PLN-POST-00006,Postpaid,Retail,Premium,Vi Max,Vodafone Idea,30,100GB Total (Full Validity),NA,100,GB,Unlimited Calls (Local+STD+NR),3000 SMS (Full Validity),3000,Yes,Yes,Yes,Disney+ Hotstar Super + SonyLIV Premium,Free National Roaming + IR Discount,Discounted ISD Rate,NA,NA,Yes,64 Kbps,USSD *199#,Website | Netbanking,East,5,Q3 FY2024-25,NA,Live,Yes,100GB/Validity,64 Kbps,Monthly Bill on Single Invoice | 2 Family Add-On Connections | Bundled OTT Subscriptions | Unused Data Rollover,20-Sep-24,09-Dec-25
701,₹701.00 + GST ₹126.18 (18%) = ₹827.18,Family,Vi Max 701,05-Nov-24,NA,Active,"BIH, NE, ORI, ROB, WB",UL Calls | 100GB Total (Full Validity) | 3000SMS | Unlimited 5G,26118349,1.Telco Benefits,4.Validity,30 Days Validity,PLN-POST-00006,Postpaid,Retail,Premium,Vi Max,Vodafone Idea,30,100GB Total (Full Validity),NA,100,GB,Unlimited Calls (Local+STD+NR),3000 SMS (Full Validity),3000,Yes,Yes,Yes,Disney+ Hotstar Super + SonyLIV Premium,Free National Roaming + IR Discount,Discounted ISD Rate,NA,NA,Yes,64 Kbps,USSD *199#,Website | Netbanking,East,5,Q3 FY2024-25,NA,Live,Yes,100GB/Validity,64 Kbps,Monthly Bill on Single Invoice | 2 Family Add-On Connections | Bundled OTT Subscriptions | Unused Data Rollover,20-Sep-24,09-Dec-25
701,₹701.00 + GST ₹126.18 (18%) = ₹827.18,Family,Vi Max 701,05-Nov-24,NA,Active,"BIH, NE, ORI, ROB, WB",UL Calls | 100GB Total (Full Validity) | 3000SMS | Unlimited 5G,26118349,1.Telco Benefits,5.FUP,Post 100GB/Validity FUP - Speed Reduced to 64 Kbps,PLN-POST-00006,Postpaid,Retail,Premium,Vi Max,Vodafone Idea,30,100GB Total (Full Validity),NA,100,GB,Unlimited Calls (Local+STD+NR),3000 SMS (Full Validity),3000,Yes,Yes,Yes,Disney+ Hotstar Super + SonyLIV Premium,Free National Roaming + IR Discount,Discounted ISD Rate,NA,NA,Yes,64 Kbps,USSD *199#,Website | Netbanking,East,5,Q3 FY2024-25,NA,Live,Yes,100GB/Validity,64 Kbps,Monthly Bill on Single Invoice | 2 Family Add-On Connections | Bundled OTT Subscriptions | Unused Data Rollover,20-Sep-24,09-Dec-25
701,₹701.00 + GST ₹126.18 (18%) = ₹827.18,Family,Vi Max 701,05-Nov-24,NA,Active,"BIH, NE, ORI, ROB, WB",UL Calls | 100GB Total (Full Validity) | 3000SMS | Unlimited 5G,26118349,2.OTT Benefits,1.OTT,Disney+ Hotstar Super + SonyLIV Premium,PLN-POST-00006,Postpaid,Retail,Premium,Vi Max,Vodafone Idea,30,100GB Total (Full Validity),NA,100,GB,Unlimited Calls (Local+STD+NR),3000 SMS (Full Validity),3000,Yes,Yes,Yes,Disney+ Hotstar Super + SonyLIV Premium,Free National Roaming + IR Discount,Discounted ISD Rate,NA,NA,Yes,64 Kbps,USSD *199#,Website | Netbanking,East,5,Q3 FY2024-25,NA,Live,Yes,100GB/Validity,64 Kbps,Monthly Bill on Single Invoice | 2 Family Add-On Connections | Bundled OTT Subscriptions | Unused Data Rollover,20-Sep-24,09-Dec-25
701,₹701.00 + GST ₹126.18 (18%) = ₹827.18,Family,Vi Max 701,05-Nov-24,NA,Active,"BIH, NE, ORI, ROB, WB",UL Calls | 100GB Total (Full Validity) | 3000SMS | Unlimited 5G,26118349,3.Roaming Benefits,1.Roaming,National Roaming Free + IR Discount 15%,PLN-POST-00006,Postpaid,Retail,Premium,Vi Max,Vodafone Idea,30,100GB Total (Full Validity),NA,100,GB,Unlimited Calls (Local+STD+NR),3000 SMS (Full Validity),3000,Yes,Yes,Yes,Disney+ Hotstar Super + SonyLIV Premium,Free National Roaming + IR Discount,Discounted ISD Rate,NA,NA,Yes,64 Kbps,USSD *199#,Website | Netbanking,East,5,Q3 FY2024-25,NA,Live,Yes,100GB/Validity,64 Kbps,Monthly Bill on Single Invoice | 2 Family Add-On Connections | Bundled OTT Subscriptions | Unused Data Rollover,20-Sep-24,09-Dec-25
701,₹701.00 + GST ₹126.18 (18%) = ₹827.18,Family,Vi Max 701,05-Nov-24,NA,Active,"BIH, NE, ORI, ROB, WB",UL Calls | 100GB Total (Full Validity) | 3000SMS | Unlimited 5G,26118349,4.ISD Benefits,1.ISD,ISD Rate: ₹1.50/min (Select Countries),PLN-POST-00006,Postpaid,Retail,Premium,Vi Max,Vodafone Idea,30,100GB Total (Full Validity),NA,100,GB,Unlimited Calls (Local+STD+NR),3000 SMS (Full Validity),3000,Yes,Yes,Yes,Disney+ Hotstar Super + SonyLIV Premium,Free National Roaming + IR Discount,Discounted ISD Rate,NA,NA,Yes,64 Kbps,USSD *199#,Website | Netbanking,East,5,Q3 FY2024-25,NA,Live,Yes,100GB/Validity,64 Kbps,Monthly Bill on Single Invoice | 2 Family Add-On Connections | Bundled OTT Subscriptions | Unused Data Rollover,20-Sep-24,09-Dec-25
701,₹701.00 + GST ₹126.18 (18%) = ₹827.18,Family,Vi Max 701,05-Nov-24,NA,Active,"BIH, NE, ORI, ROB, WB",UL Calls | 100GB Total (Full Validity) | 3000SMS | Unlimited 5G,26118349,5.Additional Benefits,1.Additional Benefits,Monthly Bill on Single Invoice | 2 Family Add-On Connections | Bundled OTT Subscriptions | Unused Data Rollover,PLN-POST-00006,Postpaid,Retail,Premium,Vi Max,Vodafone Idea,30,100GB Total (Full Validity),NA,100,GB,Unlimited Calls (Local+STD+NR),3000 SMS (Full Validity),3000,Yes,Yes,Yes,Disney+ Hotstar Super + SonyLIV Premium,Free National Roaming + IR Discount,Discounted ISD Rate,NA,NA,Yes,64 Kbps,USSD *199#,Website | Netbanking,East,5,Q3 FY2024-25,NA,Live,Yes,100GB/Validity,64 Kbps,Monthly Bill on Single Invoice | 2 Family Add-On Connections | Bundled OTT Subscriptions | Unused Data Rollover,20-Sep-24,09-Dec-25
801,₹801.00 + GST ₹144.18 (18%) = ₹945.18,Family,Limitless Plan Vi Max 801 UL,30-Apr-24,NA,Active,"MAH, MPCG, MUM",UL Calls | Limitless Data | 3000SMS | Unlimited 5G,26118949,1.Telco Benefits,1.Voice,Unlimited Calls (Local+STD+NR),PLN-POST-00007,Postpaid,Retail,Premium,Vi Max,Vodafone Idea,30,Limitless Data/month (bill-period),NA,300,GB,Unlimited Calls (Local+STD+NR),3000 SMS (Full Validity),3000,Yes,Yes,Yes,Netflix Basic + Amazon Prime + Disney+ Hotstar Super,Free National Roaming + IR Discount,Discounted ISD Rate,NA,NA,No,5 Mbps,Call Center,Third Party App (PhonePe/Paytm),West,3,Q1 FY2024-25,NA,Live,Yes,300GB/Month,5 Mbps,Monthly Bill on Single Invoice | 2 Family Add-On Connections | Bundled OTT Subscriptions,19-Mar-24,06-Aug-26
801,₹801.00 + GST ₹144.18 (18%) = ₹945.18,Family,Limitless Plan Vi Max 801 UL,30-Apr-24,NA,Active,"MAH, MPCG, MUM",UL Calls | Limitless Data | 3000SMS | Unlimited 5G,26118949,1.Telco Benefits,2.Data,Limitless Data/month (bill-period),PLN-POST-00007,Postpaid,Retail,Premium,Vi Max,Vodafone Idea,30,Limitless Data/month (bill-period),NA,300,GB,Unlimited Calls (Local+STD+NR),3000 SMS (Full Validity),3000,Yes,Yes,Yes,Netflix Basic + Amazon Prime + Disney+ Hotstar Super,Free National Roaming + IR Discount,Discounted ISD Rate,NA,NA,No,5 Mbps,Call Center,Third Party App (PhonePe/Paytm),West,3,Q1 FY2024-25,NA,Live,Yes,300GB/Month,5 Mbps,Monthly Bill on Single Invoice | 2 Family Add-On Connections | Bundled OTT Subscriptions,19-Mar-24,06-Aug-26
801,₹801.00 + GST ₹144.18 (18%) = ₹945.18,Family,Limitless Plan Vi Max 801 UL,30-Apr-24,NA,Active,"MAH, MPCG, MUM",UL Calls | Limitless Data | 3000SMS | Unlimited 5G,26118949,1.Telco Benefits,2.Data,Post-FUP(300GB) Browsing @ Reduced Speed,PLN-POST-00007,Postpaid,Retail,Premium,Vi Max,Vodafone Idea,30,Limitless Data/month (bill-period),NA,300,GB,Unlimited Calls (Local+STD+NR),3000 SMS (Full Validity),3000,Yes,Yes,Yes,Netflix Basic + Amazon Prime + Disney+ Hotstar Super,Free National Roaming + IR Discount,Discounted ISD Rate,NA,NA,No,5 Mbps,Call Center,Third Party App (PhonePe/Paytm),West,3,Q1 FY2024-25,NA,Live,Yes,300GB/Month,5 Mbps,Monthly Bill on Single Invoice | 2 Family Add-On Connections | Bundled OTT Subscriptions,19-Mar-24,06-Aug-26
801,₹801.00 + GST ₹144.18 (18%) = ₹945.18,Family,Limitless Plan Vi Max 801 UL,30-Apr-24,NA,Active,"MAH, MPCG, MUM",UL Calls | Limitless Data | 3000SMS | Unlimited 5G,26118949,1.Telco Benefits,2.Data,Unrestricted Daily Usage (Within FUP),PLN-POST-00007,Postpaid,Retail,Premium,Vi Max,Vodafone Idea,30,Limitless Data/month (bill-period),NA,300,GB,Unlimited Calls (Local+STD+NR),3000 SMS (Full Validity),3000,Yes,Yes,Yes,Netflix Basic + Amazon Prime + Disney+ Hotstar Super,Free National Roaming + IR Discount,Discounted ISD Rate,NA,NA,No,5 Mbps,Call Center,Third Party App (PhonePe/Paytm),West,3,Q1 FY2024-25,NA,Live,Yes,300GB/Month,5 Mbps,Monthly Bill on Single Invoice | 2 Family Add-On Connections | Bundled OTT Subscriptions,19-Mar-24,06-Aug-26
801,₹801.00 + GST ₹144.18 (18%) = ₹945.18,Family,Limitless Plan Vi Max 801 UL,30-Apr-24,NA,Active,"MAH, MPCG, MUM",UL Calls | Limitless Data | 3000SMS | Unlimited 5G,26118949,1.Telco Benefits,2.Data,5G Data - Unlimited (5G-Enabled Cities Only),PLN-POST-00007,Postpaid,Retail,Premium,Vi Max,Vodafone Idea,30,Limitless Data/month (bill-period),NA,300,GB,Unlimited Calls (Local+STD+NR),3000 SMS (Full Validity),3000,Yes,Yes,Yes,Netflix Basic + Amazon Prime + Disney+ Hotstar Super,Free National Roaming + IR Discount,Discounted ISD Rate,NA,NA,No,5 Mbps,Call Center,Third Party App (PhonePe/Paytm),West,3,Q1 FY2024-25,NA,Live,Yes,300GB/Month,5 Mbps,Monthly Bill on Single Invoice | 2 Family Add-On Connections | Bundled OTT Subscriptions,19-Mar-24,06-Aug-26
801,₹801.00 + GST ₹144.18 (18%) = ₹945.18,Family,Limitless Plan Vi Max 801 UL,30-Apr-24,NA,Active,"MAH, MPCG, MUM",UL Calls | Limitless Data | 3000SMS | Unlimited 5G,26118949,1.Telco Benefits,3.SMS,SMS: 3000 Total (Validity),PLN-POST-00007,Postpaid,Retail,Premium,Vi Max,Vodafone Idea,30,Limitless Data/month (bill-period),NA,300,GB,Unlimited Calls (Local+STD+NR),3000 SMS (Full Validity),3000,Yes,Yes,Yes,Netflix Basic + Amazon Prime + Disney+ Hotstar Super,Free National Roaming + IR Discount,Discounted ISD Rate,NA,NA,No,5 Mbps,Call Center,Third Party App (PhonePe/Paytm),West,3,Q1 FY2024-25,NA,Live,Yes,300GB/Month,5 Mbps,Monthly Bill on Single Invoice | 2 Family Add-On Connections | Bundled OTT Subscriptions,19-Mar-24,06-Aug-26
801,₹801.00 + GST ₹144.18 (18%) = ₹945.18,Family,Limitless Plan Vi Max 801 UL,30-Apr-24,NA,Active,"MAH, MPCG, MUM",UL Calls | Limitless Data | 3000SMS | Unlimited 5G,26118949,1.Telco Benefits,4.Validity,Pack Valid for 30 Days,PLN-POST-00007,Postpaid,Retail,Premium,Vi Max,Vodafone Idea,30,Limitless Data/month (bill-period),NA,300,GB,Unlimited Calls (Local+STD+NR),3000 SMS (Full Validity),3000,Yes,Yes,Yes,Netflix Basic + Amazon Prime + Disney+ Hotstar Super,Free National Roaming + IR Discount,Discounted ISD Rate,NA,NA,No,5 Mbps,Call Center,Third Party App (PhonePe/Paytm),West,3,Q1 FY2024-25,NA,Live,Yes,300GB/Month,5 Mbps,Monthly Bill on Single Invoice | 2 Family Add-On Connections | Bundled OTT Subscriptions,19-Mar-24,06-Aug-26
801,₹801.00 + GST ₹144.18 (18%) = ₹945.18,Family,Limitless Plan Vi Max 801 UL,30-Apr-24,NA,Active,"MAH, MPCG, MUM",UL Calls | Limitless Data | 3000SMS | Unlimited 5G,26118949,1.Telco Benefits,5.FUP,Post 300GB/Month FUP - Speed Reduced to 5 Mbps,PLN-POST-00007,Postpaid,Retail,Premium,Vi Max,Vodafone Idea,30,Limitless Data/month (bill-period),NA,300,GB,Unlimited Calls (Local+STD+NR),3000 SMS (Full Validity),3000,Yes,Yes,Yes,Netflix Basic + Amazon Prime + Disney+ Hotstar Super,Free National Roaming + IR Discount,Discounted ISD Rate,NA,NA,No,5 Mbps,Call Center,Third Party App (PhonePe/Paytm),West,3,Q1 FY2024-25,NA,Live,Yes,300GB/Month,5 Mbps,Monthly Bill on Single Invoice | 2 Family Add-On Connections | Bundled OTT Subscriptions,19-Mar-24,06-Aug-26
801,₹801.00 + GST ₹144.18 (18%) = ₹945.18,Family,Limitless Plan Vi Max 801 UL,30-Apr-24,NA,Active,"MAH, MPCG, MUM",UL Calls | Limitless Data | 3000SMS | Unlimited 5G,26118949,2.OTT Benefits,1.OTT,Netflix (Basic Plan) + Prime Membership Included + Disney+ Hotstar Super,PLN-POST-00007,Postpaid,Retail,Premium,Vi Max,Vodafone Idea,30,Limitless Data/month (bill-period),NA,300,GB,Unlimited Calls (Local+STD+NR),3000 SMS (Full Validity),3000,Yes,Yes,Yes,Netflix Basic + Amazon Prime + Disney+ Hotstar Super,Free National Roaming + IR Discount,Discounted ISD Rate,NA,NA,No,5 Mbps,Call Center,Third Party App (PhonePe/Paytm),West,3,Q1 FY2024-25,NA,Live,Yes,300GB/Month,5 Mbps,Monthly Bill on Single Invoice | 2 Family Add-On Connections | Bundled OTT Subscriptions,19-Mar-24,06-Aug-26
801,₹801.00 + GST ₹144.18 (18%) = ₹945.18,Family,Limitless Plan Vi Max 801 UL,30-Apr-24,NA,Active,"MAH, MPCG, MUM",UL Calls | Limitless Data | 3000SMS | Unlimited 5G,26118949,3.Roaming Benefits,1.Roaming,National Roaming Free + IR Discount 15%,PLN-POST-00007,Postpaid,Retail,Premium,Vi Max,Vodafone Idea,30,Limitless Data/month (bill-period),NA,300,GB,Unlimited Calls (Local+STD+NR),3000 SMS (Full Validity),3000,Yes,Yes,Yes,Netflix Basic + Amazon Prime + Disney+ Hotstar Super,Free National Roaming + IR Discount,Discounted ISD Rate,NA,NA,No,5 Mbps,Call Center,Third Party App (PhonePe/Paytm),West,3,Q1 FY2024-25,NA,Live,Yes,300GB/Month,5 Mbps,Monthly Bill on Single Invoice | 2 Family Add-On Connections | Bundled OTT Subscriptions,19-Mar-24,06-Aug-26
801,₹801.00 + GST ₹144.18 (18%) = ₹945.18,Family,Limitless Plan Vi Max 801 UL,30-Apr-24,NA,Active,"MAH, MPCG, MUM",UL Calls | Limitless Data | 3000SMS | Unlimited 5G,26118949,4.ISD Benefits,1.ISD,ISD Rate: ₹1.50/min (Select Countries),PLN-POST-00007,Postpaid,Retail,Premium,Vi Max,Vodafone Idea,30,Limitless Data/month (bill-period),NA,300,GB,Unlimited Calls (Local+STD+NR),3000 SMS (Full Validity),3000,Yes,Yes,Yes,Netflix Basic + Amazon Prime + Disney+ Hotstar Super,Free National Roaming + IR Discount,Discounted ISD Rate,NA,NA,No,5 Mbps,Call Center,Third Party App (PhonePe/Paytm),West,3,Q1 FY2024-25,NA,Live,Yes,300GB/Month,5 Mbps,Monthly Bill on Single Invoice | 2 Family Add-On Connections | Bundled OTT Subscriptions,19-Mar-24,06-Aug-26
801,₹801.00 + GST ₹144.18 (18%) = ₹945.18,Family,Limitless Plan Vi Max 801 UL,30-Apr-24,NA,Active,"MAH, MPCG, MUM",UL Calls | Limitless Data | 3000SMS | Unlimited 5G,26118949,5.Additional Benefits,1.Additional Benefits,Monthly Bill on Single Invoice | 2 Family Add-On Connections | Bundled OTT Subscriptions,PLN-POST-00007,Postpaid,Retail,Premium,Vi Max,Vodafone Idea,30,Limitless Data/month (bill-period),NA,300,GB,Unlimited Calls (Local+STD+NR),3000 SMS (Full Validity),3000,Yes,Yes,Yes,Netflix Basic + Amazon Prime + Disney+ Hotstar Super,Free National Roaming + IR Discount,Discounted ISD Rate,NA,NA,No,5 Mbps,Call Center,Third Party App (PhonePe/Paytm),West,3,Q1 FY2024-25,NA,Live,Yes,300GB/Month,5 Mbps,Monthly Bill on Single Invoice | 2 Family Add-On Connections | Bundled OTT Subscriptions,19-Mar-24,06-Aug-26
1001,₹1001.00 + GST ₹180.18 (18%) = ₹1181.18,Family,Vi Max 1001,24-Feb-26,NA,Active,"HP, PUN, UPE, UPW",UL Calls | 150GB Total (Full Validity) | 3000SMS | Unlimited 5G,26119580,1.Telco Benefits,1.Voice,Unltd Local+STD+NR Calls,PLN-POST-00008,Postpaid,HNI,Premium,Vi Max,Vodafone Idea,30,150GB Total (Full Validity),NA,150,GB,Unlimited Calls (Local+STD+NR),3000 SMS (Full Validity),3000,Yes,Yes,Yes,Netflix Standard + Amazon Prime + Disney+ Hotstar Super,Free National Roaming + IR Discount,Discounted ISD Rate,NA,NA,Yes,64 Kbps,Call Center,MyApp | Debit Card,North,4,Q4 FY2025-26,NA,Live,Yes,150GB/Validity,64 Kbps,Monthly Bill on Single Invoice | 2 Family Add-On Connections | Priority Customer Care | Bundled OTT Subscriptions | Unused Data Rollover,15-Dec-25,30-Jun-26
1001,₹1001.00 + GST ₹180.18 (18%) = ₹1181.18,Family,Vi Max 1001,24-Feb-26,NA,Active,"HP, PUN, UPE, UPW",UL Calls | 150GB Total (Full Validity) | 3000SMS | Unlimited 5G,26119580,1.Telco Benefits,2.Data,Total Data: 150GB for Full Validity,PLN-POST-00008,Postpaid,HNI,Premium,Vi Max,Vodafone Idea,30,150GB Total (Full Validity),NA,150,GB,Unlimited Calls (Local+STD+NR),3000 SMS (Full Validity),3000,Yes,Yes,Yes,Netflix Standard + Amazon Prime + Disney+ Hotstar Super,Free National Roaming + IR Discount,Discounted ISD Rate,NA,NA,Yes,64 Kbps,Call Center,MyApp | Debit Card,North,4,Q4 FY2025-26,NA,Live,Yes,150GB/Validity,64 Kbps,Monthly Bill on Single Invoice | 2 Family Add-On Connections | Priority Customer Care | Bundled OTT Subscriptions | Unused Data Rollover,15-Dec-25,30-Jun-26
1001,₹1001.00 + GST ₹180.18 (18%) = ₹1181.18,Family,Vi Max 1001,24-Feb-26,NA,Active,"HP, PUN, UPE, UPW",UL Calls | 150GB Total (Full Validity) | 3000SMS | Unlimited 5G,26119580,1.Telco Benefits,2.Data,5G Data - Unlimited (5G-Enabled Cities Only),PLN-POST-00008,Postpaid,HNI,Premium,Vi Max,Vodafone Idea,30,150GB Total (Full Validity),NA,150,GB,Unlimited Calls (Local+STD+NR),3000 SMS (Full Validity),3000,Yes,Yes,Yes,Netflix Standard + Amazon Prime + Disney+ Hotstar Super,Free National Roaming + IR Discount,Discounted ISD Rate,NA,NA,Yes,64 Kbps,Call Center,MyApp | Debit Card,North,4,Q4 FY2025-26,NA,Live,Yes,150GB/Validity,64 Kbps,Monthly Bill on Single Invoice | 2 Family Add-On Connections | Priority Customer Care | Bundled OTT Subscriptions | Unused Data Rollover,15-Dec-25,30-Jun-26
1001,₹1001.00 + GST ₹180.18 (18%) = ₹1181.18,Family,Vi Max 1001,24-Feb-26,NA,Active,"HP, PUN, UPE, UPW",UL Calls | 150GB Total (Full Validity) | 3000SMS | Unlimited 5G,26119580,1.Telco Benefits,3.SMS,3000 SMS (Full Validity),PLN-POST-00008,Postpaid,HNI,Premium,Vi Max,Vodafone Idea,30,150GB Total (Full Validity),NA,150,GB,Unlimited Calls (Local+STD+NR),3000 SMS (Full Validity),3000,Yes,Yes,Yes,Netflix Standard + Amazon Prime + Disney+ Hotstar Super,Free National Roaming + IR Discount,Discounted ISD Rate,NA,NA,Yes,64 Kbps,Call Center,MyApp | Debit Card,North,4,Q4 FY2025-26,NA,Live,Yes,150GB/Validity,64 Kbps,Monthly Bill on Single Invoice | 2 Family Add-On Connections | Priority Customer Care | Bundled OTT Subscriptions | Unused Data Rollover,15-Dec-25,30-Jun-26
1001,₹1001.00 + GST ₹180.18 (18%) = ₹1181.18,Family,Vi Max 1001,24-Feb-26,NA,Active,"HP, PUN, UPE, UPW",UL Calls | 150GB Total (Full Validity) | 3000SMS | Unlimited 5G,26119580,1.Telco Benefits,4.Validity,30 Days Validity,PLN-POST-00008,Postpaid,HNI,Premium,Vi Max,Vodafone Idea,30,150GB Total (Full Validity),NA,150,GB,Unlimited Calls (Local+STD+NR),3000 SMS (Full Validity),3000,Yes,Yes,Yes,Netflix Standard + Amazon Prime + Disney+ Hotstar Super,Free National Roaming + IR Discount,Discounted ISD Rate,NA,NA,Yes,64 Kbps,Call Center,MyApp | Debit Card,North,4,Q4 FY2025-26,NA,Live,Yes,150GB/Validity,64 Kbps,Monthly Bill on Single Invoice | 2 Family Add-On Connections | Priority Customer Care | Bundled OTT Subscriptions | Unused Data Rollover,15-Dec-25,30-Jun-26
1001,₹1001.00 + GST ₹180.18 (18%) = ₹1181.18,Family,Vi Max 1001,24-Feb-26,NA,Active,"HP, PUN, UPE, UPW",UL Calls | 150GB Total (Full Validity) | 3000SMS | Unlimited 5G,26119580,1.Telco Benefits,5.FUP,Post 150GB/Validity FUP - Speed Reduced to 64 Kbps,PLN-POST-00008,Postpaid,HNI,Premium,Vi Max,Vodafone Idea,30,150GB Total (Full Validity),NA,150,GB,Unlimited Calls (Local+STD+NR),3000 SMS (Full Validity),3000,Yes,Yes,Yes,Netflix Standard + Amazon Prime + Disney+ Hotstar Super,Free National Roaming + IR Discount,Discounted ISD Rate,NA,NA,Yes,64 Kbps,Call Center,MyApp | Debit Card,North,4,Q4 FY2025-26,NA,Live,Yes,150GB/Validity,64 Kbps,Monthly Bill on Single Invoice | 2 Family Add-On Connections | Priority Customer Care | Bundled OTT Subscriptions | Unused Data Rollover,15-Dec-25,30-Jun-26
1001,₹1001.00 + GST ₹180.18 (18%) = ₹1181.18,Family,Vi Max 1001,24-Feb-26,NA,Active,"HP, PUN, UPE, UPW",UL Calls | 150GB Total (Full Validity) | 3000SMS | Unlimited 5G,26119580,2.OTT Benefits,1.OTT,Netflix (Standard Plan) + Amazon Prime Subscription + Disney+ Hotstar Super,PLN-POST-00008,Postpaid,HNI,Premium,Vi Max,Vodafone Idea,30,150GB Total (Full Validity),NA,150,GB,Unlimited Calls (Local+STD+NR),3000 SMS (Full Validity),3000,Yes,Yes,Yes,Netflix Standard + Amazon Prime + Disney+ Hotstar Super,Free National Roaming + IR Discount,Discounted ISD Rate,NA,NA,Yes,64 Kbps,Call Center,MyApp | Debit Card,North,4,Q4 FY2025-26,NA,Live,Yes,150GB/Validity,64 Kbps,Monthly Bill on Single Invoice | 2 Family Add-On Connections | Priority Customer Care | Bundled OTT Subscriptions | Unused Data Rollover,15-Dec-25,30-Jun-26
1001,₹1001.00 + GST ₹180.18 (18%) = ₹1181.18,Family,Vi Max 1001,24-Feb-26,NA,Active,"HP, PUN, UPE, UPW",UL Calls | 150GB Total (Full Validity) | 3000SMS | Unlimited 5G,26119580,3.Roaming Benefits,1.Roaming,Free National Roaming + 15% Off on IR Packs,PLN-POST-00008,Postpaid,HNI,Premium,Vi Max,Vodafone Idea,30,150GB Total (Full Validity),NA,150,GB,Unlimited Calls (Local+STD+NR),3000 SMS (Full Validity),3000,Yes,Yes,Yes,Netflix Standard + Amazon Prime + Disney+ Hotstar Super,Free National Roaming + IR Discount,Discounted ISD Rate,NA,NA,Yes,64 Kbps,Call Center,MyApp | Debit Card,North,4,Q4 FY2025-26,NA,Live,Yes,150GB/Validity,64 Kbps,Monthly Bill on Single Invoice | 2 Family Add-On Connections | Priority Customer Care | Bundled OTT Subscriptions | Unused Data Rollover,15-Dec-25,30-Jun-26
1001,₹1001.00 + GST ₹180.18 (18%) = ₹1181.18,Family,Vi Max 1001,24-Feb-26,NA,Active,"HP, PUN, UPE, UPW",UL Calls | 150GB Total (Full Validity) | 3000SMS | Unlimited 5G,26119580,4.ISD Benefits,1.ISD,ISD Calls @ ₹1.50/min to Select Countries,PLN-POST-00008,Postpaid,HNI,Premium,Vi Max,Vodafone Idea,30,150GB Total (Full Validity),NA,150,GB,Unlimited Calls (Local+STD+NR),3000 SMS (Full Validity),3000,Yes,Yes,Yes,Netflix Standard + Amazon Prime + Disney+ Hotstar Super,Free National Roaming + IR Discount,Discounted ISD Rate,NA,NA,Yes,64 Kbps,Call Center,MyApp | Debit Card,North,4,Q4 FY2025-26,NA,Live,Yes,150GB/Validity,64 Kbps,Monthly Bill on Single Invoice | 2 Family Add-On Connections | Priority Customer Care | Bundled OTT Subscriptions | Unused Data Rollover,15-Dec-25,30-Jun-26
1001,₹1001.00 + GST ₹180.18 (18%) = ₹1181.18,Family,Vi Max 1001,24-Feb-26,NA,Active,"HP, PUN, UPE, UPW",UL Calls | 150GB Total (Full Validity) | 3000SMS | Unlimited 5G,26119580,5.Additional Benefits,1.Additional Benefits,Monthly Bill on Single Invoice | 2 Family Add-On Connections | Priority Customer Care | Bundled OTT Subscriptions | Unused Data Rollover,PLN-POST-00008,Postpaid,HNI,Premium,Vi Max,Vodafone Idea,30,150GB Total (Full Validity),NA,150,GB,Unlimited Calls (Local+STD+NR),3000 SMS (Full Validity),3000,Yes,Yes,Yes,Netflix Standard + Amazon Prime + Disney+ Hotstar Super,Free National Roaming + IR Discount,Discounted ISD Rate,NA,NA,Yes,64 Kbps,Call Center,MyApp | Debit Card,North,4,Q4 FY2025-26,NA,Live,Yes,150GB/Validity,64 Kbps,Monthly Bill on Single Invoice | 2 Family Add-On Connections | Priority Customer Care | Bundled OTT Subscriptions | Unused Data Rollover,15-Dec-25,30-Jun-26
1201,₹1201.00 + GST ₹216.18 (18%) = ₹1417.18,Individual,Limitless Plan Vi Max 1201 UL,14-Feb-25,NA,Active,"ANE, APR, BIH, DEL, GUJ, HAR, HP, J&K, KAR, KER, KOL, MAH, MPCG, MUM, NE, ORI, PUN, RAJ, ROB, TN, UPE, UPW, WB",UL Calls | Limitless Data | 3000SMS | Unlimited 5G,26119943,1.Telco Benefits,1.Voice,Unlimited Calls (Local+STD+NR),PLN-POST-00009,Postpaid,HNI,Premium,Vi Max,Vodafone Idea,30,Limitless Data/month (bill-period),NA,400,GB,Unlimited Calls (Local+STD+NR),3000 SMS (Full Validity),3000,Yes,Yes,Yes,Netflix Standard + Amazon Prime,Free National Roaming + IR Discount,Discounted ISD Rate,NA,NA,No,5 Mbps,Website,MyApp | Debit Card,Pan India,23,Q4 FY2024-25,NA,Live,Yes,400GB/Month,5 Mbps,Monthly Bill on Single Invoice | Priority Customer Care | Bundled OTT Subscriptions,13-Dec-24,15-Sep-25
1201,₹1201.00 + GST ₹216.18 (18%) = ₹1417.18,Individual,Limitless Plan Vi Max 1201 UL,14-Feb-25,NA,Active,"ANE, APR, BIH, DEL, GUJ, HAR, HP, J&K, KAR, KER, KOL, MAH, MPCG, MUM, NE, ORI, PUN, RAJ, ROB, TN, UPE, UPW, WB",UL Calls | Limitless Data | 3000SMS | Unlimited 5G,26119943,1.Telco Benefits,2.Data,"a) Unlimited Data/Month
b) 400GB FUP Applicable, Speed Drops Post Limit
c) No Daily Data Limits
d) Unlimited 5G DATA in cities where 5G is launched",PLN-POST-00009,Postpaid,HNI,Premium,Vi Max,Vodafone Idea,30,Limitless Data/month (bill-period),NA,400,GB,Unlimited Calls (Local+STD+NR),3000 SMS (Full Validity),3000,Yes,Yes,Yes,Netflix Standard + Amazon Prime,Free National Roaming + IR Discount,Discounted ISD Rate,NA,NA,No,5 Mbps,Website,MyApp | Debit Card,Pan India,23,Q4 FY2024-25,NA,Live,Yes,400GB/Month,5 Mbps,Monthly Bill on Single Invoice | Priority Customer Care | Bundled OTT Subscriptions,13-Dec-24,15-Sep-25
1201,₹1201.00 + GST ₹216.18 (18%) = ₹1417.18,Individual,Limitless Plan Vi Max 1201 UL,14-Feb-25,NA,Active,"ANE, APR, BIH, DEL, GUJ, HAR, HP, J&K, KAR, KER, KOL, MAH, MPCG, MUM, NE, ORI, PUN, RAJ, ROB, TN, UPE, UPW, WB",UL Calls | Limitless Data | 3000SMS | Unlimited 5G,26119943,1.Telco Benefits,3.SMS,3000 SMS,PLN-POST-00009,Postpaid,HNI,Premium,Vi Max,Vodafone Idea,30,Limitless Data/month (bill-period),NA,400,GB,Unlimited Calls (Local+STD+NR),3000 SMS (Full Validity),3000,Yes,Yes,Yes,Netflix Standard + Amazon Prime,Free National Roaming + IR Discount,Discounted ISD Rate,NA,NA,No,5 Mbps,Website,MyApp | Debit Card,Pan India,23,Q4 FY2024-25,NA,Live,Yes,400GB/Month,5 Mbps,Monthly Bill on Single Invoice | Priority Customer Care | Bundled OTT Subscriptions,13-Dec-24,15-Sep-25
1201,₹1201.00 + GST ₹216.18 (18%) = ₹1417.18,Individual,Limitless Plan Vi Max 1201 UL,14-Feb-25,NA,Active,"ANE, APR, BIH, DEL, GUJ, HAR, HP, J&K, KAR, KER, KOL, MAH, MPCG, MUM, NE, ORI, PUN, RAJ, ROB, TN, UPE, UPW, WB",UL Calls | Limitless Data | 3000SMS | Unlimited 5G,26119943,1.Telco Benefits,4.Validity,Validity: 30 Days,PLN-POST-00009,Postpaid,HNI,Premium,Vi Max,Vodafone Idea,30,Limitless Data/month (bill-period),NA,400,GB,Unlimited Calls (Local+STD+NR),3000 SMS (Full Validity),3000,Yes,Yes,Yes,Netflix Standard + Amazon Prime,Free National Roaming + IR Discount,Discounted ISD Rate,NA,NA,No,5 Mbps,Website,MyApp | Debit Card,Pan India,23,Q4 FY2024-25,NA,Live,Yes,400GB/Month,5 Mbps,Monthly Bill on Single Invoice | Priority Customer Care | Bundled OTT Subscriptions,13-Dec-24,15-Sep-25
1201,₹1201.00 + GST ₹216.18 (18%) = ₹1417.18,Individual,Limitless Plan Vi Max 1201 UL,14-Feb-25,NA,Active,"ANE, APR, BIH, DEL, GUJ, HAR, HP, J&K, KAR, KER, KOL, MAH, MPCG, MUM, NE, ORI, PUN, RAJ, ROB, TN, UPE, UPW, WB",UL Calls | Limitless Data | 3000SMS | Unlimited 5G,26119943,1.Telco Benefits,5.FUP,Post 400GB/Month FUP - Speed Reduced to 5 Mbps,PLN-POST-00009,Postpaid,HNI,Premium,Vi Max,Vodafone Idea,30,Limitless Data/month (bill-period),NA,400,GB,Unlimited Calls (Local+STD+NR),3000 SMS (Full Validity),3000,Yes,Yes,Yes,Netflix Standard + Amazon Prime,Free National Roaming + IR Discount,Discounted ISD Rate,NA,NA,No,5 Mbps,Website,MyApp | Debit Card,Pan India,23,Q4 FY2024-25,NA,Live,Yes,400GB/Month,5 Mbps,Monthly Bill on Single Invoice | Priority Customer Care | Bundled OTT Subscriptions,13-Dec-24,15-Sep-25
1201,₹1201.00 + GST ₹216.18 (18%) = ₹1417.18,Individual,Limitless Plan Vi Max 1201 UL,14-Feb-25,NA,Active,"ANE, APR, BIH, DEL, GUJ, HAR, HP, J&K, KAR, KER, KOL, MAH, MPCG, MUM, NE, ORI, PUN, RAJ, ROB, TN, UPE, UPW, WB",UL Calls | Limitless Data | 3000SMS | Unlimited 5G,26119943,2.OTT Benefits,1.OTT,Netflix Standard + Amazon Prime Subscription,PLN-POST-00009,Postpaid,HNI,Premium,Vi Max,Vodafone Idea,30,Limitless Data/month (bill-period),NA,400,GB,Unlimited Calls (Local+STD+NR),3000 SMS (Full Validity),3000,Yes,Yes,Yes,Netflix Standard + Amazon Prime,Free National Roaming + IR Discount,Discounted ISD Rate,NA,NA,No,5 Mbps,Website,MyApp | Debit Card,Pan India,23,Q4 FY2024-25,NA,Live,Yes,400GB/Month,5 Mbps,Monthly Bill on Single Invoice | Priority Customer Care | Bundled OTT Subscriptions,13-Dec-24,15-Sep-25
1201,₹1201.00 + GST ₹216.18 (18%) = ₹1417.18,Individual,Limitless Plan Vi Max 1201 UL,14-Feb-25,NA,Active,"ANE, APR, BIH, DEL, GUJ, HAR, HP, J&K, KAR, KER, KOL, MAH, MPCG, MUM, NE, ORI, PUN, RAJ, ROB, TN, UPE, UPW, WB",UL Calls | Limitless Data | 3000SMS | Unlimited 5G,26119943,3.Roaming Benefits,1.Roaming,National Roaming Free + IR Discount 15%,PLN-POST-00009,Postpaid,HNI,Premium,Vi Max,Vodafone Idea,30,Limitless Data/month (bill-period),NA,400,GB,Unlimited Calls (Local+STD+NR),3000 SMS (Full Validity),3000,Yes,Yes,Yes,Netflix Standard + Amazon Prime,Free National Roaming + IR Discount,Discounted ISD Rate,NA,NA,No,5 Mbps,Website,MyApp | Debit Card,Pan India,23,Q4 FY2024-25,NA,Live,Yes,400GB/Month,5 Mbps,Monthly Bill on Single Invoice | Priority Customer Care | Bundled OTT Subscriptions,13-Dec-24,15-Sep-25
1201,₹1201.00 + GST ₹216.18 (18%) = ₹1417.18,Individual,Limitless Plan Vi Max 1201 UL,14-Feb-25,NA,Active,"ANE, APR, BIH, DEL, GUJ, HAR, HP, J&K, KAR, KER, KOL, MAH, MPCG, MUM, NE, ORI, PUN, RAJ, ROB, TN, UPE, UPW, WB",UL Calls | Limitless Data | 3000SMS | Unlimited 5G,26119943,4.ISD Benefits,1.ISD,ISD Calls @ ₹1.50/min to Select Countries,PLN-POST-00009,Postpaid,HNI,Premium,Vi Max,Vodafone Idea,30,Limitless Data/month (bill-period),NA,400,GB,Unlimited Calls (Local+STD+NR),3000 SMS (Full Validity),3000,Yes,Yes,Yes,Netflix Standard + Amazon Prime,Free National Roaming + IR Discount,Discounted ISD Rate,NA,NA,No,5 Mbps,Website,MyApp | Debit Card,Pan India,23,Q4 FY2024-25,NA,Live,Yes,400GB/Month,5 Mbps,Monthly Bill on Single Invoice | Priority Customer Care | Bundled OTT Subscriptions,13-Dec-24,15-Sep-25
1201,₹1201.00 + GST ₹216.18 (18%) = ₹1417.18,Individual,Limitless Plan Vi Max 1201 UL,14-Feb-25,NA,Active,"ANE, APR, BIH, DEL, GUJ, HAR, HP, J&K, KAR, KER, KOL, MAH, MPCG, MUM, NE, ORI, PUN, RAJ, ROB, TN, UPE, UPW, WB",UL Calls | Limitless Data | 3000SMS | Unlimited 5G,26119943,5.Additional Benefits,1.Additional Benefits,Monthly Bill on Single Invoice | Priority Customer Care | Bundled OTT Subscriptions,PLN-POST-00009,Postpaid,HNI,Premium,Vi Max,Vodafone Idea,30,Limitless Data/month (bill-period),NA,400,GB,Unlimited Calls (Local+STD+NR),3000 SMS (Full Validity),3000,Yes,Yes,Yes,Netflix Standard + Amazon Prime,Free National Roaming + IR Discount,Discounted ISD Rate,NA,NA,No,5 Mbps,Website,MyApp | Debit Card,Pan India,23,Q4 FY2024-25,NA,Live,Yes,400GB/Month,5 Mbps,Monthly Bill on Single Invoice | Priority Customer Care | Bundled OTT Subscriptions,13-Dec-24,15-Sep-25
1501,₹1501.00 + GST ₹270.18 (18%) = ₹1771.18,Corporate,Vi Max 1501,23-Oct-24,NA,Active,"ANE, APR, BIH, DEL, GUJ, HAR, HP, J&K, KAR, KER, KOL, MAH, MPCG, MUM, NE, ORI, PUN, RAJ, ROB, TN, UPE, UPW, WB",UL Calls | 200GB Total (Full Validity) | 3000SMS | Unlimited 5G,26120553,1.Telco Benefits,1.Voice,Unlimited Calls (Local+STD+NR),PLN-POST-00010,Postpaid,Corporate,Enterprise,Vi Max,Vodafone Idea,30,200GB Total (Full Validity),NA,200,GB,Unlimited Calls (Local+STD+NR),3000 SMS (Full Validity),3000,Yes,Yes,Yes,Netflix Standard + Amazon Prime,Free National Roaming + IR Discount,Discounted ISD Rate,NA,NA,Yes,64 Kbps,Call Center,MyApp | UPI,Pan India,23,Q3 FY2024-25,NA,Live,Yes,200GB/Validity,64 Kbps,Monthly Bill on Single Invoice | Priority Customer Care | Bundled OTT Subscriptions | Unused Data Rollover,17-Aug-24,24-Apr-26
1501,₹1501.00 + GST ₹270.18 (18%) = ₹1771.18,Corporate,Vi Max 1501,23-Oct-24,NA,Active,"ANE, APR, BIH, DEL, GUJ, HAR, HP, J&K, KAR, KER, KOL, MAH, MPCG, MUM, NE, ORI, PUN, RAJ, ROB, TN, UPE, UPW, WB",UL Calls | 200GB Total (Full Validity) | 3000SMS | Unlimited 5G,26120553,1.Telco Benefits,2.Data,200GB Total (Full Validity),PLN-POST-00010,Postpaid,Corporate,Enterprise,Vi Max,Vodafone Idea,30,200GB Total (Full Validity),NA,200,GB,Unlimited Calls (Local+STD+NR),3000 SMS (Full Validity),3000,Yes,Yes,Yes,Netflix Standard + Amazon Prime,Free National Roaming + IR Discount,Discounted ISD Rate,NA,NA,Yes,64 Kbps,Call Center,MyApp | UPI,Pan India,23,Q3 FY2024-25,NA,Live,Yes,200GB/Validity,64 Kbps,Monthly Bill on Single Invoice | Priority Customer Care | Bundled OTT Subscriptions | Unused Data Rollover,17-Aug-24,24-Apr-26
1501,₹1501.00 + GST ₹270.18 (18%) = ₹1771.18,Corporate,Vi Max 1501,23-Oct-24,NA,Active,"ANE, APR, BIH, DEL, GUJ, HAR, HP, J&K, KAR, KER, KOL, MAH, MPCG, MUM, NE, ORI, PUN, RAJ, ROB, TN, UPE, UPW, WB",UL Calls | 200GB Total (Full Validity) | 3000SMS | Unlimited 5G,26120553,1.Telco Benefits,2.Data,Unltd 5G Data (Where 5G is Live),PLN-POST-00010,Postpaid,Corporate,Enterprise,Vi Max,Vodafone Idea,30,200GB Total (Full Validity),NA,200,GB,Unlimited Calls (Local+STD+NR),3000 SMS (Full Validity),3000,Yes,Yes,Yes,Netflix Standard + Amazon Prime,Free National Roaming + IR Discount,Discounted ISD Rate,NA,NA,Yes,64 Kbps,Call Center,MyApp | UPI,Pan India,23,Q3 FY2024-25,NA,Live,Yes,200GB/Validity,64 Kbps,Monthly Bill on Single Invoice | Priority Customer Care | Bundled OTT Subscriptions | Unused Data Rollover,17-Aug-24,24-Apr-26
1501,₹1501.00 + GST ₹270.18 (18%) = ₹1771.18,Corporate,Vi Max 1501,23-Oct-24,NA,Active,"ANE, APR, BIH, DEL, GUJ, HAR, HP, J&K, KAR, KER, KOL, MAH, MPCG, MUM, NE, ORI, PUN, RAJ, ROB, TN, UPE, UPW, WB",UL Calls | 200GB Total (Full Validity) | 3000SMS | Unlimited 5G,26120553,1.Telco Benefits,3.SMS,SMS: 3000 Total (Validity),PLN-POST-00010,Postpaid,Corporate,Enterprise,Vi Max,Vodafone Idea,30,200GB Total (Full Validity),NA,200,GB,Unlimited Calls (Local+STD+NR),3000 SMS (Full Validity),3000,Yes,Yes,Yes,Netflix Standard + Amazon Prime,Free National Roaming + IR Discount,Discounted ISD Rate,NA,NA,Yes,64 Kbps,Call Center,MyApp | UPI,Pan India,23,Q3 FY2024-25,NA,Live,Yes,200GB/Validity,64 Kbps,Monthly Bill on Single Invoice | Priority Customer Care | Bundled OTT Subscriptions | Unused Data Rollover,17-Aug-24,24-Apr-26
1501,₹1501.00 + GST ₹270.18 (18%) = ₹1771.18,Corporate,Vi Max 1501,23-Oct-24,NA,Active,"ANE, APR, BIH, DEL, GUJ, HAR, HP, J&K, KAR, KER, KOL, MAH, MPCG, MUM, NE, ORI, PUN, RAJ, ROB, TN, UPE, UPW, WB",UL Calls | 200GB Total (Full Validity) | 3000SMS | Unlimited 5G,26120553,1.Telco Benefits,4.Validity,30 Days Validity,PLN-POST-00010,Postpaid,Corporate,Enterprise,Vi Max,Vodafone Idea,30,200GB Total (Full Validity),NA,200,GB,Unlimited Calls (Local+STD+NR),3000 SMS (Full Validity),3000,Yes,Yes,Yes,Netflix Standard + Amazon Prime,Free National Roaming + IR Discount,Discounted ISD Rate,NA,NA,Yes,64 Kbps,Call Center,MyApp | UPI,Pan India,23,Q3 FY2024-25,NA,Live,Yes,200GB/Validity,64 Kbps,Monthly Bill on Single Invoice | Priority Customer Care | Bundled OTT Subscriptions | Unused Data Rollover,17-Aug-24,24-Apr-26
1501,₹1501.00 + GST ₹270.18 (18%) = ₹1771.18,Corporate,Vi Max 1501,23-Oct-24,NA,Active,"ANE, APR, BIH, DEL, GUJ, HAR, HP, J&K, KAR, KER, KOL, MAH, MPCG, MUM, NE, ORI, PUN, RAJ, ROB, TN, UPE, UPW, WB",UL Calls | 200GB Total (Full Validity) | 3000SMS | Unlimited 5G,26120553,1.Telco Benefits,5.FUP,Post 200GB/Validity FUP - Speed Reduced to 64 Kbps,PLN-POST-00010,Postpaid,Corporate,Enterprise,Vi Max,Vodafone Idea,30,200GB Total (Full Validity),NA,200,GB,Unlimited Calls (Local+STD+NR),3000 SMS (Full Validity),3000,Yes,Yes,Yes,Netflix Standard + Amazon Prime,Free National Roaming + IR Discount,Discounted ISD Rate,NA,NA,Yes,64 Kbps,Call Center,MyApp | UPI,Pan India,23,Q3 FY2024-25,NA,Live,Yes,200GB/Validity,64 Kbps,Monthly Bill on Single Invoice | Priority Customer Care | Bundled OTT Subscriptions | Unused Data Rollover,17-Aug-24,24-Apr-26
1501,₹1501.00 + GST ₹270.18 (18%) = ₹1771.18,Corporate,Vi Max 1501,23-Oct-24,NA,Active,"ANE, APR, BIH, DEL, GUJ, HAR, HP, J&K, KAR, KER, KOL, MAH, MPCG, MUM, NE, ORI, PUN, RAJ, ROB, TN, UPE, UPW, WB",UL Calls | 200GB Total (Full Validity) | 3000SMS | Unlimited 5G,26120553,2.OTT Benefits,1.OTT,Netflix Standard + Amazon Prime,PLN-POST-00010,Postpaid,Corporate,Enterprise,Vi Max,Vodafone Idea,30,200GB Total (Full Validity),NA,200,GB,Unlimited Calls (Local+STD+NR),3000 SMS (Full Validity),3000,Yes,Yes,Yes,Netflix Standard + Amazon Prime,Free National Roaming + IR Discount,Discounted ISD Rate,NA,NA,Yes,64 Kbps,Call Center,MyApp | UPI,Pan India,23,Q3 FY2024-25,NA,Live,Yes,200GB/Validity,64 Kbps,Monthly Bill on Single Invoice | Priority Customer Care | Bundled OTT Subscriptions | Unused Data Rollover,17-Aug-24,24-Apr-26
1501,₹1501.00 + GST ₹270.18 (18%) = ₹1771.18,Corporate,Vi Max 1501,23-Oct-24,NA,Active,"ANE, APR, BIH, DEL, GUJ, HAR, HP, J&K, KAR, KER, KOL, MAH, MPCG, MUM, NE, ORI, PUN, RAJ, ROB, TN, UPE, UPW, WB",UL Calls | 200GB Total (Full Validity) | 3000SMS | Unlimited 5G,26120553,3.Roaming Benefits,1.Roaming,National Roaming Free + IR Discount 15%,PLN-POST-00010,Postpaid,Corporate,Enterprise,Vi Max,Vodafone Idea,30,200GB Total (Full Validity),NA,200,GB,Unlimited Calls (Local+STD+NR),3000 SMS (Full Validity),3000,Yes,Yes,Yes,Netflix Standard + Amazon Prime,Free National Roaming + IR Discount,Discounted ISD Rate,NA,NA,Yes,64 Kbps,Call Center,MyApp | UPI,Pan India,23,Q3 FY2024-25,NA,Live,Yes,200GB/Validity,64 Kbps,Monthly Bill on Single Invoice | Priority Customer Care | Bundled OTT Subscriptions | Unused Data Rollover,17-Aug-24,24-Apr-26
1501,₹1501.00 + GST ₹270.18 (18%) = ₹1771.18,Corporate,Vi Max 1501,23-Oct-24,NA,Active,"ANE, APR, BIH, DEL, GUJ, HAR, HP, J&K, KAR, KER, KOL, MAH, MPCG, MUM, NE, ORI, PUN, RAJ, ROB, TN, UPE, UPW, WB",UL Calls | 200GB Total (Full Validity) | 3000SMS | Unlimited 5G,26120553,4.ISD Benefits,1.ISD,ISD Calls @ ₹1.50/min to Select Countries,PLN-POST-00010,Postpaid,Corporate,Enterprise,Vi Max,Vodafone Idea,30,200GB Total (Full Validity),NA,200,GB,Unlimited Calls (Local+STD+NR),3000 SMS (Full Validity),3000,Yes,Yes,Yes,Netflix Standard + Amazon Prime,Free National Roaming + IR Discount,Discounted ISD Rate,NA,NA,Yes,64 Kbps,Call Center,MyApp | UPI,Pan India,23,Q3 FY2024-25,NA,Live,Yes,200GB/Validity,64 Kbps,Monthly Bill on Single Invoice | Priority Customer Care | Bundled OTT Subscriptions | Unused Data Rollover,17-Aug-24,24-Apr-26
1501,₹1501.00 + GST ₹270.18 (18%) = ₹1771.18,Corporate,Vi Max 1501,23-Oct-24,NA,Active,"ANE, APR, BIH, DEL, GUJ, HAR, HP, J&K, KAR, KER, KOL, MAH, MPCG, MUM, NE, ORI, PUN, RAJ, ROB, TN, UPE, UPW, WB",UL Calls | 200GB Total (Full Validity) | 3000SMS | Unlimited 5G,26120553,5.Additional Benefits,1.Additional Benefits,Monthly Bill on Single Invoice | Priority Customer Care | Bundled OTT Subscriptions | Unused Data Rollover,PLN-POST-00010,Postpaid,Corporate,Enterprise,Vi Max,Vodafone Idea,30,200GB Total (Full Validity),NA,200,GB,Unlimited Calls (Local+STD+NR),3000 SMS (Full Validity),3000,Yes,Yes,Yes,Netflix Standard + Amazon Prime,Free National Roaming + IR Discount,Discounted ISD Rate,NA,NA,Yes,64 Kbps,Call Center,MyApp | UPI,Pan India,23,Q3 FY2024-25,NA,Live,Yes,200GB/Validity,64 Kbps,Monthly Bill on Single Invoice | Priority Customer Care | Bundled OTT Subscriptions | Unused Data Rollover,17-Aug-24,24-Apr-26
999,₹999.00 + GST ₹179.82 (18%) = ₹1178.82,Corporate,Vi Max 999,16-May-25,NA,Active,"DEL, HAR, J&K, RAJ, UPE, UPW",UL Calls | 120GB Total (Full Validity) | 3000SMS | Unlimited 5G,26121182,1.Telco Benefits,1.Voice,Unltd Local+STD+NR Calls,PLN-POST-00011,Postpaid,SME,Enterprise,Vi Max,Vodafone Idea,30,120GB Total (Full Validity),NA,120,GB,Unlimited Calls (Local+STD+NR),3000 SMS (Full Validity),3000,Yes,Yes,No,NA,Free National Roaming + IR Discount,Discounted ISD Rate,NA,NA,Yes,64 Kbps,USSD *199#,Website | Netbanking,North,6,Q1 FY2025-26,NA,Live,Yes,120GB/Validity,64 Kbps,Monthly Bill on Single Invoice | Unused Data Rollover,21-Feb-25,30-Jun-26
999,₹999.00 + GST ₹179.82 (18%) = ₹1178.82,Corporate,Vi Max 999,16-May-25,NA,Active,"DEL, HAR, J&K, RAJ, UPE, UPW",UL Calls | 120GB Total (Full Validity) | 3000SMS | Unlimited 5G,26121182,1.Telco Benefits,2.Data,120GB Total (Full Validity),PLN-POST-00011,Postpaid,SME,Enterprise,Vi Max,Vodafone Idea,30,120GB Total (Full Validity),NA,120,GB,Unlimited Calls (Local+STD+NR),3000 SMS (Full Validity),3000,Yes,Yes,No,NA,Free National Roaming + IR Discount,Discounted ISD Rate,NA,NA,Yes,64 Kbps,USSD *199#,Website | Netbanking,North,6,Q1 FY2025-26,NA,Live,Yes,120GB/Validity,64 Kbps,Monthly Bill on Single Invoice | Unused Data Rollover,21-Feb-25,30-Jun-26
999,₹999.00 + GST ₹179.82 (18%) = ₹1178.82,Corporate,Vi Max 999,16-May-25,NA,Active,"DEL, HAR, J&K, RAJ, UPE, UPW",UL Calls | 120GB Total (Full Validity) | 3000SMS | Unlimited 5G,26121182,1.Telco Benefits,2.Data,5G Data - Unlimited (5G-Enabled Cities Only),PLN-POST-00011,Postpaid,SME,Enterprise,Vi Max,Vodafone Idea,30,120GB Total (Full Validity),NA,120,GB,Unlimited Calls (Local+STD+NR),3000 SMS (Full Validity),3000,Yes,Yes,No,NA,Free National Roaming + IR Discount,Discounted ISD Rate,NA,NA,Yes,64 Kbps,USSD *199#,Website | Netbanking,North,6,Q1 FY2025-26,NA,Live,Yes,120GB/Validity,64 Kbps,Monthly Bill on Single Invoice | Unused Data Rollover,21-Feb-25,30-Jun-26
999,₹999.00 + GST ₹179.82 (18%) = ₹1178.82,Corporate,Vi Max 999,16-May-25,NA,Active,"DEL, HAR, J&K, RAJ, UPE, UPW",UL Calls | 120GB Total (Full Validity) | 3000SMS | Unlimited 5G,26121182,1.Telco Benefits,3.SMS,3000 Free SMS for Full Validity,PLN-POST-00011,Postpaid,SME,Enterprise,Vi Max,Vodafone Idea,30,120GB Total (Full Validity),NA,120,GB,Unlimited Calls (Local+STD+NR),3000 SMS (Full Validity),3000,Yes,Yes,No,NA,Free National Roaming + IR Discount,Discounted ISD Rate,NA,NA,Yes,64 Kbps,USSD *199#,Website | Netbanking,North,6,Q1 FY2025-26,NA,Live,Yes,120GB/Validity,64 Kbps,Monthly Bill on Single Invoice | Unused Data Rollover,21-Feb-25,30-Jun-26
999,₹999.00 + GST ₹179.82 (18%) = ₹1178.82,Corporate,Vi Max 999,16-May-25,NA,Active,"DEL, HAR, J&K, RAJ, UPE, UPW",UL Calls | 120GB Total (Full Validity) | 3000SMS | Unlimited 5G,26121182,1.Telco Benefits,4.Validity,30 Days Validity,PLN-POST-00011,Postpaid,SME,Enterprise,Vi Max,Vodafone Idea,30,120GB Total (Full Validity),NA,120,GB,Unlimited Calls (Local+STD+NR),3000 SMS (Full Validity),3000,Yes,Yes,No,NA,Free National Roaming + IR Discount,Discounted ISD Rate,NA,NA,Yes,64 Kbps,USSD *199#,Website | Netbanking,North,6,Q1 FY2025-26,NA,Live,Yes,120GB/Validity,64 Kbps,Monthly Bill on Single Invoice | Unused Data Rollover,21-Feb-25,30-Jun-26
999,₹999.00 + GST ₹179.82 (18%) = ₹1178.82,Corporate,Vi Max 999,16-May-25,NA,Active,"DEL, HAR, J&K, RAJ, UPE, UPW",UL Calls | 120GB Total (Full Validity) | 3000SMS | Unlimited 5G,26121182,1.Telco Benefits,5.FUP,Post 120GB/Validity FUP - Speed Reduced to 64 Kbps,PLN-POST-00011,Postpaid,SME,Enterprise,Vi Max,Vodafone Idea,30,120GB Total (Full Validity),NA,120,GB,Unlimited Calls (Local+STD+NR),3000 SMS (Full Validity),3000,Yes,Yes,No,NA,Free National Roaming + IR Discount,Discounted ISD Rate,NA,NA,Yes,64 Kbps,USSD *199#,Website | Netbanking,North,6,Q1 FY2025-26,NA,Live,Yes,120GB/Validity,64 Kbps,Monthly Bill on Single Invoice | Unused Data Rollover,21-Feb-25,30-Jun-26
999,₹999.00 + GST ₹179.82 (18%) = ₹1178.82,Corporate,Vi Max 999,16-May-25,NA,Active,"DEL, HAR, J&K, RAJ, UPE, UPW",UL Calls | 120GB Total (Full Validity) | 3000SMS | Unlimited 5G,26121182,3.Roaming Benefits,1.Roaming,Free National Roaming + 15% Off on IR Packs,PLN-POST-00011,Postpaid,SME,Enterprise,Vi Max,Vodafone Idea,30,120GB Total (Full Validity),NA,120,GB,Unlimited Calls (Local+STD+NR),3000 SMS (Full Validity),3000,Yes,Yes,No,NA,Free National Roaming + IR Discount,Discounted ISD Rate,NA,NA,Yes,64 Kbps,USSD *199#,Website | Netbanking,North,6,Q1 FY2025-26,NA,Live,Yes,120GB/Validity,64 Kbps,Monthly Bill on Single Invoice | Unused Data Rollover,21-Feb-25,30-Jun-26
999,₹999.00 + GST ₹179.82 (18%) = ₹1178.82,Corporate,Vi Max 999,16-May-25,NA,Active,"DEL, HAR, J&K, RAJ, UPE, UPW",UL Calls | 120GB Total (Full Validity) | 3000SMS | Unlimited 5G,26121182,4.ISD Benefits,1.ISD,ISD Rate: ₹1.50/min (Select Countries),PLN-POST-00011,Postpaid,SME,Enterprise,Vi Max,Vodafone Idea,30,120GB Total (Full Validity),NA,120,GB,Unlimited Calls (Local+STD+NR),3000 SMS (Full Validity),3000,Yes,Yes,No,NA,Free National Roaming + IR Discount,Discounted ISD Rate,NA,NA,Yes,64 Kbps,USSD *199#,Website | Netbanking,North,6,Q1 FY2025-26,NA,Live,Yes,120GB/Validity,64 Kbps,Monthly Bill on Single Invoice | Unused Data Rollover,21-Feb-25,30-Jun-26
999,₹999.00 + GST ₹179.82 (18%) = ₹1178.82,Corporate,Vi Max 999,16-May-25,NA,Active,"DEL, HAR, J&K, RAJ, UPE, UPW",UL Calls | 120GB Total (Full Validity) | 3000SMS | Unlimited 5G,26121182,5.Additional Benefits,1.Additional Benefits,Monthly Bill on Single Invoice | Unused Data Rollover,PLN-POST-00011,Postpaid,SME,Enterprise,Vi Max,Vodafone Idea,30,120GB Total (Full Validity),NA,120,GB,Unlimited Calls (Local+STD+NR),3000 SMS (Full Validity),3000,Yes,Yes,No,NA,Free National Roaming + IR Discount,Discounted ISD Rate,NA,NA,Yes,64 Kbps,USSD *199#,Website | Netbanking,North,6,Q1 FY2025-26,NA,Live,Yes,120GB/Validity,64 Kbps,Monthly Bill on Single Invoice | Unused Data Rollover,21-Feb-25,30-Jun-26
1999,₹1999.00 + GST ₹359.82 (18%) = ₹2358.82,Enterprise,Limitless Plan Vi Max 1999 UL,29-Jul-25,NA,Active,"ANE, APR, BIH, DEL, GUJ, HAR, HP, J&K, KAR, KER, KOL, MAH, MPCG, MUM, NE, ORI, PUN, RAJ, ROB, TN, UPE, UPW, WB",UL Calls | Limitless Data | 3000SMS | Unlimited 5G,26121535,1.Telco Benefits,1.Voice,UL Local & STD Calls incl. NR,PLN-POST-00012,Postpaid,Enterprise,Enterprise,Vi Max,Vodafone Idea,30,Limitless Data/month (bill-period),NA,500,GB,Unlimited Calls (Local+STD+NR),3000 SMS (Full Validity),3000,Yes,Yes,Yes,Netflix Standard + Amazon Prime,Free National Roaming + IR Discount,Discounted ISD Rate,NA,NA,No,5 Mbps,USSD *199#,MyApp | Debit Card,Pan India,23,Q2 FY2025-26,NA,Live,Yes,500GB/Month,5 Mbps,Monthly Bill on Single Invoice | Priority Customer Care | Bundled OTT Subscriptions,12-May-25,02-Oct-25
1999,₹1999.00 + GST ₹359.82 (18%) = ₹2358.82,Enterprise,Limitless Plan Vi Max 1999 UL,29-Jul-25,NA,Active,"ANE, APR, BIH, DEL, GUJ, HAR, HP, J&K, KAR, KER, KOL, MAH, MPCG, MUM, NE, ORI, PUN, RAJ, ROB, TN, UPE, UPW, WB",UL Calls | Limitless Data | 3000SMS | Unlimited 5G,26121535,1.Telco Benefits,2.Data,"UL Data (Monthly, Bill Cycle)",PLN-POST-00012,Postpaid,Enterprise,Enterprise,Vi Max,Vodafone Idea,30,Limitless Data/month (bill-period),NA,500,GB,Unlimited Calls (Local+STD+NR),3000 SMS (Full Validity),3000,Yes,Yes,Yes,Netflix Standard + Amazon Prime,Free National Roaming + IR Discount,Discounted ISD Rate,NA,NA,No,5 Mbps,USSD *199#,MyApp | Debit Card,Pan India,23,Q2 FY2025-26,NA,Live,Yes,500GB/Month,5 Mbps,Monthly Bill on Single Invoice | Priority Customer Care | Bundled OTT Subscriptions,12-May-25,02-Oct-25
1999,₹1999.00 + GST ₹359.82 (18%) = ₹2358.82,Enterprise,Limitless Plan Vi Max 1999 UL,29-Jul-25,NA,Active,"ANE, APR, BIH, DEL, GUJ, HAR, HP, J&K, KAR, KER, KOL, MAH, MPCG, MUM, NE, ORI, PUN, RAJ, ROB, TN, UPE, UPW, WB",UL Calls | Limitless Data | 3000SMS | Unlimited 5G,26121535,1.Telco Benefits,2.Data,Post-FUP(500GB) Browsing @ Reduced Speed,PLN-POST-00012,Postpaid,Enterprise,Enterprise,Vi Max,Vodafone Idea,30,Limitless Data/month (bill-period),NA,500,GB,Unlimited Calls (Local+STD+NR),3000 SMS (Full Validity),3000,Yes,Yes,Yes,Netflix Standard + Amazon Prime,Free National Roaming + IR Discount,Discounted ISD Rate,NA,NA,No,5 Mbps,USSD *199#,MyApp | Debit Card,Pan India,23,Q2 FY2025-26,NA,Live,Yes,500GB/Month,5 Mbps,Monthly Bill on Single Invoice | Priority Customer Care | Bundled OTT Subscriptions,12-May-25,02-Oct-25
1999,₹1999.00 + GST ₹359.82 (18%) = ₹2358.82,Enterprise,Limitless Plan Vi Max 1999 UL,29-Jul-25,NA,Active,"ANE, APR, BIH, DEL, GUJ, HAR, HP, J&K, KAR, KER, KOL, MAH, MPCG, MUM, NE, ORI, PUN, RAJ, ROB, TN, UPE, UPW, WB",UL Calls | Limitless Data | 3000SMS | Unlimited 5G,26121535,1.Telco Benefits,2.Data,No Daily Cap on Data Usage,PLN-POST-00012,Postpaid,Enterprise,Enterprise,Vi Max,Vodafone Idea,30,Limitless Data/month (bill-period),NA,500,GB,Unlimited Calls (Local+STD+NR),3000 SMS (Full Validity),3000,Yes,Yes,Yes,Netflix Standard + Amazon Prime,Free National Roaming + IR Discount,Discounted ISD Rate,NA,NA,No,5 Mbps,USSD *199#,MyApp | Debit Card,Pan India,23,Q2 FY2025-26,NA,Live,Yes,500GB/Month,5 Mbps,Monthly Bill on Single Invoice | Priority Customer Care | Bundled OTT Subscriptions,12-May-25,02-Oct-25
1999,₹1999.00 + GST ₹359.82 (18%) = ₹2358.82,Enterprise,Limitless Plan Vi Max 1999 UL,29-Jul-25,NA,Active,"ANE, APR, BIH, DEL, GUJ, HAR, HP, J&K, KAR, KER, KOL, MAH, MPCG, MUM, NE, ORI, PUN, RAJ, ROB, TN, UPE, UPW, WB",UL Calls | Limitless Data | 3000SMS | Unlimited 5G,26121535,1.Telco Benefits,2.Data,Unlimited 5G DATA in cities where 5G is launched,PLN-POST-00012,Postpaid,Enterprise,Enterprise,Vi Max,Vodafone Idea,30,Limitless Data/month (bill-period),NA,500,GB,Unlimited Calls (Local+STD+NR),3000 SMS (Full Validity),3000,Yes,Yes,Yes,Netflix Standard + Amazon Prime,Free National Roaming + IR Discount,Discounted ISD Rate,NA,NA,No,5 Mbps,USSD *199#,MyApp | Debit Card,Pan India,23,Q2 FY2025-26,NA,Live,Yes,500GB/Month,5 Mbps,Monthly Bill on Single Invoice | Priority Customer Care | Bundled OTT Subscriptions,12-May-25,02-Oct-25
1999,₹1999.00 + GST ₹359.82 (18%) = ₹2358.82,Enterprise,Limitless Plan Vi Max 1999 UL,29-Jul-25,NA,Active,"ANE, APR, BIH, DEL, GUJ, HAR, HP, J&K, KAR, KER, KOL, MAH, MPCG, MUM, NE, ORI, PUN, RAJ, ROB, TN, UPE, UPW, WB",UL Calls | Limitless Data | 3000SMS | Unlimited 5G,26121535,1.Telco Benefits,3.SMS,3K SMS Bundled,PLN-POST-00012,Postpaid,Enterprise,Enterprise,Vi Max,Vodafone Idea,30,Limitless Data/month (bill-period),NA,500,GB,Unlimited Calls (Local+STD+NR),3000 SMS (Full Validity),3000,Yes,Yes,Yes,Netflix Standard + Amazon Prime,Free National Roaming + IR Discount,Discounted ISD Rate,NA,NA,No,5 Mbps,USSD *199#,MyApp | Debit Card,Pan India,23,Q2 FY2025-26,NA,Live,Yes,500GB/Month,5 Mbps,Monthly Bill on Single Invoice | Priority Customer Care | Bundled OTT Subscriptions,12-May-25,02-Oct-25
1999,₹1999.00 + GST ₹359.82 (18%) = ₹2358.82,Enterprise,Limitless Plan Vi Max 1999 UL,29-Jul-25,NA,Active,"ANE, APR, BIH, DEL, GUJ, HAR, HP, J&K, KAR, KER, KOL, MAH, MPCG, MUM, NE, ORI, PUN, RAJ, ROB, TN, UPE, UPW, WB",UL Calls | Limitless Data | 3000SMS | Unlimited 5G,26121535,1.Telco Benefits,4.Validity,30 Days Validity,PLN-POST-00012,Postpaid,Enterprise,Enterprise,Vi Max,Vodafone Idea,30,Limitless Data/month (bill-period),NA,500,GB,Unlimited Calls (Local+STD+NR),3000 SMS (Full Validity),3000,Yes,Yes,Yes,Netflix Standard + Amazon Prime,Free National Roaming + IR Discount,Discounted ISD Rate,NA,NA,No,5 Mbps,USSD *199#,MyApp | Debit Card,Pan India,23,Q2 FY2025-26,NA,Live,Yes,500GB/Month,5 Mbps,Monthly Bill on Single Invoice | Priority Customer Care | Bundled OTT Subscriptions,12-May-25,02-Oct-25
1999,₹1999.00 + GST ₹359.82 (18%) = ₹2358.82,Enterprise,Limitless Plan Vi Max 1999 UL,29-Jul-25,NA,Active,"ANE, APR, BIH, DEL, GUJ, HAR, HP, J&K, KAR, KER, KOL, MAH, MPCG, MUM, NE, ORI, PUN, RAJ, ROB, TN, UPE, UPW, WB",UL Calls | Limitless Data | 3000SMS | Unlimited 5G,26121535,1.Telco Benefits,5.FUP,Beyond 500GB/Month: Speed Capped at 5 Mbps,PLN-POST-00012,Postpaid,Enterprise,Enterprise,Vi Max,Vodafone Idea,30,Limitless Data/month (bill-period),NA,500,GB,Unlimited Calls (Local+STD+NR),3000 SMS (Full Validity),3000,Yes,Yes,Yes,Netflix Standard + Amazon Prime,Free National Roaming + IR Discount,Discounted ISD Rate,NA,NA,No,5 Mbps,USSD *199#,MyApp | Debit Card,Pan India,23,Q2 FY2025-26,NA,Live,Yes,500GB/Month,5 Mbps,Monthly Bill on Single Invoice | Priority Customer Care | Bundled OTT Subscriptions,12-May-25,02-Oct-25
1999,₹1999.00 + GST ₹359.82 (18%) = ₹2358.82,Enterprise,Limitless Plan Vi Max 1999 UL,29-Jul-25,NA,Active,"ANE, APR, BIH, DEL, GUJ, HAR, HP, J&K, KAR, KER, KOL, MAH, MPCG, MUM, NE, ORI, PUN, RAJ, ROB, TN, UPE, UPW, WB",UL Calls | Limitless Data | 3000SMS | Unlimited 5G,26121535,2.OTT Benefits,1.OTT,Netflix (Standard Plan) + Prime Membership Included,PLN-POST-00012,Postpaid,Enterprise,Enterprise,Vi Max,Vodafone Idea,30,Limitless Data/month (bill-period),NA,500,GB,Unlimited Calls (Local+STD+NR),3000 SMS (Full Validity),3000,Yes,Yes,Yes,Netflix Standard + Amazon Prime,Free National Roaming + IR Discount,Discounted ISD Rate,NA,NA,No,5 Mbps,USSD *199#,MyApp | Debit Card,Pan India,23,Q2 FY2025-26,NA,Live,Yes,500GB/Month,5 Mbps,Monthly Bill on Single Invoice | Priority Customer Care | Bundled OTT Subscriptions,12-May-25,02-Oct-25
1999,₹1999.00 + GST ₹359.82 (18%) = ₹2358.82,Enterprise,Limitless Plan Vi Max 1999 UL,29-Jul-25,NA,Active,"ANE, APR, BIH, DEL, GUJ, HAR, HP, J&K, KAR, KER, KOL, MAH, MPCG, MUM, NE, ORI, PUN, RAJ, ROB, TN, UPE, UPW, WB",UL Calls | Limitless Data | 3000SMS | Unlimited 5G,26121535,3.Roaming Benefits,1.Roaming,National Roaming Free + IR Discount 15%,PLN-POST-00012,Postpaid,Enterprise,Enterprise,Vi Max,Vodafone Idea,30,Limitless Data/month (bill-period),NA,500,GB,Unlimited Calls (Local+STD+NR),3000 SMS (Full Validity),3000,Yes,Yes,Yes,Netflix Standard + Amazon Prime,Free National Roaming + IR Discount,Discounted ISD Rate,NA,NA,No,5 Mbps,USSD *199#,MyApp | Debit Card,Pan India,23,Q2 FY2025-26,NA,Live,Yes,500GB/Month,5 Mbps,Monthly Bill on Single Invoice | Priority Customer Care | Bundled OTT Subscriptions,12-May-25,02-Oct-25
1999,₹1999.00 + GST ₹359.82 (18%) = ₹2358.82,Enterprise,Limitless Plan Vi Max 1999 UL,29-Jul-25,NA,Active,"ANE, APR, BIH, DEL, GUJ, HAR, HP, J&K, KAR, KER, KOL, MAH, MPCG, MUM, NE, ORI, PUN, RAJ, ROB, TN, UPE, UPW, WB",UL Calls | Limitless Data | 3000SMS | Unlimited 5G,26121535,4.ISD Benefits,1.ISD,ISD Calls @ ₹1.50/min to Select Countries,PLN-POST-00012,Postpaid,Enterprise,Enterprise,Vi Max,Vodafone Idea,30,Limitless Data/month (bill-period),NA,500,GB,Unlimited Calls (Local+STD+NR),3000 SMS (Full Validity),3000,Yes,Yes,Yes,Netflix Standard + Amazon Prime,Free National Roaming + IR Discount,Discounted ISD Rate,NA,NA,No,5 Mbps,USSD *199#,MyApp | Debit Card,Pan India,23,Q2 FY2025-26,NA,Live,Yes,500GB/Month,5 Mbps,Monthly Bill on Single Invoice | Priority Customer Care | Bundled OTT Subscriptions,12-May-25,02-Oct-25
1999,₹1999.00 + GST ₹359.82 (18%) = ₹2358.82,Enterprise,Limitless Plan Vi Max 1999 UL,29-Jul-25,NA,Active,"ANE, APR, BIH, DEL, GUJ, HAR, HP, J&K, KAR, KER, KOL, MAH, MPCG, MUM, NE, ORI, PUN, RAJ, ROB, TN, UPE, UPW, WB",UL Calls | Limitless Data | 3000SMS | Unlimited 5G,26121535,5.Additional Benefits,1.Additional Benefits,Monthly Bill on Single Invoice | Priority Customer Care | Bundled OTT Subscriptions,PLN-POST-00012,Postpaid,Enterprise,Enterprise,Vi Max,Vodafone Idea,30,Limitless Data/month (bill-period),NA,500,GB,Unlimited Calls (Local+STD+NR),3000 SMS (Full Validity),3000,Yes,Yes,Yes,Netflix Standard + Amazon Prime,Free National Roaming + IR Discount,Discounted ISD Rate,NA,NA,No,5 Mbps,USSD *199#,MyApp | Debit Card,Pan India,23,Q2 FY2025-26,NA,Live,Yes,500GB/Month,5 Mbps,Monthly Bill on Single Invoice | Priority Customer Care | Bundled OTT Subscriptions,12-May-25,02-Oct-25
1499,₹1499.00 (GST Inclusive @18% | Base ₹1270.34 + GST ₹228.66),Unlimited,Limitless Plan Vi Hero Unlimited 1499 UL (Legacy),22-Apr-23,13-Mar-25,Inactive,"ANE, APR, KAR, KER, TN",UL Calls | Limitless Data | 100 SMS/Day | Unlimited 5G,26122146,1.Telco Benefits,1.Voice,Unlimited Calls (Local+STD+NR),PLN-PRE-00031,Prepaid,Retail,Premium,Vi Hero Unlimited,Vodafone Idea,84,Limitless Data/month (bill-period),NA,225,GB,Unlimited Calls (Local+STD+NR),100 SMS/Day,8400,Yes,Yes,No,NA,Free National Roaming,NA,NA,NA,No,5 Mbps,Call Center,MyApp | Debit Card,South,5,Q1 FY2023-24,Migrated to 5G Pack Portfolio,Grandfathered,Yes,225GB/Month,5 Mbps,Vi Movies & TV Access,23-Mar-23,15-Apr-25
1499,₹1499.00 (GST Inclusive @18% | Base ₹1270.34 + GST ₹228.66),Unlimited,Limitless Plan Vi Hero Unlimited 1499 UL (Legacy),22-Apr-23,13-Mar-25,Inactive,"ANE, APR, KAR, KER, TN",UL Calls | Limitless Data | 100 SMS/Day | Unlimited 5G,26122146,1.Telco Benefits,2.Data,"a) Limitless Data/month (bill-period)
b) Speed Reduced After 225GB
c) No Daily Data Limits
d) Unlimited 5G DATA in cities where 5G is launched",PLN-PRE-00031,Prepaid,Retail,Premium,Vi Hero Unlimited,Vodafone Idea,84,Limitless Data/month (bill-period),NA,225,GB,Unlimited Calls (Local+STD+NR),100 SMS/Day,8400,Yes,Yes,No,NA,Free National Roaming,NA,NA,NA,No,5 Mbps,Call Center,MyApp | Debit Card,South,5,Q1 FY2023-24,Migrated to 5G Pack Portfolio,Grandfathered,Yes,225GB/Month,5 Mbps,Vi Movies & TV Access,23-Mar-23,15-Apr-25
1499,₹1499.00 (GST Inclusive @18% | Base ₹1270.34 + GST ₹228.66),Unlimited,Limitless Plan Vi Hero Unlimited 1499 UL (Legacy),22-Apr-23,13-Mar-25,Inactive,"ANE, APR, KAR, KER, TN",UL Calls | Limitless Data | 100 SMS/Day | Unlimited 5G,26122146,1.Telco Benefits,3.SMS,100 SMS/Day,PLN-PRE-00031,Prepaid,Retail,Premium,Vi Hero Unlimited,Vodafone Idea,84,Limitless Data/month (bill-period),NA,225,GB,Unlimited Calls (Local+STD+NR),100 SMS/Day,8400,Yes,Yes,No,NA,Free National Roaming,NA,NA,NA,No,5 Mbps,Call Center,MyApp | Debit Card,South,5,Q1 FY2023-24,Migrated to 5G Pack Portfolio,Grandfathered,Yes,225GB/Month,5 Mbps,Vi Movies & TV Access,23-Mar-23,15-Apr-25
1499,₹1499.00 (GST Inclusive @18% | Base ₹1270.34 + GST ₹228.66),Unlimited,Limitless Plan Vi Hero Unlimited 1499 UL (Legacy),22-Apr-23,13-Mar-25,Inactive,"ANE, APR, KAR, KER, TN",UL Calls | Limitless Data | 100 SMS/Day | Unlimited 5G,26122146,1.Telco Benefits,4.Validity,84 Days Validity,PLN-PRE-00031,Prepaid,Retail,Premium,Vi Hero Unlimited,Vodafone Idea,84,Limitless Data/month (bill-period),NA,225,GB,Unlimited Calls (Local+STD+NR),100 SMS/Day,8400,Yes,Yes,No,NA,Free National Roaming,NA,NA,NA,No,5 Mbps,Call Center,MyApp | Debit Card,South,5,Q1 FY2023-24,Migrated to 5G Pack Portfolio,Grandfathered,Yes,225GB/Month,5 Mbps,Vi Movies & TV Access,23-Mar-23,15-Apr-25
1499,₹1499.00 (GST Inclusive @18% | Base ₹1270.34 + GST ₹228.66),Unlimited,Limitless Plan Vi Hero Unlimited 1499 UL (Legacy),22-Apr-23,13-Mar-25,Inactive,"ANE, APR, KAR, KER, TN",UL Calls | Limitless Data | 100 SMS/Day | Unlimited 5G,26122146,1.Telco Benefits,5.FUP,"FUP Limit 225GB/Month, Throttled to 5 Mbps Thereafter",PLN-PRE-00031,Prepaid,Retail,Premium,Vi Hero Unlimited,Vodafone Idea,84,Limitless Data/month (bill-period),NA,225,GB,Unlimited Calls (Local+STD+NR),100 SMS/Day,8400,Yes,Yes,No,NA,Free National Roaming,NA,NA,NA,No,5 Mbps,Call Center,MyApp | Debit Card,South,5,Q1 FY2023-24,Migrated to 5G Pack Portfolio,Grandfathered,Yes,225GB/Month,5 Mbps,Vi Movies & TV Access,23-Mar-23,15-Apr-25
1499,₹1499.00 (GST Inclusive @18% | Base ₹1270.34 + GST ₹228.66),Unlimited,Limitless Plan Vi Hero Unlimited 1499 UL (Legacy),22-Apr-23,13-Mar-25,Inactive,"ANE, APR, KAR, KER, TN",UL Calls | Limitless Data | 100 SMS/Day | Unlimited 5G,26122146,3.Roaming Benefits,1.Roaming,Free National Roaming (Incoming+Outgoing),PLN-PRE-00031,Prepaid,Retail,Premium,Vi Hero Unlimited,Vodafone Idea,84,Limitless Data/month (bill-period),NA,225,GB,Unlimited Calls (Local+STD+NR),100 SMS/Day,8400,Yes,Yes,No,NA,Free National Roaming,NA,NA,NA,No,5 Mbps,Call Center,MyApp | Debit Card,South,5,Q1 FY2023-24,Migrated to 5G Pack Portfolio,Grandfathered,Yes,225GB/Month,5 Mbps,Vi Movies & TV Access,23-Mar-23,15-Apr-25
1499,₹1499.00 (GST Inclusive @18% | Base ₹1270.34 + GST ₹228.66),Unlimited,Limitless Plan Vi Hero Unlimited 1499 UL (Legacy),22-Apr-23,13-Mar-25,Inactive,"ANE, APR, KAR, KER, TN",UL Calls | Limitless Data | 100 SMS/Day | Unlimited 5G,26122146,5.Additional Benefits,1.Additional Benefits,Vi Movies & TV Access,PLN-PRE-00031,Prepaid,Retail,Premium,Vi Hero Unlimited,Vodafone Idea,84,Limitless Data/month (bill-period),NA,225,GB,Unlimited Calls (Local+STD+NR),100 SMS/Day,8400,Yes,Yes,No,NA,Free National Roaming,NA,NA,NA,No,5 Mbps,Call Center,MyApp | Debit Card,South,5,Q1 FY2023-24,Migrated to 5G Pack Portfolio,Grandfathered,Yes,225GB/Month,5 Mbps,Vi Movies & TV Access,23-Mar-23,15-Apr-25
249,₹249.00 (GST Inclusive @18% | Base ₹211.02 + GST ₹37.98),Unlimited,Vi Hero Unlimited 249 (Legacy),02-Aug-23,05-Nov-25,Inactive,"ANE, APR, BIH, DEL, GUJ, HAR, HP, J&K, KAR, KER, KOL, MAH, MPCG, MUM, NE, ORI, PUN, RAJ, ROB, TN, UPE, UPW, WB",UL Calls | 1GB/Day High-Speed Data | 100 SMS/Day,26122798,1.Telco Benefits,1.Voice,UL Calls (Local/STD/National Roaming),PLN-PRE-00032,Prepaid,Retail,Mass,Vi Hero Unlimited,Vodafone Idea,28,1GB/Day High-Speed Data,1,28,GB,Unlimited Calls (Local+STD+NR),100 SMS/Day,2800,No,Yes,No,NA,Free National Roaming,NA,NA,NA,No,64 Kbps,Call Center,MyApp | Debit Card,Pan India,23,Q2 FY2023-24,Circle-wise Pack Harmonisation,Grandfathered,Yes,1GB/Day,64 Kbps,Vi Movies & TV Access,21-Jun-23,09-Dec-25
249,₹249.00 (GST Inclusive @18% | Base ₹211.02 + GST ₹37.98),Unlimited,Vi Hero Unlimited 249 (Legacy),02-Aug-23,05-Nov-25,Inactive,"ANE, APR, BIH, DEL, GUJ, HAR, HP, J&K, KAR, KER, KOL, MAH, MPCG, MUM, NE, ORI, PUN, RAJ, ROB, TN, UPE, UPW, WB",UL Calls | 1GB/Day High-Speed Data | 100 SMS/Day,26122798,1.Telco Benefits,2.Data,1GB/Day High-Speed Data,PLN-PRE-00032,Prepaid,Retail,Mass,Vi Hero Unlimited,Vodafone Idea,28,1GB/Day High-Speed Data,1,28,GB,Unlimited Calls (Local+STD+NR),100 SMS/Day,2800,No,Yes,No,NA,Free National Roaming,NA,NA,NA,No,64 Kbps,Call Center,MyApp | Debit Card,Pan India,23,Q2 FY2023-24,Circle-wise Pack Harmonisation,Grandfathered,Yes,1GB/Day,64 Kbps,Vi Movies & TV Access,21-Jun-23,09-Dec-25
249,₹249.00 (GST Inclusive @18% | Base ₹211.02 + GST ₹37.98),Unlimited,Vi Hero Unlimited 249 (Legacy),02-Aug-23,05-Nov-25,Inactive,"ANE, APR, BIH, DEL, GUJ, HAR, HP, J&K, KAR, KER, KOL, MAH, MPCG, MUM, NE, ORI, PUN, RAJ, ROB, TN, UPE, UPW, WB",UL Calls | 1GB/Day High-Speed Data | 100 SMS/Day,26122798,1.Telco Benefits,2.Data,64 Kbps Post Daily Limit,PLN-PRE-00032,Prepaid,Retail,Mass,Vi Hero Unlimited,Vodafone Idea,28,1GB/Day High-Speed Data,1,28,GB,Unlimited Calls (Local+STD+NR),100 SMS/Day,2800,No,Yes,No,NA,Free National Roaming,NA,NA,NA,No,64 Kbps,Call Center,MyApp | Debit Card,Pan India,23,Q2 FY2023-24,Circle-wise Pack Harmonisation,Grandfathered,Yes,1GB/Day,64 Kbps,Vi Movies & TV Access,21-Jun-23,09-Dec-25
249,₹249.00 (GST Inclusive @18% | Base ₹211.02 + GST ₹37.98),Unlimited,Vi Hero Unlimited 249 (Legacy),02-Aug-23,05-Nov-25,Inactive,"ANE, APR, BIH, DEL, GUJ, HAR, HP, J&K, KAR, KER, KOL, MAH, MPCG, MUM, NE, ORI, PUN, RAJ, ROB, TN, UPE, UPW, WB",UL Calls | 1GB/Day High-Speed Data | 100 SMS/Day,26122798,1.Telco Benefits,3.SMS,100 SMS Per Day,PLN-PRE-00032,Prepaid,Retail,Mass,Vi Hero Unlimited,Vodafone Idea,28,1GB/Day High-Speed Data,1,28,GB,Unlimited Calls (Local+STD+NR),100 SMS/Day,2800,No,Yes,No,NA,Free National Roaming,NA,NA,NA,No,64 Kbps,Call Center,MyApp | Debit Card,Pan India,23,Q2 FY2023-24,Circle-wise Pack Harmonisation,Grandfathered,Yes,1GB/Day,64 Kbps,Vi Movies & TV Access,21-Jun-23,09-Dec-25
249,₹249.00 (GST Inclusive @18% | Base ₹211.02 + GST ₹37.98),Unlimited,Vi Hero Unlimited 249 (Legacy),02-Aug-23,05-Nov-25,Inactive,"ANE, APR, BIH, DEL, GUJ, HAR, HP, J&K, KAR, KER, KOL, MAH, MPCG, MUM, NE, ORI, PUN, RAJ, ROB, TN, UPE, UPW, WB",UL Calls | 1GB/Day High-Speed Data | 100 SMS/Day,26122798,1.Telco Benefits,4.Validity,Validity: 28 Days,PLN-PRE-00032,Prepaid,Retail,Mass,Vi Hero Unlimited,Vodafone Idea,28,1GB/Day High-Speed Data,1,28,GB,Unlimited Calls (Local+STD+NR),100 SMS/Day,2800,No,Yes,No,NA,Free National Roaming,NA,NA,NA,No,64 Kbps,Call Center,MyApp | Debit Card,Pan India,23,Q2 FY2023-24,Circle-wise Pack Harmonisation,Grandfathered,Yes,1GB/Day,64 Kbps,Vi Movies & TV Access,21-Jun-23,09-Dec-25
249,₹249.00 (GST Inclusive @18% | Base ₹211.02 + GST ₹37.98),Unlimited,Vi Hero Unlimited 249 (Legacy),02-Aug-23,05-Nov-25,Inactive,"ANE, APR, BIH, DEL, GUJ, HAR, HP, J&K, KAR, KER, KOL, MAH, MPCG, MUM, NE, ORI, PUN, RAJ, ROB, TN, UPE, UPW, WB",UL Calls | 1GB/Day High-Speed Data | 100 SMS/Day,26122798,1.Telco Benefits,5.FUP,"FUP Limit 1GB/Day, Throttled to 64 Kbps Thereafter",PLN-PRE-00032,Prepaid,Retail,Mass,Vi Hero Unlimited,Vodafone Idea,28,1GB/Day High-Speed Data,1,28,GB,Unlimited Calls (Local+STD+NR),100 SMS/Day,2800,No,Yes,No,NA,Free National Roaming,NA,NA,NA,No,64 Kbps,Call Center,MyApp | Debit Card,Pan India,23,Q2 FY2023-24,Circle-wise Pack Harmonisation,Grandfathered,Yes,1GB/Day,64 Kbps,Vi Movies & TV Access,21-Jun-23,09-Dec-25
249,₹249.00 (GST Inclusive @18% | Base ₹211.02 + GST ₹37.98),Unlimited,Vi Hero Unlimited 249 (Legacy),02-Aug-23,05-Nov-25,Inactive,"ANE, APR, BIH, DEL, GUJ, HAR, HP, J&K, KAR, KER, KOL, MAH, MPCG, MUM, NE, ORI, PUN, RAJ, ROB, TN, UPE, UPW, WB",UL Calls | 1GB/Day High-Speed Data | 100 SMS/Day,26122798,3.Roaming Benefits,1.Roaming,Free National Roaming (Incoming+Outgoing),PLN-PRE-00032,Prepaid,Retail,Mass,Vi Hero Unlimited,Vodafone Idea,28,1GB/Day High-Speed Data,1,28,GB,Unlimited Calls (Local+STD+NR),100 SMS/Day,2800,No,Yes,No,NA,Free National Roaming,NA,NA,NA,No,64 Kbps,Call Center,MyApp | Debit Card,Pan India,23,Q2 FY2023-24,Circle-wise Pack Harmonisation,Grandfathered,Yes,1GB/Day,64 Kbps,Vi Movies & TV Access,21-Jun-23,09-Dec-25
249,₹249.00 (GST Inclusive @18% | Base ₹211.02 + GST ₹37.98),Unlimited,Vi Hero Unlimited 249 (Legacy),02-Aug-23,05-Nov-25,Inactive,"ANE, APR, BIH, DEL, GUJ, HAR, HP, J&K, KAR, KER, KOL, MAH, MPCG, MUM, NE, ORI, PUN, RAJ, ROB, TN, UPE, UPW, WB",UL Calls | 1GB/Day High-Speed Data | 100 SMS/Day,26122798,5.Additional Benefits,1.Additional Benefits,Vi Movies & TV Access,PLN-PRE-00032,Prepaid,Retail,Mass,Vi Hero Unlimited,Vodafone Idea,28,1GB/Day High-Speed Data,1,28,GB,Unlimited Calls (Local+STD+NR),100 SMS/Day,2800,No,Yes,No,NA,Free National Roaming,NA,NA,NA,No,64 Kbps,Call Center,MyApp | Debit Card,Pan India,23,Q2 FY2023-24,Circle-wise Pack Harmonisation,Grandfathered,Yes,1GB/Day,64 Kbps,Vi Movies & TV Access,21-Jun-23,09-Dec-25
549,₹549.00 (GST Inclusive @18% | Base ₹465.25 + GST ₹83.75),Unlimited,Vi Hero Unlimited 549 (Legacy),26-Dec-23,25-Dec-24,Inactive,"ANE, APR, BIH, DEL, GUJ, HAR, HP, J&K, KAR, KER, KOL, MAH, MPCG, MUM, NE, ORI, PUN, RAJ, ROB, TN, UPE, UPW, WB",UL Calls | 1.5GB/Day High-Speed Data | 100 SMS/Day | Unlimited 5G,26123137,1.Telco Benefits,1.Voice,UL Local & STD Calls incl. NR,PLN-PRE-00033,Prepaid,Retail,Value,Vi Hero Unlimited,Vodafone Idea,56,1.5GB/Day High-Speed Data,1.5,84,GB,Unlimited Calls (Local+STD+NR),100 SMS/Day,5600,Yes,Yes,No,NA,Free National Roaming,NA,NA,NA,No,64 Kbps,Retail Outlet,MyApp | UPI,Pan India,23,Q3 FY2023-24,Migrated to 5G Pack Portfolio,Withdrawn,Yes,1.5GB/Day,64 Kbps,Vi Movies & TV Access,01-Nov-23,07-Jan-25
549,₹549.00 (GST Inclusive @18% | Base ₹465.25 + GST ₹83.75),Unlimited,Vi Hero Unlimited 549 (Legacy),26-Dec-23,25-Dec-24,Inactive,"ANE, APR, BIH, DEL, GUJ, HAR, HP, J&K, KAR, KER, KOL, MAH, MPCG, MUM, NE, ORI, PUN, RAJ, ROB, TN, UPE, UPW, WB",UL Calls | 1.5GB/Day High-Speed Data | 100 SMS/Day | Unlimited 5G,26123137,1.Telco Benefits,2.Data,1.5GB High Speed Data Per Day,PLN-PRE-00033,Prepaid,Retail,Value,Vi Hero Unlimited,Vodafone Idea,56,1.5GB/Day High-Speed Data,1.5,84,GB,Unlimited Calls (Local+STD+NR),100 SMS/Day,5600,Yes,Yes,No,NA,Free National Roaming,NA,NA,NA,No,64 Kbps,Retail Outlet,MyApp | UPI,Pan India,23,Q3 FY2023-24,Migrated to 5G Pack Portfolio,Withdrawn,Yes,1.5GB/Day,64 Kbps,Vi Movies & TV Access,01-Nov-23,07-Jan-25
549,₹549.00 (GST Inclusive @18% | Base ₹465.25 + GST ₹83.75),Unlimited,Vi Hero Unlimited 549 (Legacy),26-Dec-23,25-Dec-24,Inactive,"ANE, APR, BIH, DEL, GUJ, HAR, HP, J&K, KAR, KER, KOL, MAH, MPCG, MUM, NE, ORI, PUN, RAJ, ROB, TN, UPE, UPW, WB",UL Calls | 1.5GB/Day High-Speed Data | 100 SMS/Day | Unlimited 5G,26123137,1.Telco Benefits,2.Data,Reduced Speed (64kbps) After Daily Data Exhausted,PLN-PRE-00033,Prepaid,Retail,Value,Vi Hero Unlimited,Vodafone Idea,56,1.5GB/Day High-Speed Data,1.5,84,GB,Unlimited Calls (Local+STD+NR),100 SMS/Day,5600,Yes,Yes,No,NA,Free National Roaming,NA,NA,NA,No,64 Kbps,Retail Outlet,MyApp | UPI,Pan India,23,Q3 FY2023-24,Migrated to 5G Pack Portfolio,Withdrawn,Yes,1.5GB/Day,64 Kbps,Vi Movies & TV Access,01-Nov-23,07-Jan-25
549,₹549.00 (GST Inclusive @18% | Base ₹465.25 + GST ₹83.75),Unlimited,Vi Hero Unlimited 549 (Legacy),26-Dec-23,25-Dec-24,Inactive,"ANE, APR, BIH, DEL, GUJ, HAR, HP, J&K, KAR, KER, KOL, MAH, MPCG, MUM, NE, ORI, PUN, RAJ, ROB, TN, UPE, UPW, WB",UL Calls | 1.5GB/Day High-Speed Data | 100 SMS/Day | Unlimited 5G,26123137,1.Telco Benefits,2.Data,Unlimited 5G Browsing in 5G Coverage Areas,PLN-PRE-00033,Prepaid,Retail,Value,Vi Hero Unlimited,Vodafone Idea,56,1.5GB/Day High-Speed Data,1.5,84,GB,Unlimited Calls (Local+STD+NR),100 SMS/Day,5600,Yes,Yes,No,NA,Free National Roaming,NA,NA,NA,No,64 Kbps,Retail Outlet,MyApp | UPI,Pan India,23,Q3 FY2023-24,Migrated to 5G Pack Portfolio,Withdrawn,Yes,1.5GB/Day,64 Kbps,Vi Movies & TV Access,01-Nov-23,07-Jan-25
549,₹549.00 (GST Inclusive @18% | Base ₹465.25 + GST ₹83.75),Unlimited,Vi Hero Unlimited 549 (Legacy),26-Dec-23,25-Dec-24,Inactive,"ANE, APR, BIH, DEL, GUJ, HAR, HP, J&K, KAR, KER, KOL, MAH, MPCG, MUM, NE, ORI, PUN, RAJ, ROB, TN, UPE, UPW, WB",UL Calls | 1.5GB/Day High-Speed Data | 100 SMS/Day | Unlimited 5G,26123137,1.Telco Benefits,3.SMS,100 SMS Per Day,PLN-PRE-00033,Prepaid,Retail,Value,Vi Hero Unlimited,Vodafone Idea,56,1.5GB/Day High-Speed Data,1.5,84,GB,Unlimited Calls (Local+STD+NR),100 SMS/Day,5600,Yes,Yes,No,NA,Free National Roaming,NA,NA,NA,No,64 Kbps,Retail Outlet,MyApp | UPI,Pan India,23,Q3 FY2023-24,Migrated to 5G Pack Portfolio,Withdrawn,Yes,1.5GB/Day,64 Kbps,Vi Movies & TV Access,01-Nov-23,07-Jan-25
549,₹549.00 (GST Inclusive @18% | Base ₹465.25 + GST ₹83.75),Unlimited,Vi Hero Unlimited 549 (Legacy),26-Dec-23,25-Dec-24,Inactive,"ANE, APR, BIH, DEL, GUJ, HAR, HP, J&K, KAR, KER, KOL, MAH, MPCG, MUM, NE, ORI, PUN, RAJ, ROB, TN, UPE, UPW, WB",UL Calls | 1.5GB/Day High-Speed Data | 100 SMS/Day | Unlimited 5G,26123137,1.Telco Benefits,4.Validity,56 Days Validity,PLN-PRE-00033,Prepaid,Retail,Value,Vi Hero Unlimited,Vodafone Idea,56,1.5GB/Day High-Speed Data,1.5,84,GB,Unlimited Calls (Local+STD+NR),100 SMS/Day,5600,Yes,Yes,No,NA,Free National Roaming,NA,NA,NA,No,64 Kbps,Retail Outlet,MyApp | UPI,Pan India,23,Q3 FY2023-24,Migrated to 5G Pack Portfolio,Withdrawn,Yes,1.5GB/Day,64 Kbps,Vi Movies & TV Access,01-Nov-23,07-Jan-25
549,₹549.00 (GST Inclusive @18% | Base ₹465.25 + GST ₹83.75),Unlimited,Vi Hero Unlimited 549 (Legacy),26-Dec-23,25-Dec-24,Inactive,"ANE, APR, BIH, DEL, GUJ, HAR, HP, J&K, KAR, KER, KOL, MAH, MPCG, MUM, NE, ORI, PUN, RAJ, ROB, TN, UPE, UPW, WB",UL Calls | 1.5GB/Day High-Speed Data | 100 SMS/Day | Unlimited 5G,26123137,1.Telco Benefits,5.FUP,"FUP Limit 1.5GB/Day, Throttled to 64 Kbps Thereafter",PLN-PRE-00033,Prepaid,Retail,Value,Vi Hero Unlimited,Vodafone Idea,56,1.5GB/Day High-Speed Data,1.5,84,GB,Unlimited Calls (Local+STD+NR),100 SMS/Day,5600,Yes,Yes,No,NA,Free National Roaming,NA,NA,NA,No,64 Kbps,Retail Outlet,MyApp | UPI,Pan India,23,Q3 FY2023-24,Migrated to 5G Pack Portfolio,Withdrawn,Yes,1.5GB/Day,64 Kbps,Vi Movies & TV Access,01-Nov-23,07-Jan-25
549,₹549.00 (GST Inclusive @18% | Base ₹465.25 + GST ₹83.75),Unlimited,Vi Hero Unlimited 549 (Legacy),26-Dec-23,25-Dec-24,Inactive,"ANE, APR, BIH, DEL, GUJ, HAR, HP, J&K, KAR, KER, KOL, MAH, MPCG, MUM, NE, ORI, PUN, RAJ, ROB, TN, UPE, UPW, WB",UL Calls | 1.5GB/Day High-Speed Data | 100 SMS/Day | Unlimited 5G,26123137,3.Roaming Benefits,1.Roaming,Domestic Roaming Free (In & Out),PLN-PRE-00033,Prepaid,Retail,Value,Vi Hero Unlimited,Vodafone Idea,56,1.5GB/Day High-Speed Data,1.5,84,GB,Unlimited Calls (Local+STD+NR),100 SMS/Day,5600,Yes,Yes,No,NA,Free National Roaming,NA,NA,NA,No,64 Kbps,Retail Outlet,MyApp | UPI,Pan India,23,Q3 FY2023-24,Migrated to 5G Pack Portfolio,Withdrawn,Yes,1.5GB/Day,64 Kbps,Vi Movies & TV Access,01-Nov-23,07-Jan-25
549,₹549.00 (GST Inclusive @18% | Base ₹465.25 + GST ₹83.75),Unlimited,Vi Hero Unlimited 549 (Legacy),26-Dec-23,25-Dec-24,Inactive,"ANE, APR, BIH, DEL, GUJ, HAR, HP, J&K, KAR, KER, KOL, MAH, MPCG, MUM, NE, ORI, PUN, RAJ, ROB, TN, UPE, UPW, WB",UL Calls | 1.5GB/Day High-Speed Data | 100 SMS/Day | Unlimited 5G,26123137,5.Additional Benefits,1.Additional Benefits,Vi Movies & TV Access,PLN-PRE-00033,Prepaid,Retail,Value,Vi Hero Unlimited,Vodafone Idea,56,1.5GB/Day High-Speed Data,1.5,84,GB,Unlimited Calls (Local+STD+NR),100 SMS/Day,5600,Yes,Yes,No,NA,Free National Roaming,NA,NA,NA,No,64 Kbps,Retail Outlet,MyApp | UPI,Pan India,23,Q3 FY2023-24,Migrated to 5G Pack Portfolio,Withdrawn,Yes,1.5GB/Day,64 Kbps,Vi Movies & TV Access,01-Nov-23,07-Jan-25
181,₹181.00 (GST Inclusive @18% | Base ₹153.39 + GST ₹27.61),Data,Vi Hero Unlimited Data Booster 181 (Legacy),20-May-23,14-Feb-24,Inactive,"GUJ, MAH, MUM",Data Only | 18.75GB Total (Full Validity),26123483,1.Telco Benefits,1.Voice,No Voice Benefit (Data Only Pack),PLN-PRE-00034,Prepaid,Retail,Data Add-On,Vi Hero Unlimited,Vodafone Idea,28,18.75GB Total (Full Validity),NA,18.75,GB,No Voice Benefit (Data Only Pack),No SMS Benefit,0,No,Yes,No,NA,NA,NA,NA,NA,No,64 Kbps,MyApp,Retail Outlet | Cash,West,3,Q1 FY2023-24,Low Subscriber Uptake,Withdrawn,No,18.75GB/Validity,64 Kbps,NA,23-Apr-23,13-Mar-24
181,₹181.00 (GST Inclusive @18% | Base ₹153.39 + GST ₹27.61),Data,Vi Hero Unlimited Data Booster 181 (Legacy),20-May-23,14-Feb-24,Inactive,"GUJ, MAH, MUM",Data Only | 18.75GB Total (Full Validity),26123483,1.Telco Benefits,2.Data,18.75GB Data Pack (Validity Based),PLN-PRE-00034,Prepaid,Retail,Data Add-On,Vi Hero Unlimited,Vodafone Idea,28,18.75GB Total (Full Validity),NA,18.75,GB,No Voice Benefit (Data Only Pack),No SMS Benefit,0,No,Yes,No,NA,NA,NA,NA,NA,No,64 Kbps,MyApp,Retail Outlet | Cash,West,3,Q1 FY2023-24,Low Subscriber Uptake,Withdrawn,No,18.75GB/Validity,64 Kbps,NA,23-Apr-23,13-Mar-24
181,₹181.00 (GST Inclusive @18% | Base ₹153.39 + GST ₹27.61),Data,Vi Hero Unlimited Data Booster 181 (Legacy),20-May-23,14-Feb-24,Inactive,"GUJ, MAH, MUM",Data Only | 18.75GB Total (Full Validity),26123483,1.Telco Benefits,4.Validity,28 Days Validity,PLN-PRE-00034,Prepaid,Retail,Data Add-On,Vi Hero Unlimited,Vodafone Idea,28,18.75GB Total (Full Validity),NA,18.75,GB,No Voice Benefit (Data Only Pack),No SMS Benefit,0,No,Yes,No,NA,NA,NA,NA,NA,No,64 Kbps,MyApp,Retail Outlet | Cash,West,3,Q1 FY2023-24,Low Subscriber Uptake,Withdrawn,No,18.75GB/Validity,64 Kbps,NA,23-Apr-23,13-Mar-24
181,₹181.00 (GST Inclusive @18% | Base ₹153.39 + GST ₹27.61),Data,Vi Hero Unlimited Data Booster 181 (Legacy),20-May-23,14-Feb-24,Inactive,"GUJ, MAH, MUM",Data Only | 18.75GB Total (Full Validity),26123483,1.Telco Benefits,5.FUP,Post 18.75GB/Validity FUP - Speed Reduced to 64 Kbps,PLN-PRE-00034,Prepaid,Retail,Data Add-On,Vi Hero Unlimited,Vodafone Idea,28,18.75GB Total (Full Validity),NA,18.75,GB,No Voice Benefit (Data Only Pack),No SMS Benefit,0,No,Yes,No,NA,NA,NA,NA,NA,No,64 Kbps,MyApp,Retail Outlet | Cash,West,3,Q1 FY2023-24,Low Subscriber Uptake,Withdrawn,No,18.75GB/Validity,64 Kbps,NA,23-Apr-23,13-Mar-24
149,₹149.00 (GST Inclusive @18% | Base ₹126.27 + GST ₹22.73),Unlimited,Vi Hero Unlimited 149 (Legacy),03-May-23,30-Mar-25,Inactive,"DEL, HAR, J&K, PUN, RAJ, UPE",UL Calls | 0.5GB/Day High-Speed Data | 100 SMS/Day,26123953,1.Telco Benefits,1.Voice,Unlimited Calls (Local+STD+NR),PLN-PRE-00035,Prepaid,Retail,Entry,Vi Hero Unlimited,Vodafone Idea,20,0.5GB/Day High-Speed Data,0.5,10,GB,Unlimited Calls (Local+STD+NR),100 SMS/Day,2000,No,Yes,No,NA,Free National Roaming,NA,NA,NA,No,64 Kbps,Retail Outlet,Retail Outlet | Cash,North,6,Q1 FY2023-24,Regulatory Tariff Revision,Grandfathered,Yes,0.5GB/Day,64 Kbps,Vi Movies & TV Access,13-Feb-23,13-May-25
149,₹149.00 (GST Inclusive @18% | Base ₹126.27 + GST ₹22.73),Unlimited,Vi Hero Unlimited 149 (Legacy),03-May-23,30-Mar-25,Inactive,"DEL, HAR, J&K, PUN, RAJ, UPE",UL Calls | 0.5GB/Day High-Speed Data | 100 SMS/Day,26123953,1.Telco Benefits,2.Data,0.5GB High Speed Data Per Day,PLN-PRE-00035,Prepaid,Retail,Entry,Vi Hero Unlimited,Vodafone Idea,20,0.5GB/Day High-Speed Data,0.5,10,GB,Unlimited Calls (Local+STD+NR),100 SMS/Day,2000,No,Yes,No,NA,Free National Roaming,NA,NA,NA,No,64 Kbps,Retail Outlet,Retail Outlet | Cash,North,6,Q1 FY2023-24,Regulatory Tariff Revision,Grandfathered,Yes,0.5GB/Day,64 Kbps,Vi Movies & TV Access,13-Feb-23,13-May-25
149,₹149.00 (GST Inclusive @18% | Base ₹126.27 + GST ₹22.73),Unlimited,Vi Hero Unlimited 149 (Legacy),03-May-23,30-Mar-25,Inactive,"DEL, HAR, J&K, PUN, RAJ, UPE",UL Calls | 0.5GB/Day High-Speed Data | 100 SMS/Day,26123953,1.Telco Benefits,2.Data,64 Kbps Post Daily Limit,PLN-PRE-00035,Prepaid,Retail,Entry,Vi Hero Unlimited,Vodafone Idea,20,0.5GB/Day High-Speed Data,0.5,10,GB,Unlimited Calls (Local+STD+NR),100 SMS/Day,2000,No,Yes,No,NA,Free National Roaming,NA,NA,NA,No,64 Kbps,Retail Outlet,Retail Outlet | Cash,North,6,Q1 FY2023-24,Regulatory Tariff Revision,Grandfathered,Yes,0.5GB/Day,64 Kbps,Vi Movies & TV Access,13-Feb-23,13-May-25
149,₹149.00 (GST Inclusive @18% | Base ₹126.27 + GST ₹22.73),Unlimited,Vi Hero Unlimited 149 (Legacy),03-May-23,30-Mar-25,Inactive,"DEL, HAR, J&K, PUN, RAJ, UPE",UL Calls | 0.5GB/Day High-Speed Data | 100 SMS/Day,26123953,1.Telco Benefits,3.SMS,100 Free SMS/Day,PLN-PRE-00035,Prepaid,Retail,Entry,Vi Hero Unlimited,Vodafone Idea,20,0.5GB/Day High-Speed Data,0.5,10,GB,Unlimited Calls (Local+STD+NR),100 SMS/Day,2000,No,Yes,No,NA,Free National Roaming,NA,NA,NA,No,64 Kbps,Retail Outlet,Retail Outlet | Cash,North,6,Q1 FY2023-24,Regulatory Tariff Revision,Grandfathered,Yes,0.5GB/Day,64 Kbps,Vi Movies & TV Access,13-Feb-23,13-May-25
149,₹149.00 (GST Inclusive @18% | Base ₹126.27 + GST ₹22.73),Unlimited,Vi Hero Unlimited 149 (Legacy),03-May-23,30-Mar-25,Inactive,"DEL, HAR, J&K, PUN, RAJ, UPE",UL Calls | 0.5GB/Day High-Speed Data | 100 SMS/Day,26123953,1.Telco Benefits,4.Validity,Validity: 20 Days,PLN-PRE-00035,Prepaid,Retail,Entry,Vi Hero Unlimited,Vodafone Idea,20,0.5GB/Day High-Speed Data,0.5,10,GB,Unlimited Calls (Local+STD+NR),100 SMS/Day,2000,No,Yes,No,NA,Free National Roaming,NA,NA,NA,No,64 Kbps,Retail Outlet,Retail Outlet | Cash,North,6,Q1 FY2023-24,Regulatory Tariff Revision,Grandfathered,Yes,0.5GB/Day,64 Kbps,Vi Movies & TV Access,13-Feb-23,13-May-25
149,₹149.00 (GST Inclusive @18% | Base ₹126.27 + GST ₹22.73),Unlimited,Vi Hero Unlimited 149 (Legacy),03-May-23,30-Mar-25,Inactive,"DEL, HAR, J&K, PUN, RAJ, UPE",UL Calls | 0.5GB/Day High-Speed Data | 100 SMS/Day,26123953,1.Telco Benefits,5.FUP,Beyond 0.5GB/Day: Speed Capped at 64 Kbps,PLN-PRE-00035,Prepaid,Retail,Entry,Vi Hero Unlimited,Vodafone Idea,20,0.5GB/Day High-Speed Data,0.5,10,GB,Unlimited Calls (Local+STD+NR),100 SMS/Day,2000,No,Yes,No,NA,Free National Roaming,NA,NA,NA,No,64 Kbps,Retail Outlet,Retail Outlet | Cash,North,6,Q1 FY2023-24,Regulatory Tariff Revision,Grandfathered,Yes,0.5GB/Day,64 Kbps,Vi Movies & TV Access,13-Feb-23,13-May-25
149,₹149.00 (GST Inclusive @18% | Base ₹126.27 + GST ₹22.73),Unlimited,Vi Hero Unlimited 149 (Legacy),03-May-23,30-Mar-25,Inactive,"DEL, HAR, J&K, PUN, RAJ, UPE",UL Calls | 0.5GB/Day High-Speed Data | 100 SMS/Day,26123953,3.Roaming Benefits,1.Roaming,Free National Roaming (Incoming+Outgoing),PLN-PRE-00035,Prepaid,Retail,Entry,Vi Hero Unlimited,Vodafone Idea,20,0.5GB/Day High-Speed Data,0.5,10,GB,Unlimited Calls (Local+STD+NR),100 SMS/Day,2000,No,Yes,No,NA,Free National Roaming,NA,NA,NA,No,64 Kbps,Retail Outlet,Retail Outlet | Cash,North,6,Q1 FY2023-24,Regulatory Tariff Revision,Grandfathered,Yes,0.5GB/Day,64 Kbps,Vi Movies & TV Access,13-Feb-23,13-May-25
149,₹149.00 (GST Inclusive @18% | Base ₹126.27 + GST ₹22.73),Unlimited,Vi Hero Unlimited 149 (Legacy),03-May-23,30-Mar-25,Inactive,"DEL, HAR, J&K, PUN, RAJ, UPE",UL Calls | 0.5GB/Day High-Speed Data | 100 SMS/Day,26123953,5.Additional Benefits,1.Additional Benefits,Vi Movies & TV Access,PLN-PRE-00035,Prepaid,Retail,Entry,Vi Hero Unlimited,Vodafone Idea,20,0.5GB/Day High-Speed Data,0.5,10,GB,Unlimited Calls (Local+STD+NR),100 SMS/Day,2000,No,Yes,No,NA,Free National Roaming,NA,NA,NA,No,64 Kbps,Retail Outlet,Retail Outlet | Cash,North,6,Q1 FY2023-24,Regulatory Tariff Revision,Grandfathered,Yes,0.5GB/Day,64 Kbps,Vi Movies & TV Access,13-Feb-23,13-May-25
799,₹799.00 (GST Inclusive @18% | Base ₹677.12 + GST ₹121.88),Unlimited,Vi Hero Unlimited 799 (Legacy),30-Jun-23,05-Jun-24,Inactive,"ANE, APR, BIH, DEL, GUJ, HAR, HP, J&K, KAR, KER, KOL, MAH, MPCG, MUM, NE, ORI, PUN, RAJ, ROB, TN, UPE, UPW, WB",UL Calls | 1.5GB/Day High-Speed Data | 100 SMS/Day | Unlimited 5G,26124262,1.Telco Benefits,1.Voice,Unlimited Voice (L+STD+NR),PLN-PRE-00036,Prepaid,Retail,Value,Vi Hero Unlimited,Vodafone Idea,84,1.5GB/Day High-Speed Data,1.5,126,GB,Unlimited Calls (Local+STD+NR),100 SMS/Day,8400,Yes,Yes,No,NA,Free National Roaming,NA,NA,NA,No,64 Kbps,Mini Store,UPI | Wallet,Pan India,23,Q1 FY2023-24,Circle-wise Pack Harmonisation,Withdrawn,Yes,1.5GB/Day,64 Kbps,Vi Movies & TV Access,03-Jun-23,13-Jul-24
799,₹799.00 (GST Inclusive @18% | Base ₹677.12 + GST ₹121.88),Unlimited,Vi Hero Unlimited 799 (Legacy),30-Jun-23,05-Jun-24,Inactive,"ANE, APR, BIH, DEL, GUJ, HAR, HP, J&K, KAR, KER, KOL, MAH, MPCG, MUM, NE, ORI, PUN, RAJ, ROB, TN, UPE, UPW, WB",UL Calls | 1.5GB/Day High-Speed Data | 100 SMS/Day | Unlimited 5G,26124262,1.Telco Benefits,2.Data,Daily Data: 1.5GB,PLN-PRE-00036,Prepaid,Retail,Value,Vi Hero Unlimited,Vodafone Idea,84,1.5GB/Day High-Speed Data,1.5,126,GB,Unlimited Calls (Local+STD+NR),100 SMS/Day,8400,Yes,Yes,No,NA,Free National Roaming,NA,NA,NA,No,64 Kbps,Mini Store,UPI | Wallet,Pan India,23,Q1 FY2023-24,Circle-wise Pack Harmonisation,Withdrawn,Yes,1.5GB/Day,64 Kbps,Vi Movies & TV Access,03-Jun-23,13-Jul-24
799,₹799.00 (GST Inclusive @18% | Base ₹677.12 + GST ₹121.88),Unlimited,Vi Hero Unlimited 799 (Legacy),30-Jun-23,05-Jun-24,Inactive,"ANE, APR, BIH, DEL, GUJ, HAR, HP, J&K, KAR, KER, KOL, MAH, MPCG, MUM, NE, ORI, PUN, RAJ, ROB, TN, UPE, UPW, WB",UL Calls | 1.5GB/Day High-Speed Data | 100 SMS/Day | Unlimited 5G,26124262,1.Telco Benefits,2.Data,64 Kbps Post Daily Limit,PLN-PRE-00036,Prepaid,Retail,Value,Vi Hero Unlimited,Vodafone Idea,84,1.5GB/Day High-Speed Data,1.5,126,GB,Unlimited Calls (Local+STD+NR),100 SMS/Day,8400,Yes,Yes,No,NA,Free National Roaming,NA,NA,NA,No,64 Kbps,Mini Store,UPI | Wallet,Pan India,23,Q1 FY2023-24,Circle-wise Pack Harmonisation,Withdrawn,Yes,1.5GB/Day,64 Kbps,Vi Movies & TV Access,03-Jun-23,13-Jul-24
799,₹799.00 (GST Inclusive @18% | Base ₹677.12 + GST ₹121.88),Unlimited,Vi Hero Unlimited 799 (Legacy),30-Jun-23,05-Jun-24,Inactive,"ANE, APR, BIH, DEL, GUJ, HAR, HP, J&K, KAR, KER, KOL, MAH, MPCG, MUM, NE, ORI, PUN, RAJ, ROB, TN, UPE, UPW, WB",UL Calls | 1.5GB/Day High-Speed Data | 100 SMS/Day | Unlimited 5G,26124262,1.Telco Benefits,2.Data,Unlimited 5G Browsing in 5G Coverage Areas,PLN-PRE-00036,Prepaid,Retail,Value,Vi Hero Unlimited,Vodafone Idea,84,1.5GB/Day High-Speed Data,1.5,126,GB,Unlimited Calls (Local+STD+NR),100 SMS/Day,8400,Yes,Yes,No,NA,Free National Roaming,NA,NA,NA,No,64 Kbps,Mini Store,UPI | Wallet,Pan India,23,Q1 FY2023-24,Circle-wise Pack Harmonisation,Withdrawn,Yes,1.5GB/Day,64 Kbps,Vi Movies & TV Access,03-Jun-23,13-Jul-24
799,₹799.00 (GST Inclusive @18% | Base ₹677.12 + GST ₹121.88),Unlimited,Vi Hero Unlimited 799 (Legacy),30-Jun-23,05-Jun-24,Inactive,"ANE, APR, BIH, DEL, GUJ, HAR, HP, J&K, KAR, KER, KOL, MAH, MPCG, MUM, NE, ORI, PUN, RAJ, ROB, TN, UPE, UPW, WB",UL Calls | 1.5GB/Day High-Speed Data | 100 SMS/Day | Unlimited 5G,26124262,1.Telco Benefits,3.SMS,100 SMS/Day,PLN-PRE-00036,Prepaid,Retail,Value,Vi Hero Unlimited,Vodafone Idea,84,1.5GB/Day High-Speed Data,1.5,126,GB,Unlimited Calls (Local+STD+NR),100 SMS/Day,8400,Yes,Yes,No,NA,Free National Roaming,NA,NA,NA,No,64 Kbps,Mini Store,UPI | Wallet,Pan India,23,Q1 FY2023-24,Circle-wise Pack Harmonisation,Withdrawn,Yes,1.5GB/Day,64 Kbps,Vi Movies & TV Access,03-Jun-23,13-Jul-24
799,₹799.00 (GST Inclusive @18% | Base ₹677.12 + GST ₹121.88),Unlimited,Vi Hero Unlimited 799 (Legacy),30-Jun-23,05-Jun-24,Inactive,"ANE, APR, BIH, DEL, GUJ, HAR, HP, J&K, KAR, KER, KOL, MAH, MPCG, MUM, NE, ORI, PUN, RAJ, ROB, TN, UPE, UPW, WB",UL Calls | 1.5GB/Day High-Speed Data | 100 SMS/Day | Unlimited 5G,26124262,1.Telco Benefits,4.Validity,Pack Valid for 84 Days,PLN-PRE-00036,Prepaid,Retail,Value,Vi Hero Unlimited,Vodafone Idea,84,1.5GB/Day High-Speed Data,1.5,126,GB,Unlimited Calls (Local+STD+NR),100 SMS/Day,8400,Yes,Yes,No,NA,Free National Roaming,NA,NA,NA,No,64 Kbps,Mini Store,UPI | Wallet,Pan India,23,Q1 FY2023-24,Circle-wise Pack Harmonisation,Withdrawn,Yes,1.5GB/Day,64 Kbps,Vi Movies & TV Access,03-Jun-23,13-Jul-24
799,₹799.00 (GST Inclusive @18% | Base ₹677.12 + GST ₹121.88),Unlimited,Vi Hero Unlimited 799 (Legacy),30-Jun-23,05-Jun-24,Inactive,"ANE, APR, BIH, DEL, GUJ, HAR, HP, J&K, KAR, KER, KOL, MAH, MPCG, MUM, NE, ORI, PUN, RAJ, ROB, TN, UPE, UPW, WB",UL Calls | 1.5GB/Day High-Speed Data | 100 SMS/Day | Unlimited 5G,26124262,1.Telco Benefits,5.FUP,Beyond 1.5GB/Day: Speed Capped at 64 Kbps,PLN-PRE-00036,Prepaid,Retail,Value,Vi Hero Unlimited,Vodafone Idea,84,1.5GB/Day High-Speed Data,1.5,126,GB,Unlimited Calls (Local+STD+NR),100 SMS/Day,8400,Yes,Yes,No,NA,Free National Roaming,NA,NA,NA,No,64 Kbps,Mini Store,UPI | Wallet,Pan India,23,Q1 FY2023-24,Circle-wise Pack Harmonisation,Withdrawn,Yes,1.5GB/Day,64 Kbps,Vi Movies & TV Access,03-Jun-23,13-Jul-24
799,₹799.00 (GST Inclusive @18% | Base ₹677.12 + GST ₹121.88),Unlimited,Vi Hero Unlimited 799 (Legacy),30-Jun-23,05-Jun-24,Inactive,"ANE, APR, BIH, DEL, GUJ, HAR, HP, J&K, KAR, KER, KOL, MAH, MPCG, MUM, NE, ORI, PUN, RAJ, ROB, TN, UPE, UPW, WB",UL Calls | 1.5GB/Day High-Speed Data | 100 SMS/Day | Unlimited 5G,26124262,3.Roaming Benefits,1.Roaming,Free National Roaming (Incoming+Outgoing),PLN-PRE-00036,Prepaid,Retail,Value,Vi Hero Unlimited,Vodafone Idea,84,1.5GB/Day High-Speed Data,1.5,126,GB,Unlimited Calls (Local+STD+NR),100 SMS/Day,8400,Yes,Yes,No,NA,Free National Roaming,NA,NA,NA,No,64 Kbps,Mini Store,UPI | Wallet,Pan India,23,Q1 FY2023-24,Circle-wise Pack Harmonisation,Withdrawn,Yes,1.5GB/Day,64 Kbps,Vi Movies & TV Access,03-Jun-23,13-Jul-24
799,₹799.00 (GST Inclusive @18% | Base ₹677.12 + GST ₹121.88),Unlimited,Vi Hero Unlimited 799 (Legacy),30-Jun-23,05-Jun-24,Inactive,"ANE, APR, BIH, DEL, GUJ, HAR, HP, J&K, KAR, KER, KOL, MAH, MPCG, MUM, NE, ORI, PUN, RAJ, ROB, TN, UPE, UPW, WB",UL Calls | 1.5GB/Day High-Speed Data | 100 SMS/Day | Unlimited 5G,26124262,5.Additional Benefits,1.Additional Benefits,Vi Movies & TV Access,PLN-PRE-00036,Prepaid,Retail,Value,Vi Hero Unlimited,Vodafone Idea,84,1.5GB/Day High-Speed Data,1.5,126,GB,Unlimited Calls (Local+STD+NR),100 SMS/Day,8400,Yes,Yes,No,NA,Free National Roaming,NA,NA,NA,No,64 Kbps,Mini Store,UPI | Wallet,Pan India,23,Q1 FY2023-24,Circle-wise Pack Harmonisation,Withdrawn,Yes,1.5GB/Day,64 Kbps,Vi Movies & TV Access,03-Jun-23,13-Jul-24
349,₹349.00 (GST Inclusive @18% | Base ₹295.76 + GST ₹53.24),Unlimited,Vi Hero Unlimited 349 (Legacy),14-Apr-23,09-Sep-24,Inactive,"ANE, APR, BIH, DEL, GUJ, HAR, HP, J&K, KAR, KER, KOL, MAH, MPCG, MUM, NE, ORI, PUN, RAJ, ROB, TN, UPE, UPW, WB",UL Calls | 1.5GB/Day High-Speed Data | 100 SMS/Day,26125146,1.Telco Benefits,1.Voice,Unlimited Calls (Local+STD+NR),PLN-PRE-00037,Prepaid,Retail,Value,Vi Hero Unlimited,Vodafone Idea,28,1.5GB/Day High-Speed Data,1.5,42,GB,Unlimited Calls (Local+STD+NR),100 SMS/Day,2800,No,Yes,No,NA,Free National Roaming,NA,NA,NA,No,64 Kbps,Retail Outlet,MyApp | Debit Card,Pan India,23,Q1 FY2023-24,Low Subscriber Uptake,Withdrawn,No,1.5GB/Day,64 Kbps,Vi Movies & TV Access,04-Feb-23,12-Oct-24
349,₹349.00 (GST Inclusive @18% | Base ₹295.76 + GST ₹53.24),Unlimited,Vi Hero Unlimited 349 (Legacy),14-Apr-23,09-Sep-24,Inactive,"ANE, APR, BIH, DEL, GUJ, HAR, HP, J&K, KAR, KER, KOL, MAH, MPCG, MUM, NE, ORI, PUN, RAJ, ROB, TN, UPE, UPW, WB",UL Calls | 1.5GB/Day High-Speed Data | 100 SMS/Day,26125146,1.Telco Benefits,2.Data,1.5GB High Speed Data Per Day,PLN-PRE-00037,Prepaid,Retail,Value,Vi Hero Unlimited,Vodafone Idea,28,1.5GB/Day High-Speed Data,1.5,42,GB,Unlimited Calls (Local+STD+NR),100 SMS/Day,2800,No,Yes,No,NA,Free National Roaming,NA,NA,NA,No,64 Kbps,Retail Outlet,MyApp | Debit Card,Pan India,23,Q1 FY2023-24,Low Subscriber Uptake,Withdrawn,No,1.5GB/Day,64 Kbps,Vi Movies & TV Access,04-Feb-23,12-Oct-24
349,₹349.00 (GST Inclusive @18% | Base ₹295.76 + GST ₹53.24),Unlimited,Vi Hero Unlimited 349 (Legacy),14-Apr-23,09-Sep-24,Inactive,"ANE, APR, BIH, DEL, GUJ, HAR, HP, J&K, KAR, KER, KOL, MAH, MPCG, MUM, NE, ORI, PUN, RAJ, ROB, TN, UPE, UPW, WB",UL Calls | 1.5GB/Day High-Speed Data | 100 SMS/Day,26125146,1.Telco Benefits,2.Data,64 Kbps Post Daily Limit,PLN-PRE-00037,Prepaid,Retail,Value,Vi Hero Unlimited,Vodafone Idea,28,1.5GB/Day High-Speed Data,1.5,42,GB,Unlimited Calls (Local+STD+NR),100 SMS/Day,2800,No,Yes,No,NA,Free National Roaming,NA,NA,NA,No,64 Kbps,Retail Outlet,MyApp | Debit Card,Pan India,23,Q1 FY2023-24,Low Subscriber Uptake,Withdrawn,No,1.5GB/Day,64 Kbps,Vi Movies & TV Access,04-Feb-23,12-Oct-24
349,₹349.00 (GST Inclusive @18% | Base ₹295.76 + GST ₹53.24),Unlimited,Vi Hero Unlimited 349 (Legacy),14-Apr-23,09-Sep-24,Inactive,"ANE, APR, BIH, DEL, GUJ, HAR, HP, J&K, KAR, KER, KOL, MAH, MPCG, MUM, NE, ORI, PUN, RAJ, ROB, TN, UPE, UPW, WB",UL Calls | 1.5GB/Day High-Speed Data | 100 SMS/Day,26125146,1.Telco Benefits,3.SMS,Daily SMS Limit: 100,PLN-PRE-00037,Prepaid,Retail,Value,Vi Hero Unlimited,Vodafone Idea,28,1.5GB/Day High-Speed Data,1.5,42,GB,Unlimited Calls (Local+STD+NR),100 SMS/Day,2800,No,Yes,No,NA,Free National Roaming,NA,NA,NA,No,64 Kbps,Retail Outlet,MyApp | Debit Card,Pan India,23,Q1 FY2023-24,Low Subscriber Uptake,Withdrawn,No,1.5GB/Day,64 Kbps,Vi Movies & TV Access,04-Feb-23,12-Oct-24
349,₹349.00 (GST Inclusive @18% | Base ₹295.76 + GST ₹53.24),Unlimited,Vi Hero Unlimited 349 (Legacy),14-Apr-23,09-Sep-24,Inactive,"ANE, APR, BIH, DEL, GUJ, HAR, HP, J&K, KAR, KER, KOL, MAH, MPCG, MUM, NE, ORI, PUN, RAJ, ROB, TN, UPE, UPW, WB",UL Calls | 1.5GB/Day High-Speed Data | 100 SMS/Day,26125146,1.Telco Benefits,4.Validity,28 Days Validity,PLN-PRE-00037,Prepaid,Retail,Value,Vi Hero Unlimited,Vodafone Idea,28,1.5GB/Day High-Speed Data,1.5,42,GB,Unlimited Calls (Local+STD+NR),100 SMS/Day,2800,No,Yes,No,NA,Free National Roaming,NA,NA,NA,No,64 Kbps,Retail Outlet,MyApp | Debit Card,Pan India,23,Q1 FY2023-24,Low Subscriber Uptake,Withdrawn,No,1.5GB/Day,64 Kbps,Vi Movies & TV Access,04-Feb-23,12-Oct-24
349,₹349.00 (GST Inclusive @18% | Base ₹295.76 + GST ₹53.24),Unlimited,Vi Hero Unlimited 349 (Legacy),14-Apr-23,09-Sep-24,Inactive,"ANE, APR, BIH, DEL, GUJ, HAR, HP, J&K, KAR, KER, KOL, MAH, MPCG, MUM, NE, ORI, PUN, RAJ, ROB, TN, UPE, UPW, WB",UL Calls | 1.5GB/Day High-Speed Data | 100 SMS/Day,26125146,1.Telco Benefits,5.FUP,Beyond 1.5GB/Day: Speed Capped at 64 Kbps,PLN-PRE-00037,Prepaid,Retail,Value,Vi Hero Unlimited,Vodafone Idea,28,1.5GB/Day High-Speed Data,1.5,42,GB,Unlimited Calls (Local+STD+NR),100 SMS/Day,2800,No,Yes,No,NA,Free National Roaming,NA,NA,NA,No,64 Kbps,Retail Outlet,MyApp | Debit Card,Pan India,23,Q1 FY2023-24,Low Subscriber Uptake,Withdrawn,No,1.5GB/Day,64 Kbps,Vi Movies & TV Access,04-Feb-23,12-Oct-24
349,₹349.00 (GST Inclusive @18% | Base ₹295.76 + GST ₹53.24),Unlimited,Vi Hero Unlimited 349 (Legacy),14-Apr-23,09-Sep-24,Inactive,"ANE, APR, BIH, DEL, GUJ, HAR, HP, J&K, KAR, KER, KOL, MAH, MPCG, MUM, NE, ORI, PUN, RAJ, ROB, TN, UPE, UPW, WB",UL Calls | 1.5GB/Day High-Speed Data | 100 SMS/Day,26125146,3.Roaming Benefits,1.Roaming,Free National Roaming (Incoming+Outgoing),PLN-PRE-00037,Prepaid,Retail,Value,Vi Hero Unlimited,Vodafone Idea,28,1.5GB/Day High-Speed Data,1.5,42,GB,Unlimited Calls (Local+STD+NR),100 SMS/Day,2800,No,Yes,No,NA,Free National Roaming,NA,NA,NA,No,64 Kbps,Retail Outlet,MyApp | Debit Card,Pan India,23,Q1 FY2023-24,Low Subscriber Uptake,Withdrawn,No,1.5GB/Day,64 Kbps,Vi Movies & TV Access,04-Feb-23,12-Oct-24
349,₹349.00 (GST Inclusive @18% | Base ₹295.76 + GST ₹53.24),Unlimited,Vi Hero Unlimited 349 (Legacy),14-Apr-23,09-Sep-24,Inactive,"ANE, APR, BIH, DEL, GUJ, HAR, HP, J&K, KAR, KER, KOL, MAH, MPCG, MUM, NE, ORI, PUN, RAJ, ROB, TN, UPE, UPW, WB",UL Calls | 1.5GB/Day High-Speed Data | 100 SMS/Day,26125146,5.Additional Benefits,1.Additional Benefits,Vi Movies & TV Access,PLN-PRE-00037,Prepaid,Retail,Value,Vi Hero Unlimited,Vodafone Idea,28,1.5GB/Day High-Speed Data,1.5,42,GB,Unlimited Calls (Local+STD+NR),100 SMS/Day,2800,No,Yes,No,NA,Free National Roaming,NA,NA,NA,No,64 Kbps,Retail Outlet,MyApp | Debit Card,Pan India,23,Q1 FY2023-24,Low Subscriber Uptake,Withdrawn,No,1.5GB/Day,64 Kbps,Vi Movies & TV Access,04-Feb-23,12-Oct-24
1001,₹1001.00 + GST ₹180.18 (18%) = ₹1181.18,Family,Vi Max 1001 (Legacy),15-Feb-23,06-Mar-24,Inactive,"GUJ, MAH, MPCG",UL Calls | 112.5GB Total (Full Validity) | 3000SMS | Unlimited 5G,26125260,1.Telco Benefits,1.Voice,Unlimited Calls (Local+STD+NR),PLN-POST-00013,Postpaid,HNI,Premium,Vi Max,Vodafone Idea,30,112.5GB Total (Full Validity),NA,112.5,GB,Unlimited Calls (Local+STD+NR),3000 SMS (Full Validity),3000,Yes,Yes,No,NA,Free National Roaming + IR Discount,Discounted ISD Rate,NA,NA,Yes,64 Kbps,Website,MyApp | UPI,West,3,Q4 FY2022-23,Low Subscriber Uptake,Withdrawn,Yes,112.5GB/Validity,64 Kbps,Monthly Bill on Single Invoice | 2 Family Add-On Connections | Priority Customer Care | Unused Data Rollover,04-Dec-22,30-Mar-24
1001,₹1001.00 + GST ₹180.18 (18%) = ₹1181.18,Family,Vi Max 1001 (Legacy),15-Feb-23,06-Mar-24,Inactive,"GUJ, MAH, MPCG",UL Calls | 112.5GB Total (Full Validity) | 3000SMS | Unlimited 5G,26125260,1.Telco Benefits,2.Data,112.5GB Data Pack (Validity Based),PLN-POST-00013,Postpaid,HNI,Premium,Vi Max,Vodafone Idea,30,112.5GB Total (Full Validity),NA,112.5,GB,Unlimited Calls (Local+STD+NR),3000 SMS (Full Validity),3000,Yes,Yes,No,NA,Free National Roaming + IR Discount,Discounted ISD Rate,NA,NA,Yes,64 Kbps,Website,MyApp | UPI,West,3,Q4 FY2022-23,Low Subscriber Uptake,Withdrawn,Yes,112.5GB/Validity,64 Kbps,Monthly Bill on Single Invoice | 2 Family Add-On Connections | Priority Customer Care | Unused Data Rollover,04-Dec-22,30-Mar-24
1001,₹1001.00 + GST ₹180.18 (18%) = ₹1181.18,Family,Vi Max 1001 (Legacy),15-Feb-23,06-Mar-24,Inactive,"GUJ, MAH, MPCG",UL Calls | 112.5GB Total (Full Validity) | 3000SMS | Unlimited 5G,26125260,1.Telco Benefits,2.Data,5G Data - Unlimited (5G-Enabled Cities Only),PLN-POST-00013,Postpaid,HNI,Premium,Vi Max,Vodafone Idea,30,112.5GB Total (Full Validity),NA,112.5,GB,Unlimited Calls (Local+STD+NR),3000 SMS (Full Validity),3000,Yes,Yes,No,NA,Free National Roaming + IR Discount,Discounted ISD Rate,NA,NA,Yes,64 Kbps,Website,MyApp | UPI,West,3,Q4 FY2022-23,Low Subscriber Uptake,Withdrawn,Yes,112.5GB/Validity,64 Kbps,Monthly Bill on Single Invoice | 2 Family Add-On Connections | Priority Customer Care | Unused Data Rollover,04-Dec-22,30-Mar-24
1001,₹1001.00 + GST ₹180.18 (18%) = ₹1181.18,Family,Vi Max 1001 (Legacy),15-Feb-23,06-Mar-24,Inactive,"GUJ, MAH, MPCG",UL Calls | 112.5GB Total (Full Validity) | 3000SMS | Unlimited 5G,26125260,1.Telco Benefits,3.SMS,3000 SMS (Full Validity),PLN-POST-00013,Postpaid,HNI,Premium,Vi Max,Vodafone Idea,30,112.5GB Total (Full Validity),NA,112.5,GB,Unlimited Calls (Local+STD+NR),3000 SMS (Full Validity),3000,Yes,Yes,No,NA,Free National Roaming + IR Discount,Discounted ISD Rate,NA,NA,Yes,64 Kbps,Website,MyApp | UPI,West,3,Q4 FY2022-23,Low Subscriber Uptake,Withdrawn,Yes,112.5GB/Validity,64 Kbps,Monthly Bill on Single Invoice | 2 Family Add-On Connections | Priority Customer Care | Unused Data Rollover,04-Dec-22,30-Mar-24
1001,₹1001.00 + GST ₹180.18 (18%) = ₹1181.18,Family,Vi Max 1001 (Legacy),15-Feb-23,06-Mar-24,Inactive,"GUJ, MAH, MPCG",UL Calls | 112.5GB Total (Full Validity) | 3000SMS | Unlimited 5G,26125260,1.Telco Benefits,4.Validity,30 Days Validity,PLN-POST-00013,Postpaid,HNI,Premium,Vi Max,Vodafone Idea,30,112.5GB Total (Full Validity),NA,112.5,GB,Unlimited Calls (Local+STD+NR),3000 SMS (Full Validity),3000,Yes,Yes,No,NA,Free National Roaming + IR Discount,Discounted ISD Rate,NA,NA,Yes,64 Kbps,Website,MyApp | UPI,West,3,Q4 FY2022-23,Low Subscriber Uptake,Withdrawn,Yes,112.5GB/Validity,64 Kbps,Monthly Bill on Single Invoice | 2 Family Add-On Connections | Priority Customer Care | Unused Data Rollover,04-Dec-22,30-Mar-24
1001,₹1001.00 + GST ₹180.18 (18%) = ₹1181.18,Family,Vi Max 1001 (Legacy),15-Feb-23,06-Mar-24,Inactive,"GUJ, MAH, MPCG",UL Calls | 112.5GB Total (Full Validity) | 3000SMS | Unlimited 5G,26125260,1.Telco Benefits,5.FUP,Beyond 112.5GB/Validity: Speed Capped at 64 Kbps,PLN-POST-00013,Postpaid,HNI,Premium,Vi Max,Vodafone Idea,30,112.5GB Total (Full Validity),NA,112.5,GB,Unlimited Calls (Local+STD+NR),3000 SMS (Full Validity),3000,Yes,Yes,No,NA,Free National Roaming + IR Discount,Discounted ISD Rate,NA,NA,Yes,64 Kbps,Website,MyApp | UPI,West,3,Q4 FY2022-23,Low Subscriber Uptake,Withdrawn,Yes,112.5GB/Validity,64 Kbps,Monthly Bill on Single Invoice | 2 Family Add-On Connections | Priority Customer Care | Unused Data Rollover,04-Dec-22,30-Mar-24
1001,₹1001.00 + GST ₹180.18 (18%) = ₹1181.18,Family,Vi Max 1001 (Legacy),15-Feb-23,06-Mar-24,Inactive,"GUJ, MAH, MPCG",UL Calls | 112.5GB Total (Full Validity) | 3000SMS | Unlimited 5G,26125260,3.Roaming Benefits,1.Roaming,National Roaming Free + IR Discount 15%,PLN-POST-00013,Postpaid,HNI,Premium,Vi Max,Vodafone Idea,30,112.5GB Total (Full Validity),NA,112.5,GB,Unlimited Calls (Local+STD+NR),3000 SMS (Full Validity),3000,Yes,Yes,No,NA,Free National Roaming + IR Discount,Discounted ISD Rate,NA,NA,Yes,64 Kbps,Website,MyApp | UPI,West,3,Q4 FY2022-23,Low Subscriber Uptake,Withdrawn,Yes,112.5GB/Validity,64 Kbps,Monthly Bill on Single Invoice | 2 Family Add-On Connections | Priority Customer Care | Unused Data Rollover,04-Dec-22,30-Mar-24
1001,₹1001.00 + GST ₹180.18 (18%) = ₹1181.18,Family,Vi Max 1001 (Legacy),15-Feb-23,06-Mar-24,Inactive,"GUJ, MAH, MPCG",UL Calls | 112.5GB Total (Full Validity) | 3000SMS | Unlimited 5G,26125260,4.ISD Benefits,1.ISD,ISD Rate: ₹1.50/min (Select Countries),PLN-POST-00013,Postpaid,HNI,Premium,Vi Max,Vodafone Idea,30,112.5GB Total (Full Validity),NA,112.5,GB,Unlimited Calls (Local+STD+NR),3000 SMS (Full Validity),3000,Yes,Yes,No,NA,Free National Roaming + IR Discount,Discounted ISD Rate,NA,NA,Yes,64 Kbps,Website,MyApp | UPI,West,3,Q4 FY2022-23,Low Subscriber Uptake,Withdrawn,Yes,112.5GB/Validity,64 Kbps,Monthly Bill on Single Invoice | 2 Family Add-On Connections | Priority Customer Care | Unused Data Rollover,04-Dec-22,30-Mar-24
1001,₹1001.00 + GST ₹180.18 (18%) = ₹1181.18,Family,Vi Max 1001 (Legacy),15-Feb-23,06-Mar-24,Inactive,"GUJ, MAH, MPCG",UL Calls | 112.5GB Total (Full Validity) | 3000SMS | Unlimited 5G,26125260,5.Additional Benefits,1.Additional Benefits,Monthly Bill on Single Invoice | 2 Family Add-On Connections | Priority Customer Care | Unused Data Rollover,PLN-POST-00013,Postpaid,HNI,Premium,Vi Max,Vodafone Idea,30,112.5GB Total (Full Validity),NA,112.5,GB,Unlimited Calls (Local+STD+NR),3000 SMS (Full Validity),3000,Yes,Yes,No,NA,Free National Roaming + IR Discount,Discounted ISD Rate,NA,NA,Yes,64 Kbps,Website,MyApp | UPI,West,3,Q4 FY2022-23,Low Subscriber Uptake,Withdrawn,Yes,112.5GB/Validity,64 Kbps,Monthly Bill on Single Invoice | 2 Family Add-On Connections | Priority Customer Care | Unused Data Rollover,04-Dec-22,30-Mar-24
179,₹179.00 (GST Inclusive @18% | Base ₹151.69 + GST ₹27.31),Voice,Vi Hero Unlimited 179 (Legacy),23-Feb-24,27-Mar-26,Inactive,"BIH, KOL, ORI, ROB, WB",UL Calls | 1.5GB Total (Full Validity) | 300 SMS,26126082,1.Telco Benefits,1.Voice,Unlimited Calls (Local+STD+NR),PLN-PRE-00038,Prepaid,Retail,Entry,Vi Hero Unlimited,Vodafone Idea,28,1.5GB Total (Full Validity),NA,1.5,GB,Unlimited Calls (Local+STD+NR),300 SMS (Full Validity),300,No,Yes,No,NA,Free National Roaming,NA,NA,NA,No,64 Kbps,Call Center,Third Party App (PhonePe/Paytm),East,5,Q4 FY2023-24,Replaced by Revised Pack,Grandfathered,No,1.5GB/Validity,64 Kbps,Vi Movies & TV Access,06-Dec-23,04-May-26
179,₹179.00 (GST Inclusive @18% | Base ₹151.69 + GST ₹27.31),Voice,Vi Hero Unlimited 179 (Legacy),23-Feb-24,27-Mar-26,Inactive,"BIH, KOL, ORI, ROB, WB",UL Calls | 1.5GB Total (Full Validity) | 300 SMS,26126082,1.Telco Benefits,2.Data,Total Data: 1.5GB for Full Validity,PLN-PRE-00038,Prepaid,Retail,Entry,Vi Hero Unlimited,Vodafone Idea,28,1.5GB Total (Full Validity),NA,1.5,GB,Unlimited Calls (Local+STD+NR),300 SMS (Full Validity),300,No,Yes,No,NA,Free National Roaming,NA,NA,NA,No,64 Kbps,Call Center,Third Party App (PhonePe/Paytm),East,5,Q4 FY2023-24,Replaced by Revised Pack,Grandfathered,No,1.5GB/Validity,64 Kbps,Vi Movies & TV Access,06-Dec-23,04-May-26
179,₹179.00 (GST Inclusive @18% | Base ₹151.69 + GST ₹27.31),Voice,Vi Hero Unlimited 179 (Legacy),23-Feb-24,27-Mar-26,Inactive,"BIH, KOL, ORI, ROB, WB",UL Calls | 1.5GB Total (Full Validity) | 300 SMS,26126082,1.Telco Benefits,3.SMS,SMS: 300 (Validity Based),PLN-PRE-00038,Prepaid,Retail,Entry,Vi Hero Unlimited,Vodafone Idea,28,1.5GB Total (Full Validity),NA,1.5,GB,Unlimited Calls (Local+STD+NR),300 SMS (Full Validity),300,No,Yes,No,NA,Free National Roaming,NA,NA,NA,No,64 Kbps,Call Center,Third Party App (PhonePe/Paytm),East,5,Q4 FY2023-24,Replaced by Revised Pack,Grandfathered,No,1.5GB/Validity,64 Kbps,Vi Movies & TV Access,06-Dec-23,04-May-26
179,₹179.00 (GST Inclusive @18% | Base ₹151.69 + GST ₹27.31),Voice,Vi Hero Unlimited 179 (Legacy),23-Feb-24,27-Mar-26,Inactive,"BIH, KOL, ORI, ROB, WB",UL Calls | 1.5GB Total (Full Validity) | 300 SMS,26126082,1.Telco Benefits,4.Validity,Pack Valid for 28 Days,PLN-PRE-00038,Prepaid,Retail,Entry,Vi Hero Unlimited,Vodafone Idea,28,1.5GB Total (Full Validity),NA,1.5,GB,Unlimited Calls (Local+STD+NR),300 SMS (Full Validity),300,No,Yes,No,NA,Free National Roaming,NA,NA,NA,No,64 Kbps,Call Center,Third Party App (PhonePe/Paytm),East,5,Q4 FY2023-24,Replaced by Revised Pack,Grandfathered,No,1.5GB/Validity,64 Kbps,Vi Movies & TV Access,06-Dec-23,04-May-26
179,₹179.00 (GST Inclusive @18% | Base ₹151.69 + GST ₹27.31),Voice,Vi Hero Unlimited 179 (Legacy),23-Feb-24,27-Mar-26,Inactive,"BIH, KOL, ORI, ROB, WB",UL Calls | 1.5GB Total (Full Validity) | 300 SMS,26126082,1.Telco Benefits,5.FUP,"FUP Limit 1.5GB/Validity, Throttled to 64 Kbps Thereafter",PLN-PRE-00038,Prepaid,Retail,Entry,Vi Hero Unlimited,Vodafone Idea,28,1.5GB Total (Full Validity),NA,1.5,GB,Unlimited Calls (Local+STD+NR),300 SMS (Full Validity),300,No,Yes,No,NA,Free National Roaming,NA,NA,NA,No,64 Kbps,Call Center,Third Party App (PhonePe/Paytm),East,5,Q4 FY2023-24,Replaced by Revised Pack,Grandfathered,No,1.5GB/Validity,64 Kbps,Vi Movies & TV Access,06-Dec-23,04-May-26
179,₹179.00 (GST Inclusive @18% | Base ₹151.69 + GST ₹27.31),Voice,Vi Hero Unlimited 179 (Legacy),23-Feb-24,27-Mar-26,Inactive,"BIH, KOL, ORI, ROB, WB",UL Calls | 1.5GB Total (Full Validity) | 300 SMS,26126082,3.Roaming Benefits,1.Roaming,Domestic Roaming Free (In & Out),PLN-PRE-00038,Prepaid,Retail,Entry,Vi Hero Unlimited,Vodafone Idea,28,1.5GB Total (Full Validity),NA,1.5,GB,Unlimited Calls (Local+STD+NR),300 SMS (Full Validity),300,No,Yes,No,NA,Free National Roaming,NA,NA,NA,No,64 Kbps,Call Center,Third Party App (PhonePe/Paytm),East,5,Q4 FY2023-24,Replaced by Revised Pack,Grandfathered,No,1.5GB/Validity,64 Kbps,Vi Movies & TV Access,06-Dec-23,04-May-26
179,₹179.00 (GST Inclusive @18% | Base ₹151.69 + GST ₹27.31),Voice,Vi Hero Unlimited 179 (Legacy),23-Feb-24,27-Mar-26,Inactive,"BIH, KOL, ORI, ROB, WB",UL Calls | 1.5GB Total (Full Validity) | 300 SMS,26126082,5.Additional Benefits,1.Additional Benefits,Vi Movies & TV Access,PLN-PRE-00038,Prepaid,Retail,Entry,Vi Hero Unlimited,Vodafone Idea,28,1.5GB Total (Full Validity),NA,1.5,GB,Unlimited Calls (Local+STD+NR),300 SMS (Full Validity),300,No,Yes,No,NA,Free National Roaming,NA,NA,NA,No,64 Kbps,Call Center,Third Party App (PhonePe/Paytm),East,5,Q4 FY2023-24,Replaced by Revised Pack,Grandfathered,No,1.5GB/Validity,64 Kbps,Vi Movies & TV Access,06-Dec-23,04-May-26
1501,₹1501.00 + GST ₹270.18 (18%) = ₹1771.18,Corporate,Vi Max 1501 (Legacy),22-Mar-24,22-Mar-25,Inactive,"BIH, KOL, NE, ORI, ROB, WB",UL Calls | 150GB Total (Full Validity) | 3000SMS | Unlimited 5G,26126968,1.Telco Benefits,1.Voice,Unltd Local+STD+NR Calls,PLN-POST-00014,Postpaid,Corporate,Enterprise,Vi Max,Vodafone Idea,30,150GB Total (Full Validity),NA,150,GB,Unlimited Calls (Local+STD+NR),3000 SMS (Full Validity),3000,Yes,Yes,No,NA,Free National Roaming + IR Discount,Discounted ISD Rate,NA,NA,Yes,64 Kbps,Website,Third Party App (PhonePe/Paytm),East,6,Q4 FY2023-24,Replaced by Revised Pack,Withdrawn,Yes,150GB/Validity,64 Kbps,Monthly Bill on Single Invoice | Priority Customer Care | Unused Data Rollover,13-Feb-24,27-Mar-25
1501,₹1501.00 + GST ₹270.18 (18%) = ₹1771.18,Corporate,Vi Max 1501 (Legacy),22-Mar-24,22-Mar-25,Inactive,"BIH, KOL, NE, ORI, ROB, WB",UL Calls | 150GB Total (Full Validity) | 3000SMS | Unlimited 5G,26126968,1.Telco Benefits,2.Data,150GB Total (Full Validity),PLN-POST-00014,Postpaid,Corporate,Enterprise,Vi Max,Vodafone Idea,30,150GB Total (Full Validity),NA,150,GB,Unlimited Calls (Local+STD+NR),3000 SMS (Full Validity),3000,Yes,Yes,No,NA,Free National Roaming + IR Discount,Discounted ISD Rate,NA,NA,Yes,64 Kbps,Website,Third Party App (PhonePe/Paytm),East,6,Q4 FY2023-24,Replaced by Revised Pack,Withdrawn,Yes,150GB/Validity,64 Kbps,Monthly Bill on Single Invoice | Priority Customer Care | Unused Data Rollover,13-Feb-24,27-Mar-25
1501,₹1501.00 + GST ₹270.18 (18%) = ₹1771.18,Corporate,Vi Max 1501 (Legacy),22-Mar-24,22-Mar-25,Inactive,"BIH, KOL, NE, ORI, ROB, WB",UL Calls | 150GB Total (Full Validity) | 3000SMS | Unlimited 5G,26126968,1.Telco Benefits,2.Data,Unlimited 5G DATA in cities where 5G is launched,PLN-POST-00014,Postpaid,Corporate,Enterprise,Vi Max,Vodafone Idea,30,150GB Total (Full Validity),NA,150,GB,Unlimited Calls (Local+STD+NR),3000 SMS (Full Validity),3000,Yes,Yes,No,NA,Free National Roaming + IR Discount,Discounted ISD Rate,NA,NA,Yes,64 Kbps,Website,Third Party App (PhonePe/Paytm),East,6,Q4 FY2023-24,Replaced by Revised Pack,Withdrawn,Yes,150GB/Validity,64 Kbps,Monthly Bill on Single Invoice | Priority Customer Care | Unused Data Rollover,13-Feb-24,27-Mar-25
1501,₹1501.00 + GST ₹270.18 (18%) = ₹1771.18,Corporate,Vi Max 1501 (Legacy),22-Mar-24,22-Mar-25,Inactive,"BIH, KOL, NE, ORI, ROB, WB",UL Calls | 150GB Total (Full Validity) | 3000SMS | Unlimited 5G,26126968,1.Telco Benefits,3.SMS,3000 SMS,PLN-POST-00014,Postpaid,Corporate,Enterprise,Vi Max,Vodafone Idea,30,150GB Total (Full Validity),NA,150,GB,Unlimited Calls (Local+STD+NR),3000 SMS (Full Validity),3000,Yes,Yes,No,NA,Free National Roaming + IR Discount,Discounted ISD Rate,NA,NA,Yes,64 Kbps,Website,Third Party App (PhonePe/Paytm),East,6,Q4 FY2023-24,Replaced by Revised Pack,Withdrawn,Yes,150GB/Validity,64 Kbps,Monthly Bill on Single Invoice | Priority Customer Care | Unused Data Rollover,13-Feb-24,27-Mar-25
1501,₹1501.00 + GST ₹270.18 (18%) = ₹1771.18,Corporate,Vi Max 1501 (Legacy),22-Mar-24,22-Mar-25,Inactive,"BIH, KOL, NE, ORI, ROB, WB",UL Calls | 150GB Total (Full Validity) | 3000SMS | Unlimited 5G,26126968,1.Telco Benefits,4.Validity,Validity: 30 Days,PLN-POST-00014,Postpaid,Corporate,Enterprise,Vi Max,Vodafone Idea,30,150GB Total (Full Validity),NA,150,GB,Unlimited Calls (Local+STD+NR),3000 SMS (Full Validity),3000,Yes,Yes,No,NA,Free National Roaming + IR Discount,Discounted ISD Rate,NA,NA,Yes,64 Kbps,Website,Third Party App (PhonePe/Paytm),East,6,Q4 FY2023-24,Replaced by Revised Pack,Withdrawn,Yes,150GB/Validity,64 Kbps,Monthly Bill on Single Invoice | Priority Customer Care | Unused Data Rollover,13-Feb-24,27-Mar-25
1501,₹1501.00 + GST ₹270.18 (18%) = ₹1771.18,Corporate,Vi Max 1501 (Legacy),22-Mar-24,22-Mar-25,Inactive,"BIH, KOL, NE, ORI, ROB, WB",UL Calls | 150GB Total (Full Validity) | 3000SMS | Unlimited 5G,26126968,1.Telco Benefits,5.FUP,Post 150GB/Validity FUP - Speed Reduced to 64 Kbps,PLN-POST-00014,Postpaid,Corporate,Enterprise,Vi Max,Vodafone Idea,30,150GB Total (Full Validity),NA,150,GB,Unlimited Calls (Local+STD+NR),3000 SMS (Full Validity),3000,Yes,Yes,No,NA,Free National Roaming + IR Discount,Discounted ISD Rate,NA,NA,Yes,64 Kbps,Website,Third Party App (PhonePe/Paytm),East,6,Q4 FY2023-24,Replaced by Revised Pack,Withdrawn,Yes,150GB/Validity,64 Kbps,Monthly Bill on Single Invoice | Priority Customer Care | Unused Data Rollover,13-Feb-24,27-Mar-25
1501,₹1501.00 + GST ₹270.18 (18%) = ₹1771.18,Corporate,Vi Max 1501 (Legacy),22-Mar-24,22-Mar-25,Inactive,"BIH, KOL, NE, ORI, ROB, WB",UL Calls | 150GB Total (Full Validity) | 3000SMS | Unlimited 5G,26126968,3.Roaming Benefits,1.Roaming,Free National Roaming + 15% Off on IR Packs,PLN-POST-00014,Postpaid,Corporate,Enterprise,Vi Max,Vodafone Idea,30,150GB Total (Full Validity),NA,150,GB,Unlimited Calls (Local+STD+NR),3000 SMS (Full Validity),3000,Yes,Yes,No,NA,Free National Roaming + IR Discount,Discounted ISD Rate,NA,NA,Yes,64 Kbps,Website,Third Party App (PhonePe/Paytm),East,6,Q4 FY2023-24,Replaced by Revised Pack,Withdrawn,Yes,150GB/Validity,64 Kbps,Monthly Bill on Single Invoice | Priority Customer Care | Unused Data Rollover,13-Feb-24,27-Mar-25
1501,₹1501.00 + GST ₹270.18 (18%) = ₹1771.18,Corporate,Vi Max 1501 (Legacy),22-Mar-24,22-Mar-25,Inactive,"BIH, KOL, NE, ORI, ROB, WB",UL Calls | 150GB Total (Full Validity) | 3000SMS | Unlimited 5G,26126968,4.ISD Benefits,1.ISD,ISD Calls @ ₹1.50/min to Select Countries,PLN-POST-00014,Postpaid,Corporate,Enterprise,Vi Max,Vodafone Idea,30,150GB Total (Full Validity),NA,150,GB,Unlimited Calls (Local+STD+NR),3000 SMS (Full Validity),3000,Yes,Yes,No,NA,Free National Roaming + IR Discount,Discounted ISD Rate,NA,NA,Yes,64 Kbps,Website,Third Party App (PhonePe/Paytm),East,6,Q4 FY2023-24,Replaced by Revised Pack,Withdrawn,Yes,150GB/Validity,64 Kbps,Monthly Bill on Single Invoice | Priority Customer Care | Unused Data Rollover,13-Feb-24,27-Mar-25
1501,₹1501.00 + GST ₹270.18 (18%) = ₹1771.18,Corporate,Vi Max 1501 (Legacy),22-Mar-24,22-Mar-25,Inactive,"BIH, KOL, NE, ORI, ROB, WB",UL Calls | 150GB Total (Full Validity) | 3000SMS | Unlimited 5G,26126968,5.Additional Benefits,1.Additional Benefits,Monthly Bill on Single Invoice | Priority Customer Care | Unused Data Rollover,PLN-POST-00014,Postpaid,Corporate,Enterprise,Vi Max,Vodafone Idea,30,150GB Total (Full Validity),NA,150,GB,Unlimited Calls (Local+STD+NR),3000 SMS (Full Validity),3000,Yes,Yes,No,NA,Free National Roaming + IR Discount,Discounted ISD Rate,NA,NA,Yes,64 Kbps,Website,Third Party App (PhonePe/Paytm),East,6,Q4 FY2023-24,Replaced by Revised Pack,Withdrawn,Yes,150GB/Validity,64 Kbps,Monthly Bill on Single Invoice | Priority Customer Care | Unused Data Rollover,13-Feb-24,27-Mar-25
399,₹399.00 (GST Inclusive @18% | Base ₹338.14 + GST ₹60.86),Unlimited,Vi Hero Unlimited 399 (Legacy),16-Dec-23,20-Jan-25,Inactive,"ANE, APR, BIH, DEL, GUJ, HAR, HP, J&K, KAR, KER, KOL, MAH, MPCG, MUM, NE, ORI, PUN, RAJ, ROB, TN, UPE, UPW, WB",UL Calls | 2GB/Day High-Speed Data | 100 SMS/Day,26127375,1.Telco Benefits,1.Voice,Unlimited Calls (Local+STD+NR),PLN-PRE-00039,Prepaid,Retail,Youth,Vi Hero Unlimited,Vodafone Idea,28,2GB/Day High-Speed Data,2,56,GB,Unlimited Calls (Local+STD+NR),100 SMS/Day,2800,No,Yes,No,NA,Free National Roaming,NA,NA,NA,No,64 Kbps,USSD *199#,MyApp | Debit Card,Pan India,23,Q3 FY2023-24,Low Subscriber Uptake,Grandfathered,No,2GB/Day,64 Kbps,Vi Movies & TV Access,20-Sep-23,01-Feb-25
399,₹399.00 (GST Inclusive @18% | Base ₹338.14 + GST ₹60.86),Unlimited,Vi Hero Unlimited 399 (Legacy),16-Dec-23,20-Jan-25,Inactive,"ANE, APR, BIH, DEL, GUJ, HAR, HP, J&K, KAR, KER, KOL, MAH, MPCG, MUM, NE, ORI, PUN, RAJ, ROB, TN, UPE, UPW, WB",UL Calls | 2GB/Day High-Speed Data | 100 SMS/Day,26127375,1.Telco Benefits,2.Data,2GB/Day High-Speed Data,PLN-PRE-00039,Prepaid,Retail,Youth,Vi Hero Unlimited,Vodafone Idea,28,2GB/Day High-Speed Data,2,56,GB,Unlimited Calls (Local+STD+NR),100 SMS/Day,2800,No,Yes,No,NA,Free National Roaming,NA,NA,NA,No,64 Kbps,USSD *199#,MyApp | Debit Card,Pan India,23,Q3 FY2023-24,Low Subscriber Uptake,Grandfathered,No,2GB/Day,64 Kbps,Vi Movies & TV Access,20-Sep-23,01-Feb-25
399,₹399.00 (GST Inclusive @18% | Base ₹338.14 + GST ₹60.86),Unlimited,Vi Hero Unlimited 399 (Legacy),16-Dec-23,20-Jan-25,Inactive,"ANE, APR, BIH, DEL, GUJ, HAR, HP, J&K, KAR, KER, KOL, MAH, MPCG, MUM, NE, ORI, PUN, RAJ, ROB, TN, UPE, UPW, WB",UL Calls | 2GB/Day High-Speed Data | 100 SMS/Day,26127375,1.Telco Benefits,2.Data,Post Daily FUP Speed: 64 Kbps,PLN-PRE-00039,Prepaid,Retail,Youth,Vi Hero Unlimited,Vodafone Idea,28,2GB/Day High-Speed Data,2,56,GB,Unlimited Calls (Local+STD+NR),100 SMS/Day,2800,No,Yes,No,NA,Free National Roaming,NA,NA,NA,No,64 Kbps,USSD *199#,MyApp | Debit Card,Pan India,23,Q3 FY2023-24,Low Subscriber Uptake,Grandfathered,No,2GB/Day,64 Kbps,Vi Movies & TV Access,20-Sep-23,01-Feb-25
399,₹399.00 (GST Inclusive @18% | Base ₹338.14 + GST ₹60.86),Unlimited,Vi Hero Unlimited 399 (Legacy),16-Dec-23,20-Jan-25,Inactive,"ANE, APR, BIH, DEL, GUJ, HAR, HP, J&K, KAR, KER, KOL, MAH, MPCG, MUM, NE, ORI, PUN, RAJ, ROB, TN, UPE, UPW, WB",UL Calls | 2GB/Day High-Speed Data | 100 SMS/Day,26127375,1.Telco Benefits,3.SMS,100 SMS/Day,PLN-PRE-00039,Prepaid,Retail,Youth,Vi Hero Unlimited,Vodafone Idea,28,2GB/Day High-Speed Data,2,56,GB,Unlimited Calls (Local+STD+NR),100 SMS/Day,2800,No,Yes,No,NA,Free National Roaming,NA,NA,NA,No,64 Kbps,USSD *199#,MyApp | Debit Card,Pan India,23,Q3 FY2023-24,Low Subscriber Uptake,Grandfathered,No,2GB/Day,64 Kbps,Vi Movies & TV Access,20-Sep-23,01-Feb-25
399,₹399.00 (GST Inclusive @18% | Base ₹338.14 + GST ₹60.86),Unlimited,Vi Hero Unlimited 399 (Legacy),16-Dec-23,20-Jan-25,Inactive,"ANE, APR, BIH, DEL, GUJ, HAR, HP, J&K, KAR, KER, KOL, MAH, MPCG, MUM, NE, ORI, PUN, RAJ, ROB, TN, UPE, UPW, WB",UL Calls | 2GB/Day High-Speed Data | 100 SMS/Day,26127375,1.Telco Benefits,4.Validity,Pack Valid for 28 Days,PLN-PRE-00039,Prepaid,Retail,Youth,Vi Hero Unlimited,Vodafone Idea,28,2GB/Day High-Speed Data,2,56,GB,Unlimited Calls (Local+STD+NR),100 SMS/Day,2800,No,Yes,No,NA,Free National Roaming,NA,NA,NA,No,64 Kbps,USSD *199#,MyApp | Debit Card,Pan India,23,Q3 FY2023-24,Low Subscriber Uptake,Grandfathered,No,2GB/Day,64 Kbps,Vi Movies & TV Access,20-Sep-23,01-Feb-25
399,₹399.00 (GST Inclusive @18% | Base ₹338.14 + GST ₹60.86),Unlimited,Vi Hero Unlimited 399 (Legacy),16-Dec-23,20-Jan-25,Inactive,"ANE, APR, BIH, DEL, GUJ, HAR, HP, J&K, KAR, KER, KOL, MAH, MPCG, MUM, NE, ORI, PUN, RAJ, ROB, TN, UPE, UPW, WB",UL Calls | 2GB/Day High-Speed Data | 100 SMS/Day,26127375,1.Telco Benefits,5.FUP,"FUP Limit 2GB/Day, Throttled to 64 Kbps Thereafter",PLN-PRE-00039,Prepaid,Retail,Youth,Vi Hero Unlimited,Vodafone Idea,28,2GB/Day High-Speed Data,2,56,GB,Unlimited Calls (Local+STD+NR),100 SMS/Day,2800,No,Yes,No,NA,Free National Roaming,NA,NA,NA,No,64 Kbps,USSD *199#,MyApp | Debit Card,Pan India,23,Q3 FY2023-24,Low Subscriber Uptake,Grandfathered,No,2GB/Day,64 Kbps,Vi Movies & TV Access,20-Sep-23,01-Feb-25
399,₹399.00 (GST Inclusive @18% | Base ₹338.14 + GST ₹60.86),Unlimited,Vi Hero Unlimited 399 (Legacy),16-Dec-23,20-Jan-25,Inactive,"ANE, APR, BIH, DEL, GUJ, HAR, HP, J&K, KAR, KER, KOL, MAH, MPCG, MUM, NE, ORI, PUN, RAJ, ROB, TN, UPE, UPW, WB",UL Calls | 2GB/Day High-Speed Data | 100 SMS/Day,26127375,3.Roaming Benefits,1.Roaming,Domestic Roaming Free (In & Out),PLN-PRE-00039,Prepaid,Retail,Youth,Vi Hero Unlimited,Vodafone Idea,28,2GB/Day High-Speed Data,2,56,GB,Unlimited Calls (Local+STD+NR),100 SMS/Day,2800,No,Yes,No,NA,Free National Roaming,NA,NA,NA,No,64 Kbps,USSD *199#,MyApp | Debit Card,Pan India,23,Q3 FY2023-24,Low Subscriber Uptake,Grandfathered,No,2GB/Day,64 Kbps,Vi Movies & TV Access,20-Sep-23,01-Feb-25
399,₹399.00 (GST Inclusive @18% | Base ₹338.14 + GST ₹60.86),Unlimited,Vi Hero Unlimited 399 (Legacy),16-Dec-23,20-Jan-25,Inactive,"ANE, APR, BIH, DEL, GUJ, HAR, HP, J&K, KAR, KER, KOL, MAH, MPCG, MUM, NE, ORI, PUN, RAJ, ROB, TN, UPE, UPW, WB",UL Calls | 2GB/Day High-Speed Data | 100 SMS/Day,26127375,5.Additional Benefits,1.Additional Benefits,Vi Movies & TV Access,PLN-PRE-00039,Prepaid,Retail,Youth,Vi Hero Unlimited,Vodafone Idea,28,2GB/Day High-Speed Data,2,56,GB,Unlimited Calls (Local+STD+NR),100 SMS/Day,2800,No,Yes,No,NA,Free National Roaming,NA,NA,NA,No,64 Kbps,USSD *199#,MyApp | Debit Card,Pan India,23,Q3 FY2023-24,Low Subscriber Uptake,Grandfathered,No,2GB/Day,64 Kbps,Vi Movies & TV Access,20-Sep-23,01-Feb-25
299,₹299.00 (GST Inclusive @18% | Base ₹253.39 + GST ₹45.61),Unlimited,Vi Hero Unlimited 299 (Legacy),11-Aug-23,25-Jan-26,Inactive,"ANE, APR, BIH, DEL, GUJ, HAR, HP, J&K, KAR, KER, KOL, MAH, MPCG, MUM, NE, ORI, PUN, RAJ, ROB, TN, UPE, UPW, WB",UL Calls | 1GB/Day High-Speed Data | 100 SMS/Day,26128133,1.Telco Benefits,1.Voice,Unlimited Calls (Local+STD+NR),PLN-PRE-00040,Prepaid,Retail,Value,Vi Hero Unlimited,Vodafone Idea,28,1GB/Day High-Speed Data,1,28,GB,Unlimited Calls (Local+STD+NR),100 SMS/Day,2800,No,Yes,No,NA,Free National Roaming,NA,NA,NA,No,64 Kbps,MyApp,Third Party App (PhonePe/Paytm),Pan India,23,Q2 FY2023-24,Low Subscriber Uptake,Withdrawn,Yes,1GB/Day,64 Kbps,Vi Movies & TV Access,15-May-23,27-Jan-26
299,₹299.00 (GST Inclusive @18% | Base ₹253.39 + GST ₹45.61),Unlimited,Vi Hero Unlimited 299 (Legacy),11-Aug-23,25-Jan-26,Inactive,"ANE, APR, BIH, DEL, GUJ, HAR, HP, J&K, KAR, KER, KOL, MAH, MPCG, MUM, NE, ORI, PUN, RAJ, ROB, TN, UPE, UPW, WB",UL Calls | 1GB/Day High-Speed Data | 100 SMS/Day,26128133,1.Telco Benefits,2.Data,Daily Data: 1GB,PLN-PRE-00040,Prepaid,Retail,Value,Vi Hero Unlimited,Vodafone Idea,28,1GB/Day High-Speed Data,1,28,GB,Unlimited Calls (Local+STD+NR),100 SMS/Day,2800,No,Yes,No,NA,Free National Roaming,NA,NA,NA,No,64 Kbps,MyApp,Third Party App (PhonePe/Paytm),Pan India,23,Q2 FY2023-24,Low Subscriber Uptake,Withdrawn,Yes,1GB/Day,64 Kbps,Vi Movies & TV Access,15-May-23,27-Jan-26
299,₹299.00 (GST Inclusive @18% | Base ₹253.39 + GST ₹45.61),Unlimited,Vi Hero Unlimited 299 (Legacy),11-Aug-23,25-Jan-26,Inactive,"ANE, APR, BIH, DEL, GUJ, HAR, HP, J&K, KAR, KER, KOL, MAH, MPCG, MUM, NE, ORI, PUN, RAJ, ROB, TN, UPE, UPW, WB",UL Calls | 1GB/Day High-Speed Data | 100 SMS/Day,26128133,1.Telco Benefits,2.Data,64 Kbps Post Daily Limit,PLN-PRE-00040,Prepaid,Retail,Value,Vi Hero Unlimited,Vodafone Idea,28,1GB/Day High-Speed Data,1,28,GB,Unlimited Calls (Local+STD+NR),100 SMS/Day,2800,No,Yes,No,NA,Free National Roaming,NA,NA,NA,No,64 Kbps,MyApp,Third Party App (PhonePe/Paytm),Pan India,23,Q2 FY2023-24,Low Subscriber Uptake,Withdrawn,Yes,1GB/Day,64 Kbps,Vi Movies & TV Access,15-May-23,27-Jan-26
299,₹299.00 (GST Inclusive @18% | Base ₹253.39 + GST ₹45.61),Unlimited,Vi Hero Unlimited 299 (Legacy),11-Aug-23,25-Jan-26,Inactive,"ANE, APR, BIH, DEL, GUJ, HAR, HP, J&K, KAR, KER, KOL, MAH, MPCG, MUM, NE, ORI, PUN, RAJ, ROB, TN, UPE, UPW, WB",UL Calls | 1GB/Day High-Speed Data | 100 SMS/Day,26128133,1.Telco Benefits,3.SMS,100 SMS/Day,PLN-PRE-00040,Prepaid,Retail,Value,Vi Hero Unlimited,Vodafone Idea,28,1GB/Day High-Speed Data,1,28,GB,Unlimited Calls (Local+STD+NR),100 SMS/Day,2800,No,Yes,No,NA,Free National Roaming,NA,NA,NA,No,64 Kbps,MyApp,Third Party App (PhonePe/Paytm),Pan India,23,Q2 FY2023-24,Low Subscriber Uptake,Withdrawn,Yes,1GB/Day,64 Kbps,Vi Movies & TV Access,15-May-23,27-Jan-26
299,₹299.00 (GST Inclusive @18% | Base ₹253.39 + GST ₹45.61),Unlimited,Vi Hero Unlimited 299 (Legacy),11-Aug-23,25-Jan-26,Inactive,"ANE, APR, BIH, DEL, GUJ, HAR, HP, J&K, KAR, KER, KOL, MAH, MPCG, MUM, NE, ORI, PUN, RAJ, ROB, TN, UPE, UPW, WB",UL Calls | 1GB/Day High-Speed Data | 100 SMS/Day,26128133,1.Telco Benefits,4.Validity,Pack Valid for 28 Days,PLN-PRE-00040,Prepaid,Retail,Value,Vi Hero Unlimited,Vodafone Idea,28,1GB/Day High-Speed Data,1,28,GB,Unlimited Calls (Local+STD+NR),100 SMS/Day,2800,No,Yes,No,NA,Free National Roaming,NA,NA,NA,No,64 Kbps,MyApp,Third Party App (PhonePe/Paytm),Pan India,23,Q2 FY2023-24,Low Subscriber Uptake,Withdrawn,Yes,1GB/Day,64 Kbps,Vi Movies & TV Access,15-May-23,27-Jan-26
299,₹299.00 (GST Inclusive @18% | Base ₹253.39 + GST ₹45.61),Unlimited,Vi Hero Unlimited 299 (Legacy),11-Aug-23,25-Jan-26,Inactive,"ANE, APR, BIH, DEL, GUJ, HAR, HP, J&K, KAR, KER, KOL, MAH, MPCG, MUM, NE, ORI, PUN, RAJ, ROB, TN, UPE, UPW, WB",UL Calls | 1GB/Day High-Speed Data | 100 SMS/Day,26128133,1.Telco Benefits,5.FUP,Beyond 1GB/Day: Speed Capped at 64 Kbps,PLN-PRE-00040,Prepaid,Retail,Value,Vi Hero Unlimited,Vodafone Idea,28,1GB/Day High-Speed Data,1,28,GB,Unlimited Calls (Local+STD+NR),100 SMS/Day,2800,No,Yes,No,NA,Free National Roaming,NA,NA,NA,No,64 Kbps,MyApp,Third Party App (PhonePe/Paytm),Pan India,23,Q2 FY2023-24,Low Subscriber Uptake,Withdrawn,Yes,1GB/Day,64 Kbps,Vi Movies & TV Access,15-May-23,27-Jan-26
299,₹299.00 (GST Inclusive @18% | Base ₹253.39 + GST ₹45.61),Unlimited,Vi Hero Unlimited 299 (Legacy),11-Aug-23,25-Jan-26,Inactive,"ANE, APR, BIH, DEL, GUJ, HAR, HP, J&K, KAR, KER, KOL, MAH, MPCG, MUM, NE, ORI, PUN, RAJ, ROB, TN, UPE, UPW, WB",UL Calls | 1GB/Day High-Speed Data | 100 SMS/Day,26128133,3.Roaming Benefits,1.Roaming,Free National Roaming - Incoming & Outgoing,PLN-PRE-00040,Prepaid,Retail,Value,Vi Hero Unlimited,Vodafone Idea,28,1GB/Day High-Speed Data,1,28,GB,Unlimited Calls (Local+STD+NR),100 SMS/Day,2800,No,Yes,No,NA,Free National Roaming,NA,NA,NA,No,64 Kbps,MyApp,Third Party App (PhonePe/Paytm),Pan India,23,Q2 FY2023-24,Low Subscriber Uptake,Withdrawn,Yes,1GB/Day,64 Kbps,Vi Movies & TV Access,15-May-23,27-Jan-26
299,₹299.00 (GST Inclusive @18% | Base ₹253.39 + GST ₹45.61),Unlimited,Vi Hero Unlimited 299 (Legacy),11-Aug-23,25-Jan-26,Inactive,"ANE, APR, BIH, DEL, GUJ, HAR, HP, J&K, KAR, KER, KOL, MAH, MPCG, MUM, NE, ORI, PUN, RAJ, ROB, TN, UPE, UPW, WB",UL Calls | 1GB/Day High-Speed Data | 100 SMS/Day,26128133,5.Additional Benefits,1.Additional Benefits,Vi Movies & TV Access,PLN-PRE-00040,Prepaid,Retail,Value,Vi Hero Unlimited,Vodafone Idea,28,1GB/Day High-Speed Data,1,28,GB,Unlimited Calls (Local+STD+NR),100 SMS/Day,2800,No,Yes,No,NA,Free National Roaming,NA,NA,NA,No,64 Kbps,MyApp,Third Party App (PhonePe/Paytm),Pan India,23,Q2 FY2023-24,Low Subscriber Uptake,Withdrawn,Yes,1GB/Day,64 Kbps,Vi Movies & TV Access,15-May-23,27-Jan-26
99,₹99.00 (GST Inclusive @18% | Base ₹83.90 + GST ₹15.10),Voice,Vi Hero Unlimited 99 (Legacy),03-Apr-24,15-Nov-25,Inactive,"ANE, APR, BIH, DEL, GUJ, HAR, HP, J&K, KAR, KER, KOL, MAH, MPCG, MUM, NE, ORI, PUN, RAJ, ROB, TN, UPE, UPW, WB",PAYG Calls | 0.2GB Total (Full Validity),26128496,1.Telco Benefits,1.Voice,Pay-As-You-Go Calls @ 1.5p/sec (Talktime ₹99),PLN-PRE-00041,Prepaid,Retail,Entry,Vi Hero Unlimited,Vodafone Idea,18,0.2GB Total (Full Validity),NA,0.2,GB,Pay-As-You-Go Calls,No SMS Benefit,0,No,Yes,No,NA,Free National Roaming,NA,NA,NA,No,64 Kbps,MyApp,Website | Netbanking,Pan India,23,Q1 FY2024-25,Portfolio Rationalisation,Grandfathered,No,0.2GB/Validity,64 Kbps,Vi Movies & TV Access,23-Feb-24,27-Dec-25
99,₹99.00 (GST Inclusive @18% | Base ₹83.90 + GST ₹15.10),Voice,Vi Hero Unlimited 99 (Legacy),03-Apr-24,15-Nov-25,Inactive,"ANE, APR, BIH, DEL, GUJ, HAR, HP, J&K, KAR, KER, KOL, MAH, MPCG, MUM, NE, ORI, PUN, RAJ, ROB, TN, UPE, UPW, WB",PAYG Calls | 0.2GB Total (Full Validity),26128496,1.Telco Benefits,2.Data,0.2GB Total (Full Validity),PLN-PRE-00041,Prepaid,Retail,Entry,Vi Hero Unlimited,Vodafone Idea,18,0.2GB Total (Full Validity),NA,0.2,GB,Pay-As-You-Go Calls,No SMS Benefit,0,No,Yes,No,NA,Free National Roaming,NA,NA,NA,No,64 Kbps,MyApp,Website | Netbanking,Pan India,23,Q1 FY2024-25,Portfolio Rationalisation,Grandfathered,No,0.2GB/Validity,64 Kbps,Vi Movies & TV Access,23-Feb-24,27-Dec-25
99,₹99.00 (GST Inclusive @18% | Base ₹83.90 + GST ₹15.10),Voice,Vi Hero Unlimited 99 (Legacy),03-Apr-24,15-Nov-25,Inactive,"ANE, APR, BIH, DEL, GUJ, HAR, HP, J&K, KAR, KER, KOL, MAH, MPCG, MUM, NE, ORI, PUN, RAJ, ROB, TN, UPE, UPW, WB",PAYG Calls | 0.2GB Total (Full Validity),26128496,1.Telco Benefits,4.Validity,Pack Valid for 18 Days,PLN-PRE-00041,Prepaid,Retail,Entry,Vi Hero Unlimited,Vodafone Idea,18,0.2GB Total (Full Validity),NA,0.2,GB,Pay-As-You-Go Calls,No SMS Benefit,0,No,Yes,No,NA,Free National Roaming,NA,NA,NA,No,64 Kbps,MyApp,Website | Netbanking,Pan India,23,Q1 FY2024-25,Portfolio Rationalisation,Grandfathered,No,0.2GB/Validity,64 Kbps,Vi Movies & TV Access,23-Feb-24,27-Dec-25
99,₹99.00 (GST Inclusive @18% | Base ₹83.90 + GST ₹15.10),Voice,Vi Hero Unlimited 99 (Legacy),03-Apr-24,15-Nov-25,Inactive,"ANE, APR, BIH, DEL, GUJ, HAR, HP, J&K, KAR, KER, KOL, MAH, MPCG, MUM, NE, ORI, PUN, RAJ, ROB, TN, UPE, UPW, WB",PAYG Calls | 0.2GB Total (Full Validity),26128496,1.Telco Benefits,5.FUP,"FUP Limit 0.2GB/Validity, Throttled to 64 Kbps Thereafter",PLN-PRE-00041,Prepaid,Retail,Entry,Vi Hero Unlimited,Vodafone Idea,18,0.2GB Total (Full Validity),NA,0.2,GB,Pay-As-You-Go Calls,No SMS Benefit,0,No,Yes,No,NA,Free National Roaming,NA,NA,NA,No,64 Kbps,MyApp,Website | Netbanking,Pan India,23,Q1 FY2024-25,Portfolio Rationalisation,Grandfathered,No,0.2GB/Validity,64 Kbps,Vi Movies & TV Access,23-Feb-24,27-Dec-25
99,₹99.00 (GST Inclusive @18% | Base ₹83.90 + GST ₹15.10),Voice,Vi Hero Unlimited 99 (Legacy),03-Apr-24,15-Nov-25,Inactive,"ANE, APR, BIH, DEL, GUJ, HAR, HP, J&K, KAR, KER, KOL, MAH, MPCG, MUM, NE, ORI, PUN, RAJ, ROB, TN, UPE, UPW, WB",PAYG Calls | 0.2GB Total (Full Validity),26128496,3.Roaming Benefits,1.Roaming,No National Roaming Charges,PLN-PRE-00041,Prepaid,Retail,Entry,Vi Hero Unlimited,Vodafone Idea,18,0.2GB Total (Full Validity),NA,0.2,GB,Pay-As-You-Go Calls,No SMS Benefit,0,No,Yes,No,NA,Free National Roaming,NA,NA,NA,No,64 Kbps,MyApp,Website | Netbanking,Pan India,23,Q1 FY2024-25,Portfolio Rationalisation,Grandfathered,No,0.2GB/Validity,64 Kbps,Vi Movies & TV Access,23-Feb-24,27-Dec-25
99,₹99.00 (GST Inclusive @18% | Base ₹83.90 + GST ₹15.10),Voice,Vi Hero Unlimited 99 (Legacy),03-Apr-24,15-Nov-25,Inactive,"ANE, APR, BIH, DEL, GUJ, HAR, HP, J&K, KAR, KER, KOL, MAH, MPCG, MUM, NE, ORI, PUN, RAJ, ROB, TN, UPE, UPW, WB",PAYG Calls | 0.2GB Total (Full Validity),26128496,5.Additional Benefits,1.Additional Benefits,Vi Movies & TV Access,PLN-PRE-00041,Prepaid,Retail,Entry,Vi Hero Unlimited,Vodafone Idea,18,0.2GB Total (Full Validity),NA,0.2,GB,Pay-As-You-Go Calls,No SMS Benefit,0,No,Yes,No,NA,Free National Roaming,NA,NA,NA,No,64 Kbps,MyApp,Website | Netbanking,Pan India,23,Q1 FY2024-25,Portfolio Rationalisation,Grandfathered,No,0.2GB/Validity,64 Kbps,Vi Movies & TV Access,23-Feb-24,27-Dec-25
3199,₹3199.00 (GST Inclusive @18% | Base ₹2711.02 + GST ₹487.98),Unlimited,Vi Hero Unlimited Annual 3199 (Legacy),20-Dec-23,01-Jan-26,Inactive,"DEL, HAR, HP, J&K, PUN, RAJ, UPE, UPW",UL Calls | 1.5GB/Day High-Speed Data | 100 SMS/Day | Unlimited 5G,26128879,1.Telco Benefits,1.Voice,Unltd Local+STD+NR Calls,PLN-PRE-00042,Prepaid,Retail,Premium,Vi Hero Unlimited,Vodafone Idea,365,1.5GB/Day High-Speed Data,1.5,547.5,GB,Unlimited Calls (Local+STD+NR),100 SMS/Day,36500,Yes,Yes,No,NA,Free National Roaming,NA,NA,NA,No,64 Kbps,USSD *199#,Retail Outlet | Cash,North,8,Q3 FY2023-24,Migrated to 5G Pack Portfolio,Grandfathered,No,1.5GB/Day,64 Kbps,Vi Movies & TV Access,13-Oct-23,04-Feb-26
3199,₹3199.00 (GST Inclusive @18% | Base ₹2711.02 + GST ₹487.98),Unlimited,Vi Hero Unlimited Annual 3199 (Legacy),20-Dec-23,01-Jan-26,Inactive,"DEL, HAR, HP, J&K, PUN, RAJ, UPE, UPW",UL Calls | 1.5GB/Day High-Speed Data | 100 SMS/Day | Unlimited 5G,26128879,1.Telco Benefits,2.Data,1.5GB High Speed Data Per Day,PLN-PRE-00042,Prepaid,Retail,Premium,Vi Hero Unlimited,Vodafone Idea,365,1.5GB/Day High-Speed Data,1.5,547.5,GB,Unlimited Calls (Local+STD+NR),100 SMS/Day,36500,Yes,Yes,No,NA,Free National Roaming,NA,NA,NA,No,64 Kbps,USSD *199#,Retail Outlet | Cash,North,8,Q3 FY2023-24,Migrated to 5G Pack Portfolio,Grandfathered,No,1.5GB/Day,64 Kbps,Vi Movies & TV Access,13-Oct-23,04-Feb-26
3199,₹3199.00 (GST Inclusive @18% | Base ₹2711.02 + GST ₹487.98),Unlimited,Vi Hero Unlimited Annual 3199 (Legacy),20-Dec-23,01-Jan-26,Inactive,"DEL, HAR, HP, J&K, PUN, RAJ, UPE, UPW",UL Calls | 1.5GB/Day High-Speed Data | 100 SMS/Day | Unlimited 5G,26128879,1.Telco Benefits,2.Data,64 Kbps Post Daily Limit,PLN-PRE-00042,Prepaid,Retail,Premium,Vi Hero Unlimited,Vodafone Idea,365,1.5GB/Day High-Speed Data,1.5,547.5,GB,Unlimited Calls (Local+STD+NR),100 SMS/Day,36500,Yes,Yes,No,NA,Free National Roaming,NA,NA,NA,No,64 Kbps,USSD *199#,Retail Outlet | Cash,North,8,Q3 FY2023-24,Migrated to 5G Pack Portfolio,Grandfathered,No,1.5GB/Day,64 Kbps,Vi Movies & TV Access,13-Oct-23,04-Feb-26
3199,₹3199.00 (GST Inclusive @18% | Base ₹2711.02 + GST ₹487.98),Unlimited,Vi Hero Unlimited Annual 3199 (Legacy),20-Dec-23,01-Jan-26,Inactive,"DEL, HAR, HP, J&K, PUN, RAJ, UPE, UPW",UL Calls | 1.5GB/Day High-Speed Data | 100 SMS/Day | Unlimited 5G,26128879,1.Telco Benefits,2.Data,Unlimited 5G DATA in cities where 5G is launched,PLN-PRE-00042,Prepaid,Retail,Premium,Vi Hero Unlimited,Vodafone Idea,365,1.5GB/Day High-Speed Data,1.5,547.5,GB,Unlimited Calls (Local+STD+NR),100 SMS/Day,36500,Yes,Yes,No,NA,Free National Roaming,NA,NA,NA,No,64 Kbps,USSD *199#,Retail Outlet | Cash,North,8,Q3 FY2023-24,Migrated to 5G Pack Portfolio,Grandfathered,No,1.5GB/Day,64 Kbps,Vi Movies & TV Access,13-Oct-23,04-Feb-26
3199,₹3199.00 (GST Inclusive @18% | Base ₹2711.02 + GST ₹487.98),Unlimited,Vi Hero Unlimited Annual 3199 (Legacy),20-Dec-23,01-Jan-26,Inactive,"DEL, HAR, HP, J&K, PUN, RAJ, UPE, UPW",UL Calls | 1.5GB/Day High-Speed Data | 100 SMS/Day | Unlimited 5G,26128879,1.Telco Benefits,3.SMS,100 Free SMS/Day,PLN-PRE-00042,Prepaid,Retail,Premium,Vi Hero Unlimited,Vodafone Idea,365,1.5GB/Day High-Speed Data,1.5,547.5,GB,Unlimited Calls (Local+STD+NR),100 SMS/Day,36500,Yes,Yes,No,NA,Free National Roaming,NA,NA,NA,No,64 Kbps,USSD *199#,Retail Outlet | Cash,North,8,Q3 FY2023-24,Migrated to 5G Pack Portfolio,Grandfathered,No,1.5GB/Day,64 Kbps,Vi Movies & TV Access,13-Oct-23,04-Feb-26
3199,₹3199.00 (GST Inclusive @18% | Base ₹2711.02 + GST ₹487.98),Unlimited,Vi Hero Unlimited Annual 3199 (Legacy),20-Dec-23,01-Jan-26,Inactive,"DEL, HAR, HP, J&K, PUN, RAJ, UPE, UPW",UL Calls | 1.5GB/Day High-Speed Data | 100 SMS/Day | Unlimited 5G,26128879,1.Telco Benefits,4.Validity,365 Days Validity,PLN-PRE-00042,Prepaid,Retail,Premium,Vi Hero Unlimited,Vodafone Idea,365,1.5GB/Day High-Speed Data,1.5,547.5,GB,Unlimited Calls (Local+STD+NR),100 SMS/Day,36500,Yes,Yes,No,NA,Free National Roaming,NA,NA,NA,No,64 Kbps,USSD *199#,Retail Outlet | Cash,North,8,Q3 FY2023-24,Migrated to 5G Pack Portfolio,Grandfathered,No,1.5GB/Day,64 Kbps,Vi Movies & TV Access,13-Oct-23,04-Feb-26
3199,₹3199.00 (GST Inclusive @18% | Base ₹2711.02 + GST ₹487.98),Unlimited,Vi Hero Unlimited Annual 3199 (Legacy),20-Dec-23,01-Jan-26,Inactive,"DEL, HAR, HP, J&K, PUN, RAJ, UPE, UPW",UL Calls | 1.5GB/Day High-Speed Data | 100 SMS/Day | Unlimited 5G,26128879,1.Telco Benefits,5.FUP,"FUP Limit 1.5GB/Day, Throttled to 64 Kbps Thereafter",PLN-PRE-00042,Prepaid,Retail,Premium,Vi Hero Unlimited,Vodafone Idea,365,1.5GB/Day High-Speed Data,1.5,547.5,GB,Unlimited Calls (Local+STD+NR),100 SMS/Day,36500,Yes,Yes,No,NA,Free National Roaming,NA,NA,NA,No,64 Kbps,USSD *199#,Retail Outlet | Cash,North,8,Q3 FY2023-24,Migrated to 5G Pack Portfolio,Grandfathered,No,1.5GB/Day,64 Kbps,Vi Movies & TV Access,13-Oct-23,04-Feb-26
3199,₹3199.00 (GST Inclusive @18% | Base ₹2711.02 + GST ₹487.98),Unlimited,Vi Hero Unlimited Annual 3199 (Legacy),20-Dec-23,01-Jan-26,Inactive,"DEL, HAR, HP, J&K, PUN, RAJ, UPE, UPW",UL Calls | 1.5GB/Day High-Speed Data | 100 SMS/Day | Unlimited 5G,26128879,3.Roaming Benefits,1.Roaming,Free National Roaming (Incoming+Outgoing),PLN-PRE-00042,Prepaid,Retail,Premium,Vi Hero Unlimited,Vodafone Idea,365,1.5GB/Day High-Speed Data,1.5,547.5,GB,Unlimited Calls (Local+STD+NR),100 SMS/Day,36500,Yes,Yes,No,NA,Free National Roaming,NA,NA,NA,No,64 Kbps,USSD *199#,Retail Outlet | Cash,North,8,Q3 FY2023-24,Migrated to 5G Pack Portfolio,Grandfathered,No,1.5GB/Day,64 Kbps,Vi Movies & TV Access,13-Oct-23,04-Feb-26
3199,₹3199.00 (GST Inclusive @18% | Base ₹2711.02 + GST ₹487.98),Unlimited,Vi Hero Unlimited Annual 3199 (Legacy),20-Dec-23,01-Jan-26,Inactive,"DEL, HAR, HP, J&K, PUN, RAJ, UPE, UPW",UL Calls | 1.5GB/Day High-Speed Data | 100 SMS/Day | Unlimited 5G,26128879,5.Additional Benefits,1.Additional Benefits,Vi Movies & TV Access,PLN-PRE-00042,Prepaid,Retail,Premium,Vi Hero Unlimited,Vodafone Idea,365,1.5GB/Day High-Speed Data,1.5,547.5,GB,Unlimited Calls (Local+STD+NR),100 SMS/Day,36500,Yes,Yes,No,NA,Free National Roaming,NA,NA,NA,No,64 Kbps,USSD *199#,Retail Outlet | Cash,North,8,Q3 FY2023-24,Migrated to 5G Pack Portfolio,Grandfathered,No,1.5GB/Day,64 Kbps,Vi Movies & TV Access,13-Oct-23,04-Feb-26
401,₹401.00 + GST ₹72.18 (18%) = ₹473.18,Individual,Vi Max 401 (Legacy),05-Mar-23,13-Nov-24,Inactive,"ANE, APR, BIH, DEL, GUJ, HAR, HP, J&K, KAR, KER, KOL, MAH, MPCG, MUM, NE, ORI, PUN, RAJ, ROB, TN, UPE, UPW, WB",UL Calls | 30GB Total (Full Validity) | 3000SMS,26129534,1.Telco Benefits,1.Voice,Unlimited Calls (Local+STD+NR),PLN-POST-00015,Postpaid,Retail,Mass,Vi Max,Vodafone Idea,30,30GB Total (Full Validity),NA,30,GB,Unlimited Calls (Local+STD+NR),3000 SMS (Full Validity),3000,No,Yes,No,NA,Free National Roaming,NA,NA,NA,Yes,64 Kbps,Website,Website | Netbanking,Pan India,23,Q4 FY2022-23,Low Subscriber Uptake,Withdrawn,Yes,30GB/Validity,64 Kbps,Monthly Bill on Single Invoice | Unused Data Rollover,13-Jan-23,17-Dec-24
401,₹401.00 + GST ₹72.18 (18%) = ₹473.18,Individual,Vi Max 401 (Legacy),05-Mar-23,13-Nov-24,Inactive,"ANE, APR, BIH, DEL, GUJ, HAR, HP, J&K, KAR, KER, KOL, MAH, MPCG, MUM, NE, ORI, PUN, RAJ, ROB, TN, UPE, UPW, WB",UL Calls | 30GB Total (Full Validity) | 3000SMS,26129534,1.Telco Benefits,2.Data,Total Data: 30GB for Full Validity,PLN-POST-00015,Postpaid,Retail,Mass,Vi Max,Vodafone Idea,30,30GB Total (Full Validity),NA,30,GB,Unlimited Calls (Local+STD+NR),3000 SMS (Full Validity),3000,No,Yes,No,NA,Free National Roaming,NA,NA,NA,Yes,64 Kbps,Website,Website | Netbanking,Pan India,23,Q4 FY2022-23,Low Subscriber Uptake,Withdrawn,Yes,30GB/Validity,64 Kbps,Monthly Bill on Single Invoice | Unused Data Rollover,13-Jan-23,17-Dec-24
401,₹401.00 + GST ₹72.18 (18%) = ₹473.18,Individual,Vi Max 401 (Legacy),05-Mar-23,13-Nov-24,Inactive,"ANE, APR, BIH, DEL, GUJ, HAR, HP, J&K, KAR, KER, KOL, MAH, MPCG, MUM, NE, ORI, PUN, RAJ, ROB, TN, UPE, UPW, WB",UL Calls | 30GB Total (Full Validity) | 3000SMS,26129534,1.Telco Benefits,3.SMS,3000 SMS,PLN-POST-00015,Postpaid,Retail,Mass,Vi Max,Vodafone Idea,30,30GB Total (Full Validity),NA,30,GB,Unlimited Calls (Local+STD+NR),3000 SMS (Full Validity),3000,No,Yes,No,NA,Free National Roaming,NA,NA,NA,Yes,64 Kbps,Website,Website | Netbanking,Pan India,23,Q4 FY2022-23,Low Subscriber Uptake,Withdrawn,Yes,30GB/Validity,64 Kbps,Monthly Bill on Single Invoice | Unused Data Rollover,13-Jan-23,17-Dec-24
401,₹401.00 + GST ₹72.18 (18%) = ₹473.18,Individual,Vi Max 401 (Legacy),05-Mar-23,13-Nov-24,Inactive,"ANE, APR, BIH, DEL, GUJ, HAR, HP, J&K, KAR, KER, KOL, MAH, MPCG, MUM, NE, ORI, PUN, RAJ, ROB, TN, UPE, UPW, WB",UL Calls | 30GB Total (Full Validity) | 3000SMS,26129534,1.Telco Benefits,4.Validity,Validity: 30 Days,PLN-POST-00015,Postpaid,Retail,Mass,Vi Max,Vodafone Idea,30,30GB Total (Full Validity),NA,30,GB,Unlimited Calls (Local+STD+NR),3000 SMS (Full Validity),3000,No,Yes,No,NA,Free National Roaming,NA,NA,NA,Yes,64 Kbps,Website,Website | Netbanking,Pan India,23,Q4 FY2022-23,Low Subscriber Uptake,Withdrawn,Yes,30GB/Validity,64 Kbps,Monthly Bill on Single Invoice | Unused Data Rollover,13-Jan-23,17-Dec-24
401,₹401.00 + GST ₹72.18 (18%) = ₹473.18,Individual,Vi Max 401 (Legacy),05-Mar-23,13-Nov-24,Inactive,"ANE, APR, BIH, DEL, GUJ, HAR, HP, J&K, KAR, KER, KOL, MAH, MPCG, MUM, NE, ORI, PUN, RAJ, ROB, TN, UPE, UPW, WB",UL Calls | 30GB Total (Full Validity) | 3000SMS,26129534,1.Telco Benefits,5.FUP,Post 30GB/Validity FUP - Speed Reduced to 64 Kbps,PLN-POST-00015,Postpaid,Retail,Mass,Vi Max,Vodafone Idea,30,30GB Total (Full Validity),NA,30,GB,Unlimited Calls (Local+STD+NR),3000 SMS (Full Validity),3000,No,Yes,No,NA,Free National Roaming,NA,NA,NA,Yes,64 Kbps,Website,Website | Netbanking,Pan India,23,Q4 FY2022-23,Low Subscriber Uptake,Withdrawn,Yes,30GB/Validity,64 Kbps,Monthly Bill on Single Invoice | Unused Data Rollover,13-Jan-23,17-Dec-24
401,₹401.00 + GST ₹72.18 (18%) = ₹473.18,Individual,Vi Max 401 (Legacy),05-Mar-23,13-Nov-24,Inactive,"ANE, APR, BIH, DEL, GUJ, HAR, HP, J&K, KAR, KER, KOL, MAH, MPCG, MUM, NE, ORI, PUN, RAJ, ROB, TN, UPE, UPW, WB",UL Calls | 30GB Total (Full Validity) | 3000SMS,26129534,3.Roaming Benefits,1.Roaming,Free National Roaming (Incoming+Outgoing),PLN-POST-00015,Postpaid,Retail,Mass,Vi Max,Vodafone Idea,30,30GB Total (Full Validity),NA,30,GB,Unlimited Calls (Local+STD+NR),3000 SMS (Full Validity),3000,No,Yes,No,NA,Free National Roaming,NA,NA,NA,Yes,64 Kbps,Website,Website | Netbanking,Pan India,23,Q4 FY2022-23,Low Subscriber Uptake,Withdrawn,Yes,30GB/Validity,64 Kbps,Monthly Bill on Single Invoice | Unused Data Rollover,13-Jan-23,17-Dec-24
401,₹401.00 + GST ₹72.18 (18%) = ₹473.18,Individual,Vi Max 401 (Legacy),05-Mar-23,13-Nov-24,Inactive,"ANE, APR, BIH, DEL, GUJ, HAR, HP, J&K, KAR, KER, KOL, MAH, MPCG, MUM, NE, ORI, PUN, RAJ, ROB, TN, UPE, UPW, WB",UL Calls | 30GB Total (Full Validity) | 3000SMS,26129534,5.Additional Benefits,1.Additional Benefits,Monthly Bill on Single Invoice | Unused Data Rollover,PLN-POST-00015,Postpaid,Retail,Mass,Vi Max,Vodafone Idea,30,30GB Total (Full Validity),NA,30,GB,Unlimited Calls (Local+STD+NR),3000 SMS (Full Validity),3000,No,Yes,No,NA,Free National Roaming,NA,NA,NA,Yes,64 Kbps,Website,Website | Netbanking,Pan India,23,Q4 FY2022-23,Low Subscriber Uptake,Withdrawn,Yes,30GB/Validity,64 Kbps,Monthly Bill on Single Invoice | Unused Data Rollover,13-Jan-23,17-Dec-24
449,₹449.00 (GST Inclusive @18% | Base ₹380.51 + GST ₹68.49),Unlimited,Vi Hero Unlimited 449 (Legacy),24-Oct-23,28-Aug-25,Inactive,"BIH, KOL, WB",UL Calls | 1GB/Day High-Speed Data | 100 SMS/Day,26130178,1.Telco Benefits,1.Voice,Unlimited Calls (Local+STD+NR),PLN-PRE-00043,Prepaid,Retail,Mass,Vi Hero Unlimited,Vodafone Idea,56,1GB/Day High-Speed Data,1,56,GB,Unlimited Calls (Local+STD+NR),100 SMS/Day,5600,No,Yes,No,NA,Free National Roaming,NA,NA,NA,No,64 Kbps,Mini Store,Retail Outlet | Cash,East,3,Q3 FY2023-24,Regulatory Tariff Revision,Grandfathered,No,1GB/Day,64 Kbps,Vi Movies & TV Access,30-Jul-23,16-Sep-25
449,₹449.00 (GST Inclusive @18% | Base ₹380.51 + GST ₹68.49),Unlimited,Vi Hero Unlimited 449 (Legacy),24-Oct-23,28-Aug-25,Inactive,"BIH, KOL, WB",UL Calls | 1GB/Day High-Speed Data | 100 SMS/Day,26130178,1.Telco Benefits,2.Data,1 GB/Day 4G/5G Data,PLN-PRE-00043,Prepaid,Retail,Mass,Vi Hero Unlimited,Vodafone Idea,56,1GB/Day High-Speed Data,1,56,GB,Unlimited Calls (Local+STD+NR),100 SMS/Day,5600,No,Yes,No,NA,Free National Roaming,NA,NA,NA,No,64 Kbps,Mini Store,Retail Outlet | Cash,East,3,Q3 FY2023-24,Regulatory Tariff Revision,Grandfathered,No,1GB/Day,64 Kbps,Vi Movies & TV Access,30-Jul-23,16-Sep-25
449,₹449.00 (GST Inclusive @18% | Base ₹380.51 + GST ₹68.49),Unlimited,Vi Hero Unlimited 449 (Legacy),24-Oct-23,28-Aug-25,Inactive,"BIH, KOL, WB",UL Calls | 1GB/Day High-Speed Data | 100 SMS/Day,26130178,1.Telco Benefits,2.Data,Post Daily FUP Speed: 64 Kbps,PLN-PRE-00043,Prepaid,Retail,Mass,Vi Hero Unlimited,Vodafone Idea,56,1GB/Day High-Speed Data,1,56,GB,Unlimited Calls (Local+STD+NR),100 SMS/Day,5600,No,Yes,No,NA,Free National Roaming,NA,NA,NA,No,64 Kbps,Mini Store,Retail Outlet | Cash,East,3,Q3 FY2023-24,Regulatory Tariff Revision,Grandfathered,No,1GB/Day,64 Kbps,Vi Movies & TV Access,30-Jul-23,16-Sep-25
449,₹449.00 (GST Inclusive @18% | Base ₹380.51 + GST ₹68.49),Unlimited,Vi Hero Unlimited 449 (Legacy),24-Oct-23,28-Aug-25,Inactive,"BIH, KOL, WB",UL Calls | 1GB/Day High-Speed Data | 100 SMS/Day,26130178,1.Telco Benefits,3.SMS,100 Free SMS/Day,PLN-PRE-00043,Prepaid,Retail,Mass,Vi Hero Unlimited,Vodafone Idea,56,1GB/Day High-Speed Data,1,56,GB,Unlimited Calls (Local+STD+NR),100 SMS/Day,5600,No,Yes,No,NA,Free National Roaming,NA,NA,NA,No,64 Kbps,Mini Store,Retail Outlet | Cash,East,3,Q3 FY2023-24,Regulatory Tariff Revision,Grandfathered,No,1GB/Day,64 Kbps,Vi Movies & TV Access,30-Jul-23,16-Sep-25
449,₹449.00 (GST Inclusive @18% | Base ₹380.51 + GST ₹68.49),Unlimited,Vi Hero Unlimited 449 (Legacy),24-Oct-23,28-Aug-25,Inactive,"BIH, KOL, WB",UL Calls | 1GB/Day High-Speed Data | 100 SMS/Day,26130178,1.Telco Benefits,4.Validity,56 Days Validity,PLN-PRE-00043,Prepaid,Retail,Mass,Vi Hero Unlimited,Vodafone Idea,56,1GB/Day High-Speed Data,1,56,GB,Unlimited Calls (Local+STD+NR),100 SMS/Day,5600,No,Yes,No,NA,Free National Roaming,NA,NA,NA,No,64 Kbps,Mini Store,Retail Outlet | Cash,East,3,Q3 FY2023-24,Regulatory Tariff Revision,Grandfathered,No,1GB/Day,64 Kbps,Vi Movies & TV Access,30-Jul-23,16-Sep-25
449,₹449.00 (GST Inclusive @18% | Base ₹380.51 + GST ₹68.49),Unlimited,Vi Hero Unlimited 449 (Legacy),24-Oct-23,28-Aug-25,Inactive,"BIH, KOL, WB",UL Calls | 1GB/Day High-Speed Data | 100 SMS/Day,26130178,1.Telco Benefits,5.FUP,Beyond 1GB/Day: Speed Capped at 64 Kbps,PLN-PRE-00043,Prepaid,Retail,Mass,Vi Hero Unlimited,Vodafone Idea,56,1GB/Day High-Speed Data,1,56,GB,Unlimited Calls (Local+STD+NR),100 SMS/Day,5600,No,Yes,No,NA,Free National Roaming,NA,NA,NA,No,64 Kbps,Mini Store,Retail Outlet | Cash,East,3,Q3 FY2023-24,Regulatory Tariff Revision,Grandfathered,No,1GB/Day,64 Kbps,Vi Movies & TV Access,30-Jul-23,16-Sep-25
449,₹449.00 (GST Inclusive @18% | Base ₹380.51 + GST ₹68.49),Unlimited,Vi Hero Unlimited 449 (Legacy),24-Oct-23,28-Aug-25,Inactive,"BIH, KOL, WB",UL Calls | 1GB/Day High-Speed Data | 100 SMS/Day,26130178,3.Roaming Benefits,1.Roaming,Free National Roaming (Incoming+Outgoing),PLN-PRE-00043,Prepaid,Retail,Mass,Vi Hero Unlimited,Vodafone Idea,56,1GB/Day High-Speed Data,1,56,GB,Unlimited Calls (Local+STD+NR),100 SMS/Day,5600,No,Yes,No,NA,Free National Roaming,NA,NA,NA,No,64 Kbps,Mini Store,Retail Outlet | Cash,East,3,Q3 FY2023-24,Regulatory Tariff Revision,Grandfathered,No,1GB/Day,64 Kbps,Vi Movies & TV Access,30-Jul-23,16-Sep-25
449,₹449.00 (GST Inclusive @18% | Base ₹380.51 + GST ₹68.49),Unlimited,Vi Hero Unlimited 449 (Legacy),24-Oct-23,28-Aug-25,Inactive,"BIH, KOL, WB",UL Calls | 1GB/Day High-Speed Data | 100 SMS/Day,26130178,5.Additional Benefits,1.Additional Benefits,Vi Movies & TV Access,PLN-PRE-00043,Prepaid,Retail,Mass,Vi Hero Unlimited,Vodafone Idea,56,1GB/Day High-Speed Data,1,56,GB,Unlimited Calls (Local+STD+NR),100 SMS/Day,5600,No,Yes,No,NA,Free National Roaming,NA,NA,NA,No,64 Kbps,Mini Store,Retail Outlet | Cash,East,3,Q3 FY2023-24,Regulatory Tariff Revision,Grandfathered,No,1GB/Day,64 Kbps,Vi Movies & TV Access,30-Jul-23,16-Sep-25
29,₹29.00 (GST Inclusive @18% | Base ₹24.58 + GST ₹4.42),Data,Vi Hero Unlimited Data Booster 29 (Legacy),08-Feb-24,29-Sep-24,Inactive,"KOL, ORI, ROB",Data Only | 1.5GB Total (Full Validity),26131051,1.Telco Benefits,1.Voice,Voice: NA (Data Add-on),PLN-PRE-00044,Prepaid,Retail,Data Add-On,Vi Hero Unlimited,Vodafone Idea,2,1.5GB Total (Full Validity),NA,1.5,GB,No Voice Benefit (Data Only Pack),No SMS Benefit,0,No,Yes,No,NA,NA,NA,NA,NA,No,64 Kbps,Website,Retail Outlet | Cash,East,3,Q4 FY2023-24,Circle-wise Pack Harmonisation,Withdrawn,Yes,1.5GB/Validity,64 Kbps,NA,05-Dec-23,03-Oct-24
29,₹29.00 (GST Inclusive @18% | Base ₹24.58 + GST ₹4.42),Data,Vi Hero Unlimited Data Booster 29 (Legacy),08-Feb-24,29-Sep-24,Inactive,"KOL, ORI, ROB",Data Only | 1.5GB Total (Full Validity),26131051,1.Telco Benefits,2.Data,Total Data: 1.5GB for Full Validity,PLN-PRE-00044,Prepaid,Retail,Data Add-On,Vi Hero Unlimited,Vodafone Idea,2,1.5GB Total (Full Validity),NA,1.5,GB,No Voice Benefit (Data Only Pack),No SMS Benefit,0,No,Yes,No,NA,NA,NA,NA,NA,No,64 Kbps,Website,Retail Outlet | Cash,East,3,Q4 FY2023-24,Circle-wise Pack Harmonisation,Withdrawn,Yes,1.5GB/Validity,64 Kbps,NA,05-Dec-23,03-Oct-24
29,₹29.00 (GST Inclusive @18% | Base ₹24.58 + GST ₹4.42),Data,Vi Hero Unlimited Data Booster 29 (Legacy),08-Feb-24,29-Sep-24,Inactive,"KOL, ORI, ROB",Data Only | 1.5GB Total (Full Validity),26131051,1.Telco Benefits,4.Validity,Validity: 2 Days,PLN-PRE-00044,Prepaid,Retail,Data Add-On,Vi Hero Unlimited,Vodafone Idea,2,1.5GB Total (Full Validity),NA,1.5,GB,No Voice Benefit (Data Only Pack),No SMS Benefit,0,No,Yes,No,NA,NA,NA,NA,NA,No,64 Kbps,Website,Retail Outlet | Cash,East,3,Q4 FY2023-24,Circle-wise Pack Harmonisation,Withdrawn,Yes,1.5GB/Validity,64 Kbps,NA,05-Dec-23,03-Oct-24
29,₹29.00 (GST Inclusive @18% | Base ₹24.58 + GST ₹4.42),Data,Vi Hero Unlimited Data Booster 29 (Legacy),08-Feb-24,29-Sep-24,Inactive,"KOL, ORI, ROB",Data Only | 1.5GB Total (Full Validity),26131051,1.Telco Benefits,5.FUP,Post 1.5GB/Validity FUP - Speed Reduced to 64 Kbps,PLN-PRE-00044,Prepaid,Retail,Data Add-On,Vi Hero Unlimited,Vodafone Idea,2,1.5GB Total (Full Validity),NA,1.5,GB,No Voice Benefit (Data Only Pack),No SMS Benefit,0,No,Yes,No,NA,NA,NA,NA,NA,No,64 Kbps,Website,Retail Outlet | Cash,East,3,Q4 FY2023-24,Circle-wise Pack Harmonisation,Withdrawn,Yes,1.5GB/Validity,64 Kbps,NA,05-Dec-23,03-Oct-24
499,₹499.00 (GST Inclusive @18% | Base ₹422.88 + GST ₹76.12),Unlimited,Vi Hero Unlimited 499 (Legacy),15-Apr-23,02-Feb-25,Inactive,"GUJ, MAH, MUM",UL Calls | 1.5GB/Day High-Speed Data | 100 SMS/Day | Unlimited 5G,26131687,1.Telco Benefits,1.Voice,UL Local & STD Calls incl. NR,PLN-PRE-00045,Prepaid,Retail,Mass,Vi Hero Unlimited,Vodafone Idea,56,1.5GB/Day High-Speed Data,1.5,84,GB,Unlimited Calls (Local+STD+NR),100 SMS/Day,5600,Yes,Yes,No,NA,Free National Roaming,NA,NA,NA,No,64 Kbps,Call Center,Retail Outlet | Cash,West,3,Q1 FY2023-24,Replaced by Revised Pack,Withdrawn,Yes,1.5GB/Day,64 Kbps,Vi Movies & TV Access,17-Mar-23,06-Feb-25
499,₹499.00 (GST Inclusive @18% | Base ₹422.88 + GST ₹76.12),Unlimited,Vi Hero Unlimited 499 (Legacy),15-Apr-23,02-Feb-25,Inactive,"GUJ, MAH, MUM",UL Calls | 1.5GB/Day High-Speed Data | 100 SMS/Day | Unlimited 5G,26131687,1.Telco Benefits,2.Data,Daily Data: 1.5GB,PLN-PRE-00045,Prepaid,Retail,Mass,Vi Hero Unlimited,Vodafone Idea,56,1.5GB/Day High-Speed Data,1.5,84,GB,Unlimited Calls (Local+STD+NR),100 SMS/Day,5600,Yes,Yes,No,NA,Free National Roaming,NA,NA,NA,No,64 Kbps,Call Center,Retail Outlet | Cash,West,3,Q1 FY2023-24,Replaced by Revised Pack,Withdrawn,Yes,1.5GB/Day,64 Kbps,Vi Movies & TV Access,17-Mar-23,06-Feb-25
499,₹499.00 (GST Inclusive @18% | Base ₹422.88 + GST ₹76.12),Unlimited,Vi Hero Unlimited 499 (Legacy),15-Apr-23,02-Feb-25,Inactive,"GUJ, MAH, MUM",UL Calls | 1.5GB/Day High-Speed Data | 100 SMS/Day | Unlimited 5G,26131687,1.Telco Benefits,2.Data,Reduced Speed (64kbps) After Daily Data Exhausted,PLN-PRE-00045,Prepaid,Retail,Mass,Vi Hero Unlimited,Vodafone Idea,56,1.5GB/Day High-Speed Data,1.5,84,GB,Unlimited Calls (Local+STD+NR),100 SMS/Day,5600,Yes,Yes,No,NA,Free National Roaming,NA,NA,NA,No,64 Kbps,Call Center,Retail Outlet | Cash,West,3,Q1 FY2023-24,Replaced by Revised Pack,Withdrawn,Yes,1.5GB/Day,64 Kbps,Vi Movies & TV Access,17-Mar-23,06-Feb-25
499,₹499.00 (GST Inclusive @18% | Base ₹422.88 + GST ₹76.12),Unlimited,Vi Hero Unlimited 499 (Legacy),15-Apr-23,02-Feb-25,Inactive,"GUJ, MAH, MUM",UL Calls | 1.5GB/Day High-Speed Data | 100 SMS/Day | Unlimited 5G,26131687,1.Telco Benefits,2.Data,Unlimited 5G Browsing in 5G Coverage Areas,PLN-PRE-00045,Prepaid,Retail,Mass,Vi Hero Unlimited,Vodafone Idea,56,1.5GB/Day High-Speed Data,1.5,84,GB,Unlimited Calls (Local+STD+NR),100 SMS/Day,5600,Yes,Yes,No,NA,Free National Roaming,NA,NA,NA,No,64 Kbps,Call Center,Retail Outlet | Cash,West,3,Q1 FY2023-24,Replaced by Revised Pack,Withdrawn,Yes,1.5GB/Day,64 Kbps,Vi Movies & TV Access,17-Mar-23,06-Feb-25
499,₹499.00 (GST Inclusive @18% | Base ₹422.88 + GST ₹76.12),Unlimited,Vi Hero Unlimited 499 (Legacy),15-Apr-23,02-Feb-25,Inactive,"GUJ, MAH, MUM",UL Calls | 1.5GB/Day High-Speed Data | 100 SMS/Day | Unlimited 5G,26131687,1.Telco Benefits,3.SMS,100 Free SMS/Day,PLN-PRE-00045,Prepaid,Retail,Mass,Vi Hero Unlimited,Vodafone Idea,56,1.5GB/Day High-Speed Data,1.5,84,GB,Unlimited Calls (Local+STD+NR),100 SMS/Day,5600,Yes,Yes,No,NA,Free National Roaming,NA,NA,NA,No,64 Kbps,Call Center,Retail Outlet | Cash,West,3,Q1 FY2023-24,Replaced by Revised Pack,Withdrawn,Yes,1.5GB/Day,64 Kbps,Vi Movies & TV Access,17-Mar-23,06-Feb-25
499,₹499.00 (GST Inclusive @18% | Base ₹422.88 + GST ₹76.12),Unlimited,Vi Hero Unlimited 499 (Legacy),15-Apr-23,02-Feb-25,Inactive,"GUJ, MAH, MUM",UL Calls | 1.5GB/Day High-Speed Data | 100 SMS/Day | Unlimited 5G,26131687,1.Telco Benefits,4.Validity,Pack Valid for 56 Days,PLN-PRE-00045,Prepaid,Retail,Mass,Vi Hero Unlimited,Vodafone Idea,56,1.5GB/Day High-Speed Data,1.5,84,GB,Unlimited Calls (Local+STD+NR),100 SMS/Day,5600,Yes,Yes,No,NA,Free National Roaming,NA,NA,NA,No,64 Kbps,Call Center,Retail Outlet | Cash,West,3,Q1 FY2023-24,Replaced by Revised Pack,Withdrawn,Yes,1.5GB/Day,64 Kbps,Vi Movies & TV Access,17-Mar-23,06-Feb-25
499,₹499.00 (GST Inclusive @18% | Base ₹422.88 + GST ₹76.12),Unlimited,Vi Hero Unlimited 499 (Legacy),15-Apr-23,02-Feb-25,Inactive,"GUJ, MAH, MUM",UL Calls | 1.5GB/Day High-Speed Data | 100 SMS/Day | Unlimited 5G,26131687,1.Telco Benefits,5.FUP,Beyond 1.5GB/Day: Speed Capped at 64 Kbps,PLN-PRE-00045,Prepaid,Retail,Mass,Vi Hero Unlimited,Vodafone Idea,56,1.5GB/Day High-Speed Data,1.5,84,GB,Unlimited Calls (Local+STD+NR),100 SMS/Day,5600,Yes,Yes,No,NA,Free National Roaming,NA,NA,NA,No,64 Kbps,Call Center,Retail Outlet | Cash,West,3,Q1 FY2023-24,Replaced by Revised Pack,Withdrawn,Yes,1.5GB/Day,64 Kbps,Vi Movies & TV Access,17-Mar-23,06-Feb-25
499,₹499.00 (GST Inclusive @18% | Base ₹422.88 + GST ₹76.12),Unlimited,Vi Hero Unlimited 499 (Legacy),15-Apr-23,02-Feb-25,Inactive,"GUJ, MAH, MUM",UL Calls | 1.5GB/Day High-Speed Data | 100 SMS/Day | Unlimited 5G,26131687,3.Roaming Benefits,1.Roaming,No National Roaming Charges,PLN-PRE-00045,Prepaid,Retail,Mass,Vi Hero Unlimited,Vodafone Idea,56,1.5GB/Day High-Speed Data,1.5,84,GB,Unlimited Calls (Local+STD+NR),100 SMS/Day,5600,Yes,Yes,No,NA,Free National Roaming,NA,NA,NA,No,64 Kbps,Call Center,Retail Outlet | Cash,West,3,Q1 FY2023-24,Replaced by Revised Pack,Withdrawn,Yes,1.5GB/Day,64 Kbps,Vi Movies & TV Access,17-Mar-23,06-Feb-25
499,₹499.00 (GST Inclusive @18% | Base ₹422.88 + GST ₹76.12),Unlimited,Vi Hero Unlimited 499 (Legacy),15-Apr-23,02-Feb-25,Inactive,"GUJ, MAH, MUM",UL Calls | 1.5GB/Day High-Speed Data | 100 SMS/Day | Unlimited 5G,26131687,5.Additional Benefits,1.Additional Benefits,Vi Movies & TV Access,PLN-PRE-00045,Prepaid,Retail,Mass,Vi Hero Unlimited,Vodafone Idea,56,1.5GB/Day High-Speed Data,1.5,84,GB,Unlimited Calls (Local+STD+NR),100 SMS/Day,5600,Yes,Yes,No,NA,Free National Roaming,NA,NA,NA,No,64 Kbps,Call Center,Retail Outlet | Cash,West,3,Q1 FY2023-24,Replaced by Revised Pack,Withdrawn,Yes,1.5GB/Day,64 Kbps,Vi Movies & TV Access,17-Mar-23,06-Feb-25
299,₹299.00 + GST ₹53.82 (18%) = ₹352.82,Individual,Vi Max 299 (Legacy),02-Apr-24,19-Feb-25,Inactive,"ANE, APR, BIH, DEL, GUJ, HAR, HP, J&K, KAR, KER, KOL, MAH, MPCG, MUM, NE, ORI, PUN, RAJ, ROB, TN, UPE, UPW, WB",UL Calls | 22.5GB Total (Full Validity) | 3000SMS,26132160,1.Telco Benefits,1.Voice,Unlimited Calls (Local+STD+NR),PLN-POST-00016,Postpaid,Retail,Entry,Vi Max,Vodafone Idea,30,22.5GB Total (Full Validity),NA,22.5,GB,Unlimited Calls (Local+STD+NR),3000 SMS (Full Validity),3000,No,Yes,No,NA,Free National Roaming,NA,NA,NA,Yes,64 Kbps,Call Center,Third Party App (PhonePe/Paytm),Pan India,23,Q1 FY2024-25,Low Subscriber Uptake,Grandfathered,Yes,22.5GB/Validity,64 Kbps,Monthly Bill on Single Invoice | Unused Data Rollover,20-Jan-24,30-Mar-25
299,₹299.00 + GST ₹53.82 (18%) = ₹352.82,Individual,Vi Max 299 (Legacy),02-Apr-24,19-Feb-25,Inactive,"ANE, APR, BIH, DEL, GUJ, HAR, HP, J&K, KAR, KER, KOL, MAH, MPCG, MUM, NE, ORI, PUN, RAJ, ROB, TN, UPE, UPW, WB",UL Calls | 22.5GB Total (Full Validity) | 3000SMS,26132160,1.Telco Benefits,2.Data,22.5GB Data Pack (Validity Based),PLN-POST-00016,Postpaid,Retail,Entry,Vi Max,Vodafone Idea,30,22.5GB Total (Full Validity),NA,22.5,GB,Unlimited Calls (Local+STD+NR),3000 SMS (Full Validity),3000,No,Yes,No,NA,Free National Roaming,NA,NA,NA,Yes,64 Kbps,Call Center,Third Party App (PhonePe/Paytm),Pan India,23,Q1 FY2024-25,Low Subscriber Uptake,Grandfathered,Yes,22.5GB/Validity,64 Kbps,Monthly Bill on Single Invoice | Unused Data Rollover,20-Jan-24,30-Mar-25
299,₹299.00 + GST ₹53.82 (18%) = ₹352.82,Individual,Vi Max 299 (Legacy),02-Apr-24,19-Feb-25,Inactive,"ANE, APR, BIH, DEL, GUJ, HAR, HP, J&K, KAR, KER, KOL, MAH, MPCG, MUM, NE, ORI, PUN, RAJ, ROB, TN, UPE, UPW, WB",UL Calls | 22.5GB Total (Full Validity) | 3000SMS,26132160,1.Telco Benefits,3.SMS,3000 SMS (Full Validity),PLN-POST-00016,Postpaid,Retail,Entry,Vi Max,Vodafone Idea,30,22.5GB Total (Full Validity),NA,22.5,GB,Unlimited Calls (Local+STD+NR),3000 SMS (Full Validity),3000,No,Yes,No,NA,Free National Roaming,NA,NA,NA,Yes,64 Kbps,Call Center,Third Party App (PhonePe/Paytm),Pan India,23,Q1 FY2024-25,Low Subscriber Uptake,Grandfathered,Yes,22.5GB/Validity,64 Kbps,Monthly Bill on Single Invoice | Unused Data Rollover,20-Jan-24,30-Mar-25
299,₹299.00 + GST ₹53.82 (18%) = ₹352.82,Individual,Vi Max 299 (Legacy),02-Apr-24,19-Feb-25,Inactive,"ANE, APR, BIH, DEL, GUJ, HAR, HP, J&K, KAR, KER, KOL, MAH, MPCG, MUM, NE, ORI, PUN, RAJ, ROB, TN, UPE, UPW, WB",UL Calls | 22.5GB Total (Full Validity) | 3000SMS,26132160,1.Telco Benefits,4.Validity,30 Days Validity,PLN-POST-00016,Postpaid,Retail,Entry,Vi Max,Vodafone Idea,30,22.5GB Total (Full Validity),NA,22.5,GB,Unlimited Calls (Local+STD+NR),3000 SMS (Full Validity),3000,No,Yes,No,NA,Free National Roaming,NA,NA,NA,Yes,64 Kbps,Call Center,Third Party App (PhonePe/Paytm),Pan India,23,Q1 FY2024-25,Low Subscriber Uptake,Grandfathered,Yes,22.5GB/Validity,64 Kbps,Monthly Bill on Single Invoice | Unused Data Rollover,20-Jan-24,30-Mar-25
299,₹299.00 + GST ₹53.82 (18%) = ₹352.82,Individual,Vi Max 299 (Legacy),02-Apr-24,19-Feb-25,Inactive,"ANE, APR, BIH, DEL, GUJ, HAR, HP, J&K, KAR, KER, KOL, MAH, MPCG, MUM, NE, ORI, PUN, RAJ, ROB, TN, UPE, UPW, WB",UL Calls | 22.5GB Total (Full Validity) | 3000SMS,26132160,1.Telco Benefits,5.FUP,"FUP Limit 22.5GB/Validity, Throttled to 64 Kbps Thereafter",PLN-POST-00016,Postpaid,Retail,Entry,Vi Max,Vodafone Idea,30,22.5GB Total (Full Validity),NA,22.5,GB,Unlimited Calls (Local+STD+NR),3000 SMS (Full Validity),3000,No,Yes,No,NA,Free National Roaming,NA,NA,NA,Yes,64 Kbps,Call Center,Third Party App (PhonePe/Paytm),Pan India,23,Q1 FY2024-25,Low Subscriber Uptake,Grandfathered,Yes,22.5GB/Validity,64 Kbps,Monthly Bill on Single Invoice | Unused Data Rollover,20-Jan-24,30-Mar-25
299,₹299.00 + GST ₹53.82 (18%) = ₹352.82,Individual,Vi Max 299 (Legacy),02-Apr-24,19-Feb-25,Inactive,"ANE, APR, BIH, DEL, GUJ, HAR, HP, J&K, KAR, KER, KOL, MAH, MPCG, MUM, NE, ORI, PUN, RAJ, ROB, TN, UPE, UPW, WB",UL Calls | 22.5GB Total (Full Validity) | 3000SMS,26132160,3.Roaming Benefits,1.Roaming,Free National Roaming (Incoming+Outgoing),PLN-POST-00016,Postpaid,Retail,Entry,Vi Max,Vodafone Idea,30,22.5GB Total (Full Validity),NA,22.5,GB,Unlimited Calls (Local+STD+NR),3000 SMS (Full Validity),3000,No,Yes,No,NA,Free National Roaming,NA,NA,NA,Yes,64 Kbps,Call Center,Third Party App (PhonePe/Paytm),Pan India,23,Q1 FY2024-25,Low Subscriber Uptake,Grandfathered,Yes,22.5GB/Validity,64 Kbps,Monthly Bill on Single Invoice | Unused Data Rollover,20-Jan-24,30-Mar-25
299,₹299.00 + GST ₹53.82 (18%) = ₹352.82,Individual,Vi Max 299 (Legacy),02-Apr-24,19-Feb-25,Inactive,"ANE, APR, BIH, DEL, GUJ, HAR, HP, J&K, KAR, KER, KOL, MAH, MPCG, MUM, NE, ORI, PUN, RAJ, ROB, TN, UPE, UPW, WB",UL Calls | 22.5GB Total (Full Validity) | 3000SMS,26132160,5.Additional Benefits,1.Additional Benefits,Monthly Bill on Single Invoice | Unused Data Rollover,PLN-POST-00016,Postpaid,Retail,Entry,Vi Max,Vodafone Idea,30,22.5GB Total (Full Validity),NA,22.5,GB,Unlimited Calls (Local+STD+NR),3000 SMS (Full Validity),3000,No,Yes,No,NA,Free National Roaming,NA,NA,NA,Yes,64 Kbps,Call Center,Third Party App (PhonePe/Paytm),Pan India,23,Q1 FY2024-25,Low Subscriber Uptake,Grandfathered,Yes,22.5GB/Validity,64 Kbps,Monthly Bill on Single Invoice | Unused Data Rollover,20-Jan-24,30-Mar-25
1199,₹1199.00 (GST Inclusive @18% | Base ₹1016.10 + GST ₹182.90),Unlimited,Vi Hero Unlimited 1199 (Legacy),12-Jan-24,04-Jan-26,Inactive,"ANE, APR, BIH, DEL, GUJ, HAR, HP, J&K, KAR, KER, KOL, MAH, MPCG, MUM, NE, ORI, PUN, RAJ, ROB, TN, UPE, UPW, WB",UL Calls | 2.5GB/Day High-Speed Data | 100 SMS/Day | Unlimited 5G,26132690,1.Telco Benefits,1.Voice,Unlimited Calls (Local+STD+NR),PLN-PRE-00046,Prepaid,Retail,Premium,Vi Hero Unlimited,Vodafone Idea,84,2.5GB/Day High-Speed Data,2.5,210,GB,Unlimited Calls (Local+STD+NR),100 SMS/Day,8400,Yes,Yes,No,NA,Free National Roaming,NA,NA,NA,No,64 Kbps,Call Center,Website | Netbanking,Pan India,23,Q4 FY2023-24,Regulatory Tariff Revision,Withdrawn,No,2.5GB/Day,64 Kbps,Vi Movies & TV Access,12-Dec-23,20-Jan-26
1199,₹1199.00 (GST Inclusive @18% | Base ₹1016.10 + GST ₹182.90),Unlimited,Vi Hero Unlimited 1199 (Legacy),12-Jan-24,04-Jan-26,Inactive,"ANE, APR, BIH, DEL, GUJ, HAR, HP, J&K, KAR, KER, KOL, MAH, MPCG, MUM, NE, ORI, PUN, RAJ, ROB, TN, UPE, UPW, WB",UL Calls | 2.5GB/Day High-Speed Data | 100 SMS/Day | Unlimited 5G,26132690,1.Telco Benefits,2.Data,2.5GB/Day High-Speed Data,PLN-PRE-00046,Prepaid,Retail,Premium,Vi Hero Unlimited,Vodafone Idea,84,2.5GB/Day High-Speed Data,2.5,210,GB,Unlimited Calls (Local+STD+NR),100 SMS/Day,8400,Yes,Yes,No,NA,Free National Roaming,NA,NA,NA,No,64 Kbps,Call Center,Website | Netbanking,Pan India,23,Q4 FY2023-24,Regulatory Tariff Revision,Withdrawn,No,2.5GB/Day,64 Kbps,Vi Movies & TV Access,12-Dec-23,20-Jan-26
1199,₹1199.00 (GST Inclusive @18% | Base ₹1016.10 + GST ₹182.90),Unlimited,Vi Hero Unlimited 1199 (Legacy),12-Jan-24,04-Jan-26,Inactive,"ANE, APR, BIH, DEL, GUJ, HAR, HP, J&K, KAR, KER, KOL, MAH, MPCG, MUM, NE, ORI, PUN, RAJ, ROB, TN, UPE, UPW, WB",UL Calls | 2.5GB/Day High-Speed Data | 100 SMS/Day | Unlimited 5G,26132690,1.Telco Benefits,2.Data,Reduced Speed (64kbps) After Daily Data Exhausted,PLN-PRE-00046,Prepaid,Retail,Premium,Vi Hero Unlimited,Vodafone Idea,84,2.5GB/Day High-Speed Data,2.5,210,GB,Unlimited Calls (Local+STD+NR),100 SMS/Day,8400,Yes,Yes,No,NA,Free National Roaming,NA,NA,NA,No,64 Kbps,Call Center,Website | Netbanking,Pan India,23,Q4 FY2023-24,Regulatory Tariff Revision,Withdrawn,No,2.5GB/Day,64 Kbps,Vi Movies & TV Access,12-Dec-23,20-Jan-26
1199,₹1199.00 (GST Inclusive @18% | Base ₹1016.10 + GST ₹182.90),Unlimited,Vi Hero Unlimited 1199 (Legacy),12-Jan-24,04-Jan-26,Inactive,"ANE, APR, BIH, DEL, GUJ, HAR, HP, J&K, KAR, KER, KOL, MAH, MPCG, MUM, NE, ORI, PUN, RAJ, ROB, TN, UPE, UPW, WB",UL Calls | 2.5GB/Day High-Speed Data | 100 SMS/Day | Unlimited 5G,26132690,1.Telco Benefits,2.Data,Unlimited 5G DATA in cities where 5G is launched,PLN-PRE-00046,Prepaid,Retail,Premium,Vi Hero Unlimited,Vodafone Idea,84,2.5GB/Day High-Speed Data,2.5,210,GB,Unlimited Calls (Local+STD+NR),100 SMS/Day,8400,Yes,Yes,No,NA,Free National Roaming,NA,NA,NA,No,64 Kbps,Call Center,Website | Netbanking,Pan India,23,Q4 FY2023-24,Regulatory Tariff Revision,Withdrawn,No,2.5GB/Day,64 Kbps,Vi Movies & TV Access,12-Dec-23,20-Jan-26
1199,₹1199.00 (GST Inclusive @18% | Base ₹1016.10 + GST ₹182.90),Unlimited,Vi Hero Unlimited 1199 (Legacy),12-Jan-24,04-Jan-26,Inactive,"ANE, APR, BIH, DEL, GUJ, HAR, HP, J&K, KAR, KER, KOL, MAH, MPCG, MUM, NE, ORI, PUN, RAJ, ROB, TN, UPE, UPW, WB",UL Calls | 2.5GB/Day High-Speed Data | 100 SMS/Day | Unlimited 5G,26132690,1.Telco Benefits,3.SMS,100 Free SMS/Day,PLN-PRE-00046,Prepaid,Retail,Premium,Vi Hero Unlimited,Vodafone Idea,84,2.5GB/Day High-Speed Data,2.5,210,GB,Unlimited Calls (Local+STD+NR),100 SMS/Day,8400,Yes,Yes,No,NA,Free National Roaming,NA,NA,NA,No,64 Kbps,Call Center,Website | Netbanking,Pan India,23,Q4 FY2023-24,Regulatory Tariff Revision,Withdrawn,No,2.5GB/Day,64 Kbps,Vi Movies & TV Access,12-Dec-23,20-Jan-26
1199,₹1199.00 (GST Inclusive @18% | Base ₹1016.10 + GST ₹182.90),Unlimited,Vi Hero Unlimited 1199 (Legacy),12-Jan-24,04-Jan-26,Inactive,"ANE, APR, BIH, DEL, GUJ, HAR, HP, J&K, KAR, KER, KOL, MAH, MPCG, MUM, NE, ORI, PUN, RAJ, ROB, TN, UPE, UPW, WB",UL Calls | 2.5GB/Day High-Speed Data | 100 SMS/Day | Unlimited 5G,26132690,1.Telco Benefits,4.Validity,Validity: 84 Days,PLN-PRE-00046,Prepaid,Retail,Premium,Vi Hero Unlimited,Vodafone Idea,84,2.5GB/Day High-Speed Data,2.5,210,GB,Unlimited Calls (Local+STD+NR),100 SMS/Day,8400,Yes,Yes,No,NA,Free National Roaming,NA,NA,NA,No,64 Kbps,Call Center,Website | Netbanking,Pan India,23,Q4 FY2023-24,Regulatory Tariff Revision,Withdrawn,No,2.5GB/Day,64 Kbps,Vi Movies & TV Access,12-Dec-23,20-Jan-26
1199,₹1199.00 (GST Inclusive @18% | Base ₹1016.10 + GST ₹182.90),Unlimited,Vi Hero Unlimited 1199 (Legacy),12-Jan-24,04-Jan-26,Inactive,"ANE, APR, BIH, DEL, GUJ, HAR, HP, J&K, KAR, KER, KOL, MAH, MPCG, MUM, NE, ORI, PUN, RAJ, ROB, TN, UPE, UPW, WB",UL Calls | 2.5GB/Day High-Speed Data | 100 SMS/Day | Unlimited 5G,26132690,1.Telco Benefits,5.FUP,"FUP Limit 2.5GB/Day, Throttled to 64 Kbps Thereafter",PLN-PRE-00046,Prepaid,Retail,Premium,Vi Hero Unlimited,Vodafone Idea,84,2.5GB/Day High-Speed Data,2.5,210,GB,Unlimited Calls (Local+STD+NR),100 SMS/Day,8400,Yes,Yes,No,NA,Free National Roaming,NA,NA,NA,No,64 Kbps,Call Center,Website | Netbanking,Pan India,23,Q4 FY2023-24,Regulatory Tariff Revision,Withdrawn,No,2.5GB/Day,64 Kbps,Vi Movies & TV Access,12-Dec-23,20-Jan-26
1199,₹1199.00 (GST Inclusive @18% | Base ₹1016.10 + GST ₹182.90),Unlimited,Vi Hero Unlimited 1199 (Legacy),12-Jan-24,04-Jan-26,Inactive,"ANE, APR, BIH, DEL, GUJ, HAR, HP, J&K, KAR, KER, KOL, MAH, MPCG, MUM, NE, ORI, PUN, RAJ, ROB, TN, UPE, UPW, WB",UL Calls | 2.5GB/Day High-Speed Data | 100 SMS/Day | Unlimited 5G,26132690,3.Roaming Benefits,1.Roaming,Free National Roaming (Incoming+Outgoing),PLN-PRE-00046,Prepaid,Retail,Premium,Vi Hero Unlimited,Vodafone Idea,84,2.5GB/Day High-Speed Data,2.5,210,GB,Unlimited Calls (Local+STD+NR),100 SMS/Day,8400,Yes,Yes,No,NA,Free National Roaming,NA,NA,NA,No,64 Kbps,Call Center,Website | Netbanking,Pan India,23,Q4 FY2023-24,Regulatory Tariff Revision,Withdrawn,No,2.5GB/Day,64 Kbps,Vi Movies & TV Access,12-Dec-23,20-Jan-26
1199,₹1199.00 (GST Inclusive @18% | Base ₹1016.10 + GST ₹182.90),Unlimited,Vi Hero Unlimited 1199 (Legacy),12-Jan-24,04-Jan-26,Inactive,"ANE, APR, BIH, DEL, GUJ, HAR, HP, J&K, KAR, KER, KOL, MAH, MPCG, MUM, NE, ORI, PUN, RAJ, ROB, TN, UPE, UPW, WB",UL Calls | 2.5GB/Day High-Speed Data | 100 SMS/Day | Unlimited 5G,26132690,5.Additional Benefits,1.Additional Benefits,Vi Movies & TV Access,PLN-PRE-00046,Prepaid,Retail,Premium,Vi Hero Unlimited,Vodafone Idea,84,2.5GB/Day High-Speed Data,2.5,210,GB,Unlimited Calls (Local+STD+NR),100 SMS/Day,8400,Yes,Yes,No,NA,Free National Roaming,NA,NA,NA,No,64 Kbps,Call Center,Website | Netbanking,Pan India,23,Q4 FY2023-24,Regulatory Tariff Revision,Withdrawn,No,2.5GB/Day,64 Kbps,Vi Movies & TV Access,12-Dec-23,20-Jan-26
